
 	 Check Design Report (c)
	 ------------------- 
No subdesign's name is greater than 1.5k in length.

 Feedthrough Module(s)
 -------------------------
No feed through module in 'register_read'

  Unresolved References & Empty Modules
  ------------------------------------- 
No unresolved references in design 'register_read'

No empty modules in design 'register_read'

 Unloaded Pin(s), Port(s)
 -------------------------
No unloaded sequential element in 'register_read'

design 'register_read' has the following unloaded port(s)
port:register_read/dispatch_in[r_dst][4]
port:register_read/dispatch_in[r_dst][3]
port:register_read/dispatch_in[r_dst][2]
port:register_read/dispatch_in[r_dst][1]
port:register_read/dispatch_in[r_dst][0]
port:register_read/dispatch_in[p_src2_rdy]
port:register_read/dispatch_in[p_src1_rdy]
Total number of unloaded ports in design 'register_read' : 7

 Unloaded Combinational Pin(s)
 -------------------------------
No unloaded combinational element in 'register_read'

 Assigns
 ------- 
Total number of assign statements in design 'register_read' : 0

 Undriven Port(s)/Pin(s)
 ------------------------
No undriven combinational pin in 'register_read'

No undriven sequential pin in 'register_read'

No undriven hierarchical pin in 'register_read'

No undriven port in 'register_read'

 Multidriven Port(s)/Pin(s)
--------------------------

No multidriven combinational pin in 'register_read'

No multidriven sequential pin in 'register_read'

No multidriven hierarchical pin in 'register_read'

No multidriven ports in 'register_read'

No multidriven unloaded nets in 'register_read'

  Constant Pin(s)
  ----------------
No constant combinational pin(s) in design 'register_read'

No constant sequential pin(s) in design 'register_read'

No constant hierarchical pin(s) in design 'register_read'

No constant connected ports in design 'register_read'

  Preserved instances(s)
  ----------------
No preserved combinational instance(s) in design 'register_read'
No preserved sequential instance(s) in design 'register_read'
No preserved hierarchical instance(s) in design 'register_read'

  Physical only instances(s)
  ----------------
No physical only instance(s) in design 'register_read'

  Logical only instance(s) and linked libcells
    -----------------------------------------
design 'register_read' has following logical only instance(s)
inst:register_read/execute_out_reg[src1_data][30]
inst:register_read/execute_out_reg[src1_data][5]
inst:register_read/execute_out_reg[src1_data][4]
inst:register_read/execute_out_reg[src1_data][3]
inst:register_read/execute_out_reg[src1_data][2]
inst:register_read/execute_out_reg[src1_data][1]
inst:register_read/execute_out_reg[src1_data][31]
inst:register_read/execute_out_reg[src1_data][0]
inst:register_read/execute_out_reg[src1_data][29]
inst:register_read/execute_out_reg[src1_data][28]
inst:register_read/execute_out_reg[src1_data][27]
inst:register_read/execute_out_reg[src1_data][26]
inst:register_read/execute_out_reg[src1_data][25]
inst:register_read/execute_out_reg[src1_data][24]
inst:register_read/execute_out_reg[src1_data][22]
inst:register_read/execute_out_reg[src1_data][13]
inst:register_read/execute_out_reg[src1_data][19]
inst:register_read/execute_out_reg[src1_data][18]
inst:register_read/execute_out_reg[src1_data][17]
inst:register_read/execute_out_reg[src1_data][16]
inst:register_read/execute_out_reg[src1_data][15]
inst:register_read/execute_out_reg[src1_data][14]
inst:register_read/execute_out_reg[src1_data][21]
inst:register_read/execute_out_reg[src1_data][12]
inst:register_read/execute_out_reg[src1_data][11]
inst:register_read/execute_out_reg[src1_data][10]
inst:register_read/execute_out_reg[src1_data][9]
inst:register_read/execute_out_reg[src1_data][8]
inst:register_read/execute_out_reg[src1_data][7]
inst:register_read/execute_out_reg[src1_data][6]
inst:register_read/execute_out_reg[src2_data][29]
inst:register_read/execute_out_reg[src2_data][3]
inst:register_read/execute_out_reg[src2_data][19]
inst:register_read/execute_out_reg[src2_data][1]
inst:register_read/execute_out_reg[src2_data][9]
inst:register_read/execute_out_reg[src1_data][23]
inst:register_read/execute_out_reg[src2_data][28]
inst:register_read/execute_out_reg[src1_data][20]
inst:register_read/execute_out_reg[src2_data][8]
inst:register_read/g260198__2398
inst:register_read/g260174__5107
inst:register_read/g260170__6260
inst:register_read/g260196__4319
inst:register_read/g260178__8428
inst:register_read/g260197__5526
inst:register_read/g260185__6783
inst:register_read/g260195__3680
inst:register_read/g260172__1617
inst:register_read/g260199__2802
inst:register_read/g260171__1705
inst:register_read/g260186__5122
inst:register_read/g260200__8246
inst:register_read/g260201__7098
inst:register_read/g260175__6131
inst:register_read/g260176__1881
inst:register_read/g260202__5115
inst:register_read/g260180__7482
inst:register_read/g260204__4733
inst:register_read/g260205__6161
inst:register_read/g260189__9315
inst:register_read/g260173__9945
inst:register_read/g260187__2883
inst:register_read/g260191__2346
inst:register_read/g260182__1666
inst:register_read/g260177__7410
inst:register_read/g260192__6417
inst:register_read/g260193__5477
inst:register_read/g260183__2398
inst:register_read/g260194__5107
inst:register_read/g260184__6260
inst:register_read/g260179__4319
inst:register_read/execute_out_reg[src2_data][12]
inst:register_read/execute_out_reg[src2_data][4]
inst:register_read/execute_out_reg[src2_data][20]
inst:register_read/execute_out_reg[src2_data][21]
inst:register_read/execute_out_reg[src2_data][2]
inst:register_read/execute_out_reg[src2_data][31]
inst:register_read/execute_out_reg[src2_data][0]
inst:register_read/execute_out_reg[src2_data][18]
inst:register_read/execute_out_reg[src2_data][27]
inst:register_read/execute_out_reg[src2_data][17]
inst:register_read/execute_out_reg[src2_data][16]
inst:register_read/execute_out_reg[src2_data][15]
inst:register_read/execute_out_reg[src2_data][26]
inst:register_read/execute_out_reg[src2_data][14]
inst:register_read/execute_out_reg[src2_data][25]
inst:register_read/execute_out_reg[src2_data][13]
inst:register_read/execute_out_reg[src2_data][5]
inst:register_read/execute_out_reg[src2_data][11]
inst:register_read/execute_out_reg[src2_data][24]
inst:register_read/execute_out_reg[src2_data][10]
inst:register_read/execute_out_reg[src2_data][30]
inst:register_read/execute_out_reg[src2_data][23]
inst:register_read/execute_out_reg[src2_data][7]
inst:register_read/execute_out_reg[src2_data][22]
inst:register_read/execute_out_reg[src2_data][6]
inst:register_read/g260203__8428
inst:register_read/g260188__5526
inst:register_read/g260206__6783
inst:register_read/g260181__3680
inst:register_read/g260207__1617
inst:register_read/g260190__2802
inst:register_read/g260208__1705
inst:register_read/g260236__5122
inst:register_read/g260235__8246
inst:register_read/g260234__7098
inst:register_read/g260237__6131
inst:register_read/g260240__1881
inst:register_read/g260239__5115
inst:register_read/g260238__7482
inst:register_read/g260241__4733
inst:register_read/g260242__6161
inst:register_read/g260270__9315
inst:register_read/g260216__9945
inst:register_read/g260256__2883
inst:register_read/g260257__2346
inst:register_read/g260217__1666
inst:register_read/g260258__7410
inst:register_read/g260218__6417
inst:register_read/g260259__5477
inst:register_read/g260260__2398
inst:register_read/g260219__5107
inst:register_read/g260261__6260
inst:register_read/g260262__4319
inst:register_read/g260220__8428
inst:register_read/g260263__5526
inst:register_read/g260264__6783
inst:register_read/g260221__3680
inst:register_read/g260265__1617
inst:register_read/g260222__2802
inst:register_read/g260266__1705
inst:register_read/g260267__5122
inst:register_read/g260223__8246
inst:register_read/g260224__7098
inst:register_read/g260255__6131
inst:register_read/g260215__1881
inst:register_read/g260226__5115
inst:register_read/g260227__7482
inst:register_read/g260228__4733
inst:register_read/g260229__6161
inst:register_read/g260230__9315
inst:register_read/g260231__9945
inst:register_read/g260232__2883
inst:register_read/g260233__2346
inst:register_read/g260209__1666
inst:register_read/g260244__7410
inst:register_read/g260210__6417
inst:register_read/g260211__5477
inst:register_read/g260247__2398
inst:register_read/g260248__5107
inst:register_read/g260212__6260
inst:register_read/g260249__4319
inst:register_read/g260250__8428
inst:register_read/g260213__5526
inst:register_read/g260251__6783
inst:register_read/g260252__3680
inst:register_read/g260214__1617
inst:register_read/g260225__2802
inst:register_read/g260299__1705
inst:register_read/g260269__5122
inst:register_read/g260271__8246
inst:register_read/g260272__7098
inst:register_read/g260285__6131
inst:register_read/g260290__1881
inst:register_read/g260295__5115
inst:register_read/g260297__7482
inst:register_read/g260268__4733
inst:register_read/g260254__6161
inst:register_read/g260302__9315
inst:register_read/g260304__9945
inst:register_read/g260243__2883
inst:register_read/g260308__2346
inst:register_read/g260245__1666
inst:register_read/g260246__7410
inst:register_read/g260253__6417
inst:register_read/g260301__5477
inst:register_read/g260286__2398
inst:register_read/g260356__5107
inst:register_read/g260358__6260
inst:register_read/g260363__4319
inst:register_read/g260273__8428
inst:register_read/g260274__5526
inst:register_read/g260275__6783
inst:register_read/g260369__3680
inst:register_read/g260276__1617
inst:register_read/g260277__2802
inst:register_read/g260278__1705
inst:register_read/g260279__5122
inst:register_read/g260280__8246
inst:register_read/g260281__7098
inst:register_read/g260282__6131
inst:register_read/g260339__1881
inst:register_read/g260313__5115
inst:register_read/g260287__7482
inst:register_read/g260288__4733
inst:register_read/g260291__6161
inst:register_read/g260292__9315
inst:register_read/g260293__9945
inst:register_read/g260298__2883
inst:register_read/g260300__2346
inst:register_read/g260303__1666
inst:register_read/g260305__7410
inst:register_read/g260306__6417
inst:register_read/g260307__5477
inst:register_read/g260309__2398
inst:register_read/g260310__5107
inst:register_read/g260312__6260
inst:register_read/g260399__4319
inst:register_read/g260347__8428
inst:register_read/g260329__5526
inst:register_read/g260330__6783
inst:register_read/g260331__3680
inst:register_read/g260332__1617
inst:register_read/g260333__2802
inst:register_read/g260334__1705
inst:register_read/g260335__5122
inst:register_read/g260336__8246
inst:register_read/g260337__7098
inst:register_read/g260338__6131
inst:register_read/g260340__1881
inst:register_read/g260341__5115
inst:register_read/g260342__7482
inst:register_read/g260343__4733
inst:register_read/g260344__6161
inst:register_read/g260345__9315
inst:register_read/g260346__9945
inst:register_read/g260328__2883
inst:register_read/g260348__2346
inst:register_read/g260349__1666
inst:register_read/g260350__7410
inst:register_read/g260351__6417
inst:register_read/g260352__5477
inst:register_read/g260353__2398
inst:register_read/g260354__5107
inst:register_read/g260355__6260
inst:register_read/g260357__4319
inst:register_read/g260359__8428
inst:register_read/g260360__5526
inst:register_read/g260361__6783
inst:register_read/g260362__3680
inst:register_read/g260364__1617
inst:register_read/g260365__2802
inst:register_read/g260366__1705
inst:register_read/g260367__5122
inst:register_read/g260393__8246
inst:register_read/g260370__7098
inst:register_read/g260371__6131
inst:register_read/g260372__1881
inst:register_read/g260375__5115
inst:register_read/g260376__7482
inst:register_read/g260377__4733
inst:register_read/g260379__6161
inst:register_read/g260380__9315
inst:register_read/g260381__9945
inst:register_read/g260384__2883
inst:register_read/g260385__2346
inst:register_read/g260387__1666
inst:register_read/g260388__7410
inst:register_read/g260389__6417
inst:register_read/g260390__5477
inst:register_read/g260391__2398
inst:register_read/g260392__5107
inst:register_read/g260368__6260
inst:register_read/g260394__4319
inst:register_read/g260395__8428
inst:register_read/g260396__5526
inst:register_read/g260401__6783
inst:register_read/g260315__3680
inst:register_read/g260316__1617
inst:register_read/g260317__2802
inst:register_read/g260318__1705
inst:register_read/g260319__5122
inst:register_read/g260320__8246
inst:register_read/g260321__7098
inst:register_read/g260322__6131
inst:register_read/g260323__1881
inst:register_read/g260324__5115
inst:register_read/g260325__7482
inst:register_read/g260326__4733
inst:register_read/g260327__6161
inst:register_read/g260373__9315
inst:register_read/g260374__9945
inst:register_read/g260378__2883
inst:register_read/g260382__2346
inst:register_read/g260383__1666
inst:register_read/g260386__7410
inst:register_read/g260283__6417
inst:register_read/g260284__5477
inst:register_read/g260397__2398
inst:register_read/g260398__5107
inst:register_read/g260400__6260
inst:register_read/g260404__4319
inst:register_read/g260289__8428
inst:register_read/g260408__5526
inst:register_read/g260413__6783
inst:register_read/g260414__3680
inst:register_read/g260415__1617
inst:register_read/g260417__2802
inst:register_read/g260419__1705
inst:register_read/g260294__5122
inst:register_read/g260420__8246
inst:register_read/g260422__7098
inst:register_read/g260296__6131
inst:register_read/g260426__1881
inst:register_read/g260311__5115
inst:register_read/g260314__7482
inst:register_read/g260596__4733
inst:register_read/g260496__6161
inst:register_read/g260498__9315
inst:register_read/g260499__9945
inst:register_read/g260500__2883
inst:register_read/g260503__2346
inst:register_read/g260506__1666
inst:register_read/g260507__7410
inst:register_read/g260511__6417
inst:register_read/g260513__5477
inst:register_read/g260514__2398
inst:register_read/g260519__5107
inst:register_read/g260523__6260
inst:register_read/g260524__4319
inst:register_read/g260526__8428
inst:register_read/g260529__5526
inst:register_read/g260532__6783
inst:register_read/g260535__3680
inst:register_read/g260536__1617
inst:register_read/g260538__2802
inst:register_read/g260540__1705
inst:register_read/g260543__5122
inst:register_read/g260546__8246
inst:register_read/g260548__7098
inst:register_read/g260550__6131
inst:register_read/g260552__1881
inst:register_read/g260554__5115
inst:register_read/g260556__7482
inst:register_read/g260559__4733
inst:register_read/g260561__6161
inst:register_read/g260564__9315
inst:register_read/g260566__9945
inst:register_read/g260568__2883
inst:register_read/g260570__2346
inst:register_read/g260572__1666
inst:register_read/g260574__7410
inst:register_read/g260578__6417
inst:register_read/g260580__5477
inst:register_read/g260582__2398
inst:register_read/g260583__5107
inst:register_read/g260587__6260
inst:register_read/g260590__4319
inst:register_read/g260592__8428
inst:register_read/g260594__5526
inst:register_read/g260492__6783
inst:register_read/g260597__3680
inst:register_read/g260601__1617
inst:register_read/g260607__2802
inst:register_read/g260608__1705
inst:register_read/g260609__5122
inst:register_read/g260611__8246
inst:register_read/g260614__7098
inst:register_read/g260616__6131
inst:register_read/g260617__1881
inst:register_read/g260619__5115
inst:register_read/g260620__7482
inst:register_read/g260402__4733
inst:register_read/g260403__6161
inst:register_read/g260625__9315
inst:register_read/g260405__9945
inst:register_read/g260406__2883
inst:register_read/g260628__2346
inst:register_read/g260629__1666
inst:register_read/g260407__7410
inst:register_read/g260631__6417
inst:register_read/g260632__5477
inst:register_read/g260409__2398
inst:register_read/g260410__5107
inst:register_read/g260635__6260
inst:register_read/g260411__4319
inst:register_read/g260412__8428
inst:register_read/g260637__5526
inst:register_read/g260639__6783
inst:register_read/g260641__3680
inst:register_read/g260416__1617
inst:register_read/g260643__2802
inst:register_read/g260418__1705
inst:register_read/g260646__5122
inst:register_read/g260647__8246
inst:register_read/g260648__7098
inst:register_read/g260649__6131
inst:register_read/g260421__1881
inst:register_read/g260650__5115
inst:register_read/g260651__7482
inst:register_read/g260652__4733
inst:register_read/g260423__6161
inst:register_read/g260653__9315
inst:register_read/g260424__9945
inst:register_read/g260654__2883
inst:register_read/g260655__2346
inst:register_read/g260425__1666
inst:register_read/g260656__7410
inst:register_read/g260657__6417
inst:register_read/g260427__5477
inst:register_read/g260658__2398
inst:register_read/g260659__5107
inst:register_read/g260428__6260
inst:register_read/g260660__4319
inst:register_read/g260429__8428
inst:register_read/g260661__5526
inst:register_read/g260662__6783
inst:register_read/g260430__3680
inst:register_read/g260663__1617
inst:register_read/g260664__2802
inst:register_read/g260665__1705
inst:register_read/g260666__5122
inst:register_read/g260667__8246
inst:register_read/g260668__7098
inst:register_read/g260669__6131
inst:register_read/g260670__1881
inst:register_read/g260671__5115
inst:register_read/g260672__7482
inst:register_read/g260673__4733
inst:register_read/g260674__6161
inst:register_read/g260675__9315
inst:register_read/g260676__9945
inst:register_read/g260677__2883
inst:register_read/g260678__2346
inst:register_read/g260679__1666
inst:register_read/g260680__7410
inst:register_read/g260681__6417
inst:register_read/g260682__5477
inst:register_read/g260683__2398
inst:register_read/g260684__5107
inst:register_read/g260685__6260
inst:register_read/g260686__4319
inst:register_read/g260687__8428
inst:register_read/g260688__5526
inst:register_read/g260689__6783
inst:register_read/g260690__3680
inst:register_read/g260691__1617
inst:register_read/g260692__2802
inst:register_read/g260693__1705
inst:register_read/g260694__5122
inst:register_read/g260695__8246
inst:register_read/g260696__7098
inst:register_read/g260697__6131
inst:register_read/g260698__1881
inst:register_read/g260699__5115
inst:register_read/g260700__7482
inst:register_read/g260701__4733
inst:register_read/g260702__6161
inst:register_read/g260703__9315
inst:register_read/g260704__9945
inst:register_read/g260705__2883
inst:register_read/g260706__2346
inst:register_read/g260707__1666
inst:register_read/g260708__7410
inst:register_read/g260709__6417
inst:register_read/g260710__5477
inst:register_read/g260712__2398
inst:register_read/g260457__5107
inst:register_read/g260716__6260
inst:register_read/g260717__4319
inst:register_read/g260458__8428
inst:register_read/g260719__5526
inst:register_read/g260459__6783
inst:register_read/g260720__3680
inst:register_read/g260723__1617
inst:register_read/g260725__2802
inst:register_read/g260464__1705
inst:register_read/g260730__5122
inst:register_read/g260731__8246
inst:register_read/g260465__7098
inst:register_read/g260732__6131
inst:register_read/g260736__1881
inst:register_read/g260737__5115
inst:register_read/g260739__7482
inst:register_read/g260469__4733
inst:register_read/g260742__6161
inst:register_read/g260471__9315
inst:register_read/g260472__9945
inst:register_read/g260473__2883
inst:register_read/g260476__2346
inst:register_read/g260479__1666
inst:register_read/g260484__7410
inst:register_read/g260486__6417
inst:register_read/g260487__5477
inst:register_read/g260490__2398
inst:register_read/g260545__5107
inst:register_read/g260494__6260
inst:register_read/g260497__4319
inst:register_read/g260502__8428
inst:register_read/g260505__5526
inst:register_read/g260509__6783
inst:register_read/g260512__3680
inst:register_read/g260516__1617
inst:register_read/g260518__2802
inst:register_read/g260521__1705
inst:register_read/g260525__5122
inst:register_read/g260528__8246
inst:register_read/g260531__7098
inst:register_read/g260534__6131
inst:register_read/g260539__1881
inst:register_read/g260542__5115
inst:register_read/g260491__7482
inst:register_read/g260549__4733
inst:register_read/g260553__6161
inst:register_read/g260558__9315
inst:register_read/g260560__9945
inst:register_read/g260563__2883
inst:register_read/g260567__2346
inst:register_read/g260571__1666
inst:register_read/g260575__7410
inst:register_read/g260577__6417
inst:register_read/g260581__5477
inst:register_read/g260585__2398
inst:register_read/g260588__5107
inst:register_read/g260591__6260
inst:register_read/g260595__4319
inst:register_read/g260599__8428
inst:register_read/g260722__5526
inst:register_read/g260604__6783
inst:register_read/g260606__3680
inst:register_read/g260612__1617
inst:register_read/g260615__2802
inst:register_read/g260622__1705
inst:register_read/g260623__5122
inst:register_read/g260627__8246
inst:register_read/g260630__7098
inst:register_read/g260634__6131
inst:register_read/g260638__1881
inst:register_read/g260642__5115
inst:register_read/g260645__7482
inst:register_read/g260713__4733
inst:register_read/g260456__6161
inst:register_read/g260715__9315
inst:register_read/g260602__9945
inst:register_read/g260461__2883
inst:register_read/g260724__2346
inst:register_read/g260727__1666
inst:register_read/g260463__7410
inst:register_read/g260729__6417
inst:register_read/g260735__5477
inst:register_read/g260467__2398
inst:register_read/g260738__5107
inst:register_read/g260741__6260
inst:register_read/g260470__4319
inst:register_read/g260475__8428
inst:register_read/g260478__5526
inst:register_read/g260482__6783
inst:register_read/g260483__3680
inst:register_read/g260489__1617
inst:register_read/g260852__2802
inst:register_read/g260774__1705
inst:register_read/g260775__5122
inst:register_read/g260493__8246
inst:register_read/g260776__7098
inst:register_read/g260777__6131
inst:register_read/g260778__1881
inst:register_read/g260495__5115
inst:register_read/g260779__7482
inst:register_read/g260780__4733
inst:register_read/g260781__6161
inst:register_read/g260782__9315
inst:register_read/g260785__9945
inst:register_read/g260501__2883
inst:register_read/g260789__2346
inst:register_read/g260790__1666
inst:register_read/g260504__7410
inst:register_read/g260798__6417
inst:register_read/g260799__5477
inst:register_read/g260800__2398
inst:register_read/g260508__5107
inst:register_read/g260805__6260
inst:register_read/g260510__4319
inst:register_read/g260812__8428
inst:register_read/g260813__5526
inst:register_read/g260515__6783
inst:register_read/g260818__3680
inst:register_read/g260517__1617
inst:register_read/g260821__2802
inst:register_read/g260823__1705
inst:register_read/g260520__5122
inst:register_read/g260826__8246
inst:register_read/g260827__7098
inst:register_read/g260829__6131
inst:register_read/g260522__1881
inst:register_read/g260836__5115
inst:register_read/g260527__7482
inst:register_read/g260841__4733
inst:register_read/g260530__6161
inst:register_read/g260846__9315
inst:register_read/g260849__9945
inst:register_read/g260533__2883
inst:register_read/g260773__2346
inst:register_read/g260853__1666
inst:register_read/g260857__7410
inst:register_read/g260537__6417
inst:register_read/g260861__5477
inst:register_read/g260864__2398
inst:register_read/g260541__5107
inst:register_read/g260869__6260
inst:register_read/g260872__4319
inst:register_read/g260544__8428
inst:register_read/g260874__5526
inst:register_read/g260878__6783
inst:register_read/g260547__3680
inst:register_read/g260883__1617
inst:register_read/g260886__2802
inst:register_read/g260551__1705
inst:register_read/g260892__5122
inst:register_read/g260894__8246
inst:register_read/g260555__7098
inst:register_read/g260896__6131
inst:register_read/g260898__1881
inst:register_read/g260899__5115
inst:register_read/g260557__7482
inst:register_read/g260900__4733
inst:register_read/g260901__6161
inst:register_read/g260902__9315
inst:register_read/g260903__9945
inst:register_read/g260904__2883
inst:register_read/g260905__2346
inst:register_read/g260906__1666
inst:register_read/g260907__7410
inst:register_read/g260908__6417
inst:register_read/g260909__5477
inst:register_read/g260562__2398
inst:register_read/g260910__5107
inst:register_read/g260911__6260
inst:register_read/g260912__4319
inst:register_read/g260913__8428
inst:register_read/g260914__5526
inst:register_read/g260915__6783
inst:register_read/g260565__3680
inst:register_read/g260916__1617
inst:register_read/g260917__2802
inst:register_read/g260772__1705
inst:register_read/g260919__5122
inst:register_read/g260920__8246
inst:register_read/g260921__7098
inst:register_read/g260922__6131
inst:register_read/g260923__1881
inst:register_read/g260569__5115
inst:register_read/g260925__7482
inst:register_read/g260927__4733
inst:register_read/g260573__6161
inst:register_read/g260936__9315
inst:register_read/g260576__9945
inst:register_read/g260938__2883
inst:register_read/g260941__2346
inst:register_read/g260579__1666
inst:register_read/g260584__7410
inst:register_read/g260586__6417
inst:register_read/g260589__5477
inst:register_read/g260593__2398
inst:register_read/g260598__5107
inst:register_read/g260600__6260
inst:register_read/g260603__4319
inst:register_read/g260605__8428
inst:register_read/g260610__5526
inst:register_read/g260613__6783
inst:register_read/g260618__3680
inst:register_read/g260621__1617
inst:register_read/g260624__2802
inst:register_read/g260626__1705
inst:register_read/g260633__5122
inst:register_read/g260636__8246
inst:register_read/g260640__7098
inst:register_read/g260644__6131
inst:register_read/g260433__1881
inst:register_read/g260435__5115
inst:register_read/g260436__7482
inst:register_read/g260437__4733
inst:register_read/g260442__6161
inst:register_read/g260444__9315
inst:register_read/g260447__9945
inst:register_read/g260448__2883
inst:register_read/g260449__2346
inst:register_read/g260450__1666
inst:register_read/g260453__7410
inst:register_read/g260711__6417
inst:register_read/g260714__5477
inst:register_read/g260718__2398
inst:register_read/g260721__5107
inst:register_read/g260460__6260
inst:register_read/g260462__4319
inst:register_read/g260726__8428
inst:register_read/g260728__5526
inst:register_read/g260733__6783
inst:register_read/g260466__3680
inst:register_read/g260734__1617
inst:register_read/g260468__2802
inst:register_read/g260740__1705
inst:register_read/g260743__5122
inst:register_read/g260751__8246
inst:register_read/g260474__7098
inst:register_read/g260752__6131
inst:register_read/g260753__1881
inst:register_read/g260754__5115
inst:register_read/g260755__7482
inst:register_read/g260477__4733
inst:register_read/g260756__6161
inst:register_read/g260757__9315
inst:register_read/g260758__9945
inst:register_read/g260480__2883
inst:register_read/g260759__2346
inst:register_read/g260760__1666
inst:register_read/g260481__7410
inst:register_read/g260761__6417
inst:register_read/g260762__5477
inst:register_read/g260763__2398
inst:register_read/g260764__5107
inst:register_read/g260765__6260
inst:register_read/g260485__4319
inst:register_read/g260766__8428
inst:register_read/g260767__5526
inst:register_read/g260768__6783
inst:register_read/g260769__3680
inst:register_read/g260488__1617
inst:register_read/g260770__2802
inst:register_read/g260771__1705
inst:register_read/g260918__5122
inst:register_read/g261737__8246
inst:register_read/g261342__7098
inst:register_read/g261348__6131
inst:register_read/g261358__1881
inst:register_read/g261359__5115
inst:register_read/g260783__7482
inst:register_read/g260784__4733
inst:register_read/g261371__6161
inst:register_read/g260786__9315
inst:register_read/g260787__9945
inst:register_read/g260788__2883
inst:register_read/g261378__2346
inst:register_read/g261379__1666
inst:register_read/g260791__7410
inst:register_read/g260792__6417
inst:register_read/g260793__5477
inst:register_read/g261388__2398
inst:register_read/g260794__5107
inst:register_read/g260795__6260
inst:register_read/g260796__4319
inst:register_read/g260797__8428
inst:register_read/g261397__5526
inst:register_read/g261398__6783
inst:register_read/g261400__3680
inst:register_read/g260801__1617
inst:register_read/g260802__2802
inst:register_read/g261406__1705
inst:register_read/g260803__5122
inst:register_read/g260804__8246
inst:register_read/g260806__7098
inst:register_read/g260807__6131
inst:register_read/g260808__1881
inst:register_read/g261417__5115
inst:register_read/g260809__7482
inst:register_read/g260810__4733
inst:register_read/g260811__6161
inst:register_read/g260814__9315
inst:register_read/g261430__9945
inst:register_read/g260815__2883
inst:register_read/g261431__2346
inst:register_read/g260816__1666
inst:register_read/g260817__7410
inst:register_read/g260819__6417
inst:register_read/g260820__5477
inst:register_read/g260822__2398
inst:register_read/g261446__5107
inst:register_read/g260824__6260
inst:register_read/g260825__4319
inst:register_read/g261453__8428
inst:register_read/g261454__5526
inst:register_read/g260828__6783
inst:register_read/g260830__3680
inst:register_read/g260831__1617
inst:register_read/g261463__2802
inst:register_read/g260832__1705
inst:register_read/g261466__5122
inst:register_read/g260833__8246
inst:register_read/g260834__7098
inst:register_read/g260835__6131
inst:register_read/g261471__1881
inst:register_read/g260837__5115
inst:register_read/g260838__7482
inst:register_read/g260839__4733
inst:register_read/g261479__6161
inst:register_read/g260840__9315
inst:register_read/g261483__9945
inst:register_read/g260842__2883
inst:register_read/g260843__2346
inst:register_read/g260844__1666
inst:register_read/g260845__7410
inst:register_read/g261491__6417
inst:register_read/g260847__5477
inst:register_read/g260848__2398
inst:register_read/g260850__5107
inst:register_read/g260851__6260
inst:register_read/g261507__4319
inst:register_read/g260854__8428
inst:register_read/g261508__5526
inst:register_read/g260855__6783
inst:register_read/g261510__3680
inst:register_read/g260856__1617
inst:register_read/g261512__2802
inst:register_read/g260858__1705
inst:register_read/g260859__5122
inst:register_read/g260860__8246
inst:register_read/g260862__7098
inst:register_read/g261525__6131
inst:register_read/g260863__1881
inst:register_read/g261529__5115
inst:register_read/g260865__7482
inst:register_read/g260866__4733
inst:register_read/g260867__6161
inst:register_read/g260868__9315
inst:register_read/g261536__9945
inst:register_read/g260870__2883
inst:register_read/g260871__2346
inst:register_read/g260873__1666
inst:register_read/g260875__7410
inst:register_read/g260876__6417
inst:register_read/g260877__5477
inst:register_read/g261555__2398
inst:register_read/g260879__5107
inst:register_read/g261558__6260
inst:register_read/g260880__4319
inst:register_read/g261560__8428
inst:register_read/g260881__5526
inst:register_read/g260882__6783
inst:register_read/g260884__3680
inst:register_read/g260885__1617
inst:register_read/g260887__2802
inst:register_read/g261575__1705
inst:register_read/g260888__5122
inst:register_read/g260889__8246
inst:register_read/g260890__7098
inst:register_read/g260891__6131
inst:register_read/g261582__1881
inst:register_read/g261585__5115
inst:register_read/g260893__7482
inst:register_read/g261587__4733
inst:register_read/g261588__6161
inst:register_read/g260895__9315
inst:register_read/g260897__9945
inst:register_read/g261596__2883
inst:register_read/g261601__2346
inst:register_read/g261609__1666
inst:register_read/g261614__7410
inst:register_read/g261615__6417
inst:register_read/g261622__5477
inst:register_read/g261636__2398
inst:register_read/g261639__5107
inst:register_read/g261643__6260
inst:register_read/g261644__4319
inst:register_read/g261646__8428
inst:register_read/g260924__5526
inst:register_read/g261650__6783
inst:register_read/g260926__3680
inst:register_read/g260928__1617
inst:register_read/g261657__2802
inst:register_read/g260929__1705
inst:register_read/g260930__5122
inst:register_read/g260931__8246
inst:register_read/g260932__7098
inst:register_read/g260933__6131
inst:register_read/g261667__1881
inst:register_read/g260934__5115
inst:register_read/g260935__7482
inst:register_read/g261672__4733
inst:register_read/g260937__6161
inst:register_read/g260939__9315
inst:register_read/g260940__9945
inst:register_read/g260942__2883
inst:register_read/g261691__2346
inst:register_read/g261698__1666
inst:register_read/g261700__7410
inst:register_read/g261704__6417
inst:register_read/g261705__5477
inst:register_read/g261707__2398
inst:register_read/g261710__5107
inst:register_read/g261711__6260
inst:register_read/g261718__4319
inst:register_read/g261719__8428
inst:register_read/g261720__5526
inst:register_read/g261723__6783
inst:register_read/g261724__3680
inst:register_read/g261725__1617
inst:register_read/g261727__2802
inst:register_read/g261730__1705
inst:register_read/g261733__5122
inst:register_read/g261736__8246
inst:register_read/g261341__7098
inst:register_read/g261740__6131
inst:register_read/g261743__1881
inst:register_read/g261747__5115
inst:register_read/g261749__7482
inst:register_read/g261753__4733
inst:register_read/g261754__6161
inst:register_read/g261758__9315
inst:register_read/g261760__9945
inst:register_read/g261761__2883
inst:register_read/g261763__2346
inst:register_read/g261764__1666
inst:register_read/g261768__7410
inst:register_read/g261769__6417
inst:register_read/g261771__5477
inst:register_read/g261775__2398
inst:register_read/g261777__5107
inst:register_read/g261780__6260
inst:register_read/g261781__4319
inst:register_read/g261786__8428
inst:register_read/g261787__5526
inst:register_read/g261792__6783
inst:register_read/g261793__3680
inst:register_read/g260979__1617
inst:register_read/g261794__2802
inst:register_read/g260982__1705
inst:register_read/g261800__5122
inst:register_read/g261803__8246
inst:register_read/g261804__7098
inst:register_read/g261810__6131
inst:register_read/g261811__1881
inst:register_read/g261812__5115
inst:register_read/g261818__7482
inst:register_read/g261819__4733
inst:register_read/g261822__6161
inst:register_read/g261823__9315
inst:register_read/g261825__9945
inst:register_read/g261829__2883
inst:register_read/g261833__2346
inst:register_read/g260999__1666
inst:register_read/g261834__7410
inst:register_read/g261838__6417
inst:register_read/g261841__5477
inst:register_read/g261842__2398
inst:register_read/g261843__5107
inst:register_read/g261005__6260
inst:register_read/g261848__4319
inst:register_read/g261007__8428
inst:register_read/g261853__5526
inst:register_read/g261854__6783
inst:register_read/g261856__3680
inst:register_read/g261860__1617
inst:register_read/g261862__2802
inst:register_read/g261864__1705
inst:register_read/g261866__5122
inst:register_read/g261867__8246
inst:register_read/g261872__7098
inst:register_read/g261873__6131
inst:register_read/g261878__1881
inst:register_read/g261880__5115
inst:register_read/g261883__7482
inst:register_read/g261884__4733
inst:register_read/g261886__6161
inst:register_read/g261888__9315
inst:register_read/g261889__9945
inst:register_read/g261890__2883
inst:register_read/g261029__2346
inst:register_read/g261894__1666
inst:register_read/g261895__7410
inst:register_read/g261030__6417
inst:register_read/g261899__5477
inst:register_read/g261900__2398
inst:register_read/g261901__5107
inst:register_read/g261904__6260
inst:register_read/g261035__4319
inst:register_read/g261907__8428
inst:register_read/g261909__5526
inst:register_read/g261038__6783
inst:register_read/g261913__3680
inst:register_read/g261914__1617
inst:register_read/g261919__2802
inst:register_read/g261921__1705
inst:register_read/g261926__5122
inst:register_read/g261927__8246
inst:register_read/g261932__7098
inst:register_read/g261049__6131
inst:register_read/g261052__1881
inst:register_read/g261941__5115
inst:register_read/g261053__7482
inst:register_read/g261954__4733
inst:register_read/g261955__6161
inst:register_read/g261060__9315
inst:register_read/g261963__9945
inst:register_read/g261967__2883
inst:register_read/g261969__2346
inst:register_read/g261067__1666
inst:register_read/g261975__7410
inst:register_read/g261986__6417
inst:register_read/g261078__5477
inst:register_read/g261994__2398
inst:register_read/g261998__5107
inst:register_read/g262005__6260
inst:register_read/g262011__4319
inst:register_read/g261088__8428
inst:register_read/g262012__5526
inst:register_read/g262013__6783
inst:register_read/g261089__3680
inst:register_read/g262014__1617
inst:register_read/g262020__2802
inst:register_read/g260431__1705
inst:register_read/g261098__5122
inst:register_read/g262031__8246
inst:register_read/g260432__7098
inst:register_read/g262041__6131
inst:register_read/g262044__1881
inst:register_read/g262045__5115
inst:register_read/g261106__7482
inst:register_read/g262049__4733
inst:register_read/g260434__6161
inst:register_read/g261109__9315
inst:register_read/g261120__9945
inst:register_read/g260438__2883
inst:register_read/g261127__2346
inst:register_read/g260439__1666
inst:register_read/g261128__7410
inst:register_read/g260440__6417
inst:register_read/g260441__5477
inst:register_read/g261137__2398
inst:register_read/g261139__5107
inst:register_read/g260443__6260
inst:register_read/g261149__4319
inst:register_read/g261151__8428
inst:register_read/g260445__5526
inst:register_read/g260446__6783
inst:register_read/g261158__3680
inst:register_read/g261166__1617
inst:register_read/g261167__2802
inst:register_read/g261172__1705
inst:register_read/g260451__5122
inst:register_read/g260452__8246
inst:register_read/g261184__7098
inst:register_read/g260454__6131
inst:register_read/g261191__1881
inst:register_read/g260455__5115
inst:register_read/g261193__7482
inst:register_read/g261209__4733
inst:register_read/g261214__6161
inst:register_read/g261232__9315
inst:register_read/g261236__9945
inst:register_read/g261248__2883
inst:register_read/g260744__2346
inst:register_read/g260745__1666
inst:register_read/g260746__7410
inst:register_read/g261259__6417
inst:register_read/g261260__5477
inst:register_read/g260747__2398
inst:register_read/g260748__5107
inst:register_read/g261262__6260
inst:register_read/g261263__4319
inst:register_read/g260749__8428
inst:register_read/g260750__5526
inst:register_read/g261284__6783
inst:register_read/g261285__3680
inst:register_read/g261290__1617
inst:register_read/g261293__2802
inst:register_read/g261296__1705
inst:register_read/g261303__5122
inst:register_read/g261311__8246
inst:register_read/g261319__7098
inst:register_read/g261320__6131
inst:register_read/g261323__1881
inst:register_read/g261329__5115
inst:register_read/g261836__7482
inst:register_read/g261344__4733
inst:register_read/g261347__6161
inst:register_read/g261353
inst:register_read/g261357
inst:register_read/g261364
inst:register_read/g261366
inst:register_read/g261370
inst:register_read/g261373
inst:register_read/g261374
inst:register_read/g261381
inst:register_read/g261386
inst:register_read/g261395
inst:register_read/g261401
inst:register_read/g261404
inst:register_read/g261410
inst:register_read/g261414
inst:register_read/g261423
inst:register_read/g261425
inst:register_read/g261427
inst:register_read/g261438
inst:register_read/g261441
inst:register_read/g261448
inst:register_read/g261452
inst:register_read/g261455
inst:register_read/g261456
inst:register_read/g261462
inst:register_read/g261472
inst:register_read/g261474
inst:register_read/g261478
inst:register_read/g261482
inst:register_read/g261492
inst:register_read/g261498
inst:register_read/g261500
inst:register_read/g261504
inst:register_read/g261509
inst:register_read/g261515
inst:register_read/g261521
inst:register_read/g261528
inst:register_read/g261530
inst:register_read/g261532
inst:register_read/g261543
inst:register_read/g261544
inst:register_read/g261550
inst:register_read/g261552
inst:register_read/g261559
inst:register_read/g261561
inst:register_read/g261569
inst:register_read/g261576
inst:register_read/g261578
inst:register_read/g261583
inst:register_read/g261584
inst:register_read/g261589
inst:register_read/g261590
inst:register_read/g261603
inst:register_read/g261606
inst:register_read/g261612
inst:register_read/g261616
inst:register_read/g261618
inst:register_read/g261630
inst:register_read/g261631
inst:register_read/g261632
inst:register_read/g261640
inst:register_read/g261642
inst:register_read/g261647
inst:register_read/g261656
inst:register_read/g261658
inst:register_read/g261665
inst:register_read/g261670
inst:register_read/g261673
inst:register_read/g261676
inst:register_read/g261683
inst:register_read/g261685
inst:register_read/g260943
inst:register_read/g261693
inst:register_read/g261694
inst:register_read/g261701
inst:register_read/g261702
inst:register_read/g261706
inst:register_read/g261709
inst:register_read/g261713
inst:register_read/g261714
inst:register_read/g261716
inst:register_read/g261721
inst:register_read/g261726
inst:register_read/g261729
inst:register_read/g261732
inst:register_read/g261734
inst:register_read/g261735
inst:register_read/g261741
inst:register_read/g261742
inst:register_read/g261745
inst:register_read/g261748
inst:register_read/g261751
inst:register_read/g261755
inst:register_read/g261757
inst:register_read/g261759
inst:register_read/g261762
inst:register_read/g261765
inst:register_read/g261770
inst:register_read/g261773
inst:register_read/g261776
inst:register_read/g261779
inst:register_read/g261782
inst:register_read/g261783
inst:register_read/g260976
inst:register_read/g261788
inst:register_read/g261789
inst:register_read/g261795
inst:register_read/g260980
inst:register_read/g261796
inst:register_read/g261799
inst:register_read/g260983
inst:register_read/g261802
inst:register_read/g261805
inst:register_read/g261807
inst:register_read/g261808
inst:register_read/g260988
inst:register_read/g261815
inst:register_read/g261817
inst:register_read/g260992
inst:register_read/g261820
inst:register_read/g261824
inst:register_read/g261826
inst:register_read/g261828
inst:register_read/g261830
inst:register_read/g261832
inst:register_read/g261338
inst:register_read/g261333
inst:register_read/g261002
inst:register_read/g261844
inst:register_read/g261847
inst:register_read/g261006
inst:register_read/g261849
inst:register_read/g261851
inst:register_read/g261009
inst:register_read/g261855
inst:register_read/g261857
inst:register_read/g261858
inst:register_read/g261863
inst:register_read/g261015
inst:register_read/g261868
inst:register_read/g261870
inst:register_read/g261875
inst:register_read/g261876
inst:register_read/g261879
inst:register_read/g261022
inst:register_read/g261882
inst:register_read/g261024
inst:register_read/g261885
inst:register_read/g261887
inst:register_read/g261027
inst:register_read/g261891
inst:register_read/g261897
inst:register_read/g261031
inst:register_read/g261898
inst:register_read/g261902
inst:register_read/g261906
inst:register_read/g261908
inst:register_read/g261911
inst:register_read/g261040
inst:register_read/g261916
inst:register_read/g261918
inst:register_read/g261920
inst:register_read/g261923
inst:register_read/g261925
inst:register_read/g261046
inst:register_read/g261929
inst:register_read/g261931
inst:register_read/g261051
inst:register_read/g261939
inst:register_read/g261940
inst:register_read/g261055
inst:register_read/g261947
inst:register_read/g261951
inst:register_read/g261059
inst:register_read/g261956
inst:register_read/g261061
inst:register_read/g261964
inst:register_read/g261068
inst:register_read/g261973
inst:register_read/g261976
inst:register_read/g261979
inst:register_read/g261980
inst:register_read/g261982
inst:register_read/g261074
inst:register_read/g261987
inst:register_read/g261988
inst:register_read/g261079
inst:register_read/g261997
inst:register_read/g261082
inst:register_read/g262002
inst:register_read/g262008
inst:register_read/g262009
inst:register_read/g262015
inst:register_read/g261091
inst:register_read/g262019
inst:register_read/g261095
inst:register_read/g261097
inst:register_read/g262030
inst:register_read/g262035
inst:register_read/g262038
inst:register_read/g262040
inst:register_read/g261103
inst:register_read/g262042
inst:register_read/g261105
inst:register_read/g262047
inst:register_read/g262052
inst:register_read/g261110
inst:register_read/g262056
inst:register_read/g261112
inst:register_read/g261119
inst:register_read/g261131
inst:register_read/g261132
inst:register_read/g261134
inst:register_read/g261140
inst:register_read/g261148
inst:register_read/g261154
inst:register_read/g261157
inst:register_read/g261161
inst:register_read/g261165
inst:register_read/g261168
inst:register_read/g261175
inst:register_read/g261177
inst:register_read/g261186
inst:register_read/g261187
inst:register_read/g261192
inst:register_read/g261195
inst:register_read/g261202
inst:register_read/g261212
inst:register_read/g261215
inst:register_read/g261222
inst:register_read/g261224
inst:register_read/g261233
inst:register_read/g261234
inst:register_read/g261238
inst:register_read/g261246
inst:register_read/g261251
inst:register_read/g261256
inst:register_read/g261261
inst:register_read/g261265
inst:register_read/g261266
inst:register_read/g261272
inst:register_read/g261276
inst:register_read/g261277
inst:register_read/g261288
inst:register_read/g261292
inst:register_read/g261299
inst:register_read/g261301
inst:register_read/g261307
inst:register_read/g261312
inst:register_read/g261315
inst:register_read/g261317
inst:register_read/g261321
inst:register_read/g261327
inst:register_read/g261839
inst:register_read/g261519
inst:register_read/g261336
inst:register_read/g261337
inst:register_read/g261339
inst:register_read/g261340
inst:register_read/g261343
inst:register_read/g261345
inst:register_read/g261346
inst:register_read/g262527
inst:register_read/g261351
inst:register_read/g261354
inst:register_read/g261355
inst:register_read/g262547
inst:register_read/g261356
inst:register_read/g261360
inst:register_read/g261361
inst:register_read/g261362
inst:register_read/g262560
inst:register_read/g261363
inst:register_read/g261365
inst:register_read/g261368
inst:register_read/g261369
inst:register_read/g261372
inst:register_read/g261376
inst:register_read/g261377
inst:register_read/g262590
inst:register_read/g261380
inst:register_read/g261382
inst:register_read/g262601
inst:register_read/g261383
inst:register_read/g261384
inst:register_read/g261385
inst:register_read/g262609
inst:register_read/g261389
inst:register_read/g261390
inst:register_read/g261391
inst:register_read/g262619
inst:register_read/g261392
inst:register_read/g261393
inst:register_read/g261394
inst:register_read/g262625
inst:register_read/g262626
inst:register_read/g261399
inst:register_read/g262634
inst:register_read/g261402
inst:register_read/g261403
inst:register_read/g262642
inst:register_read/g262645
inst:register_read/g262648
inst:register_read/g261408
inst:register_read/g261409
inst:register_read/g262656
inst:register_read/g261411
inst:register_read/g261412
inst:register_read/g262660
inst:register_read/g261413
inst:register_read/g262663
inst:register_read/g261415
inst:register_read/g261416
inst:register_read/g262671
inst:register_read/g261418
inst:register_read/g261419
inst:register_read/g262674
inst:register_read/g261420
inst:register_read/g261422
inst:register_read/g262680
inst:register_read/g262681
inst:register_read/g261424
inst:register_read/g261426
inst:register_read/g262688
inst:register_read/g261428
inst:register_read/g262694
inst:register_read/g261432
inst:register_read/g262700
inst:register_read/g261433
inst:register_read/g261434
inst:register_read/g262705
inst:register_read/g261435
inst:register_read/g261436
inst:register_read/g261437
inst:register_read/g262710
inst:register_read/g261440
inst:register_read/g262715
inst:register_read/g261442
inst:register_read/g262719
inst:register_read/g261443
inst:register_read/g262722
inst:register_read/g261444
inst:register_read/g261445
inst:register_read/g262726
inst:register_read/g261447
inst:register_read/g262733
inst:register_read/g261450
inst:register_read/g261451
inst:register_read/g262738
inst:register_read/g262745
inst:register_read/g261457
inst:register_read/g261458
inst:register_read/g261459
inst:register_read/g261460
inst:register_read/g262756
inst:register_read/g262757
inst:register_read/g261461
inst:register_read/g261464
inst:register_read/g261465
inst:register_read/g261467
inst:register_read/g261468
inst:register_read/g261469
inst:register_read/g261470
inst:register_read/g261473
inst:register_read/g261476
inst:register_read/g261477
inst:register_read/g261484
inst:register_read/g261485
inst:register_read/g262807
inst:register_read/g261486
inst:register_read/g261487
inst:register_read/g261489
inst:register_read/g262814
inst:register_read/g261490
inst:register_read/g261494
inst:register_read/g261495
inst:register_read/g261496
inst:register_read/g261497
inst:register_read/g261499
inst:register_read/g261501
inst:register_read/g261505
inst:register_read/g261513
inst:register_read/g261514
inst:register_read/g261516
inst:register_read/g261517
inst:register_read/g261518
inst:register_read/g261335
inst:register_read/g261522
inst:register_read/g261523
inst:register_read/g261524
inst:register_read/g261526
inst:register_read/g261527
inst:register_read/g261531
inst:register_read/g261534
inst:register_read/g261535
inst:register_read/g261537
inst:register_read/g261538
inst:register_read/g261539
inst:register_read/g261540
inst:register_read/g261541
inst:register_read/g261542
inst:register_read/g261545
inst:register_read/g261546
inst:register_read/g261547
inst:register_read/g261548
inst:register_read/g261549
inst:register_read/g261551
inst:register_read/g261554
inst:register_read/g261556
inst:register_read/g261562
inst:register_read/g261564
inst:register_read/g261565
inst:register_read/g261566
inst:register_read/g261567
inst:register_read/g261568
inst:register_read/g261570
inst:register_read/g261571
inst:register_read/g261572
inst:register_read/g261573
inst:register_read/g261574
inst:register_read/g261577
inst:register_read/g261579
inst:register_read/g261580
inst:register_read/g261591
inst:register_read/g261593
inst:register_read/g261594
inst:register_read/g261595
inst:register_read/g261597
inst:register_read/g261598
inst:register_read/g261599
inst:register_read/g261600
inst:register_read/g261602
inst:register_read/g261604
inst:register_read/g261607
inst:register_read/g261610
inst:register_read/g261611
inst:register_read/g261613
inst:register_read/g261617
inst:register_read/g261619
inst:register_read/g261620
inst:register_read/g261621
inst:register_read/g261623
inst:register_read/g261624
inst:register_read/g261625
inst:register_read/g261626
inst:register_read/g261627
inst:register_read/g261629
inst:register_read/g261633
inst:register_read/g261637
inst:register_read/g261638
inst:register_read/g261641
inst:register_read/g261648
inst:register_read/g261649
inst:register_read/g261651
inst:register_read/g261653
inst:register_read/g261655
inst:register_read/g261659
inst:register_read/g261660
inst:register_read/g261661
inst:register_read/g261662
inst:register_read/g261663
inst:register_read/g261664
inst:register_read/g261669
inst:register_read/g261671
inst:register_read/g261674
inst:register_read/g261677
inst:register_read/g261678
inst:register_read/g261679
inst:register_read/g261680
inst:register_read/g261681
inst:register_read/g261682
inst:register_read/g261684
inst:register_read/g261686
inst:register_read/g261687
inst:register_read/g261689
inst:register_read/g261690
inst:register_read/g260945
inst:register_read/g261692
inst:register_read/g261695
inst:register_read/g261696
inst:register_read/g260947
inst:register_read/g260949
inst:register_read/g260950
inst:register_read/g260951
inst:register_read/g260956
inst:register_read/g260957
inst:register_read/g260959
inst:register_read/g260962
inst:register_read/g260963
inst:register_read/g260964
inst:register_read/g260965
inst:register_read/g260966
inst:register_read/g260967
inst:register_read/g260970
inst:register_read/g260971
inst:register_read/g260975
inst:register_read/g260977
inst:register_read/g260978
inst:register_read/g260985
inst:register_read/g260987
inst:register_read/g260989
inst:register_read/g260990
inst:register_read/g260991
inst:register_read/g260993
inst:register_read/g260994
inst:register_read/g260995
inst:register_read/g260996
inst:register_read/g260997
inst:register_read/g260998
inst:register_read/g261001
inst:register_read/g261003
inst:register_read/g261004
inst:register_read/g261010
inst:register_read/g261011
inst:register_read/g261012
inst:register_read/g261013
inst:register_read/g261014
inst:register_read/g261016
inst:register_read/g261133
inst:register_read/g261018
inst:register_read/g261019
inst:register_read/g261020
inst:register_read/g261021
inst:register_read/g261023
inst:register_read/g261026
inst:register_read/g261028
inst:register_read/g261032
inst:register_read/g261033
inst:register_read/g261036
inst:register_read/g261037
inst:register_read/g261039
inst:register_read/g261042
inst:register_read/g261043
inst:register_read/g261044
inst:register_read/g261045
inst:register_read/g261047
inst:register_read/g261048
inst:register_read/g261933
inst:register_read/g261934
inst:register_read/g261935
inst:register_read/g261936
inst:register_read/g261938
inst:register_read/g261942
inst:register_read/g261943
inst:register_read/g261054
inst:register_read/g261944
inst:register_read/g261946
inst:register_read/g261948
inst:register_read/g261949
inst:register_read/g261057
inst:register_read/g261950
inst:register_read/g261058
inst:register_read/g261952
inst:register_read/g261953
inst:register_read/g261959
inst:register_read/g261960
inst:register_read/g261961
inst:register_read/g261063
inst:register_read/g261962
inst:register_read/g261064
inst:register_read/g261965
inst:register_read/g261065
inst:register_read/g261966
inst:register_read/g261066
inst:register_read/g261968
inst:register_read/g261970
inst:register_read/g261971
inst:register_read/g261972
inst:register_read/g261069
inst:register_read/g261974
inst:register_read/g261070
inst:register_read/g261071
inst:register_read/g261072
inst:register_read/g261981
inst:register_read/g261073
inst:register_read/g261983
inst:register_read/g261984
inst:register_read/g261075
inst:register_read/g261076
inst:register_read/g261077
inst:register_read/g261990
inst:register_read/g261991
inst:register_read/g261992
inst:register_read/g261993
inst:register_read/g261995
inst:register_read/g261080
inst:register_read/g261996
inst:register_read/g261081
inst:register_read/g261999
inst:register_read/g262000
inst:register_read/g262001
inst:register_read/g262003
inst:register_read/g261084
inst:register_read/g262004
inst:register_read/g261085
inst:register_read/g262006
inst:register_read/g262007
inst:register_read/g261086
inst:register_read/g261087
inst:register_read/g262010
inst:register_read/g261090
inst:register_read/g262018
inst:register_read/g261092
inst:register_read/g262021
inst:register_read/g261093
inst:register_read/g262022
inst:register_read/g262023
inst:register_read/g261094
inst:register_read/g262024
inst:register_read/g262025
inst:register_read/g262026
inst:register_read/g262027
inst:register_read/g261096
inst:register_read/g262028
inst:register_read/g262032
inst:register_read/g262033
inst:register_read/g261099
inst:register_read/g261100
inst:register_read/g262036
inst:register_read/g262037
inst:register_read/g262039
inst:register_read/g261104
inst:register_read/g262046
inst:register_read/g262048
inst:register_read/g261107
inst:register_read/g262050
inst:register_read/g262051
inst:register_read/g261108
inst:register_read/g262053
inst:register_read/g262054
inst:register_read/g262057
inst:register_read/g261111
inst:register_read/g262058
inst:register_read/g262059
inst:register_read/g262060
inst:register_read/g262061
inst:register_read/g261113
inst:register_read/g262062
inst:register_read/g261114
inst:register_read/g262065
inst:register_read/g261115
inst:register_read/g261117
inst:register_read/g261121
inst:register_read/g261122
inst:register_read/g261123
inst:register_read/g262082
inst:register_read/g261124
inst:register_read/g261125
inst:register_read/g261126
inst:register_read/g261130
inst:register_read/g261017
inst:register_read/g262102
inst:register_read/g262103
inst:register_read/g261135
inst:register_read/g261141
inst:register_read/g261142
inst:register_read/g261144
inst:register_read/g261145
inst:register_read/g261146
inst:register_read/g261147
inst:register_read/g261150
inst:register_read/g261152
inst:register_read/g261153
inst:register_read/g262145
inst:register_read/g261155
inst:register_read/g261156
inst:register_read/g262152
inst:register_read/g261160
inst:register_read/g261162
inst:register_read/g261164
inst:register_read/g262168
inst:register_read/g261169
inst:register_read/g262174
inst:register_read/g261170
inst:register_read/g261171
inst:register_read/g261173
inst:register_read/g261174
inst:register_read/g261176
inst:register_read/g261178
inst:register_read/g261179
inst:register_read/g261181
inst:register_read/g261182
inst:register_read/g261183
inst:register_read/g261185
inst:register_read/g262210
inst:register_read/g261188
inst:register_read/g261189
inst:register_read/g262222
inst:register_read/g261196
inst:register_read/g261197
inst:register_read/g261198
inst:register_read/g261199
inst:register_read/g261200
inst:register_read/g261201
inst:register_read/g262240
inst:register_read/g261204
inst:register_read/g261205
inst:register_read/g261206
inst:register_read/g261207
inst:register_read/g261208
inst:register_read/g262252
inst:register_read/g261210
inst:register_read/g261211
inst:register_read/g261213
inst:register_read/g262264
inst:register_read/g262265
inst:register_read/g261217
inst:register_read/g261218
inst:register_read/g261219
inst:register_read/g261220
inst:register_read/g261221
inst:register_read/g262279
inst:register_read/g261223
inst:register_read/g261225
inst:register_read/g261226
inst:register_read/g262289
inst:register_read/g261227
inst:register_read/g261228
inst:register_read/g261229
inst:register_read/g261230
inst:register_read/g261231
inst:register_read/g261235
inst:register_read/g261240
inst:register_read/g261241
inst:register_read/g261242
inst:register_read/g261243
inst:register_read/g261244
inst:register_read/g262325
inst:register_read/g261245
inst:register_read/g261247
inst:register_read/g261249
inst:register_read/g261250
inst:register_read/g261252
inst:register_read/g261253
inst:register_read/g261255
inst:register_read/g262346
inst:register_read/g261257
inst:register_read/g261258
inst:register_read/g261264
inst:register_read/g261267
inst:register_read/g261268
inst:register_read/g262372
inst:register_read/g261269
inst:register_read/g261271
inst:register_read/g261274
inst:register_read/g262385
inst:register_read/g261275
inst:register_read/g261278
inst:register_read/g261280
inst:register_read/g261282
inst:register_read/g262401
inst:register_read/g261283
inst:register_read/g261286
inst:register_read/g261287
inst:register_read/g262410
inst:register_read/g261289
inst:register_read/g262421
inst:register_read/g261294
inst:register_read/g261295
inst:register_read/g261297
inst:register_read/g261298
inst:register_read/g261300
inst:register_read/g261302
inst:register_read/g261304
inst:register_read/g262444
inst:register_read/g261305
inst:register_read/g261306
inst:register_read/g261308
inst:register_read/g261309
inst:register_read/g262454
inst:register_read/g261313
inst:register_read/g261314
inst:register_read/g261316
inst:register_read/g261324
inst:register_read/g262483
inst:register_read/g261325
inst:register_read/g261326
inst:register_read/g261328
inst:register_read/g261330
inst:register_read/g261331
inst:register_read/g262500
inst:register_read/g262501
inst:register_read/g262736
inst:register_read/g262509
inst:register_read/g262511
inst:register_read/g262512
inst:register_read/g262514
inst:register_read/g262515
inst:register_read/g262517
inst:register_read/g262519
inst:register_read/g262522
inst:register_read/g262523
inst:register_read/g262526
inst:register_read/g262532
inst:register_read/g262533
inst:register_read/g261349
inst:register_read/g262535
inst:register_read/g261350
inst:register_read/g262536
inst:register_read/g262538
inst:register_read/g261352
inst:register_read/g262539
inst:register_read/g262542
inst:register_read/g262545
inst:register_read/g262546
inst:register_read/g262549
inst:register_read/g262552
inst:register_read/g262555
inst:register_read/g262557
inst:register_read/g262558
inst:register_read/g262563
inst:register_read/g262565
inst:register_read/g262568
inst:register_read/g261367
inst:register_read/g262571
inst:register_read/g262572
inst:register_read/g262574
inst:register_read/g262576
inst:register_read/g262579
inst:register_read/g262580
inst:register_read/g262582
inst:register_read/g262585
inst:register_read/g261375
inst:register_read/g262588
inst:register_read/g262589
inst:register_read/g262591
inst:register_read/g262593
inst:register_read/g262596
inst:register_read/g262597
inst:register_read/g262600
inst:register_read/g262604
inst:register_read/g262606
inst:register_read/g262608
inst:register_read/g261387
inst:register_read/g262612
inst:register_read/g262613
inst:register_read/g262615
inst:register_read/g262616
inst:register_read/g262617
inst:register_read/g262618
inst:register_read/g262620
inst:register_read/g262622
inst:register_read/g262624
inst:register_read/g262627
inst:register_read/g261396
inst:register_read/g262628
inst:register_read/g262629
inst:register_read/g262631
inst:register_read/g262632
inst:register_read/g262635
inst:register_read/g262636
inst:register_read/g262637
inst:register_read/g262638
inst:register_read/g262639
inst:register_read/g262640
inst:register_read/g262643
inst:register_read/g262644
inst:register_read/g261405
inst:register_read/g262646
inst:register_read/g261407
inst:register_read/g262650
inst:register_read/g262651
inst:register_read/g262652
inst:register_read/g262653
inst:register_read/g262655
inst:register_read/g262657
inst:register_read/g262658
inst:register_read/g262661
inst:register_read/g262662
inst:register_read/g262664
inst:register_read/g262666
inst:register_read/g262667
inst:register_read/g262668
inst:register_read/g262670
inst:register_read/g262672
inst:register_read/g262673
inst:register_read/g262675
inst:register_read/g262677
inst:register_read/g261421
inst:register_read/g262678
inst:register_read/g262679
inst:register_read/g262683
inst:register_read/g262684
inst:register_read/g262686
inst:register_read/g262687
inst:register_read/g262689
inst:register_read/g262690
inst:register_read/g262691
inst:register_read/g262693
inst:register_read/g261429
inst:register_read/g262696
inst:register_read/g262697
inst:register_read/g262698
inst:register_read/g262699
inst:register_read/g262702
inst:register_read/g262703
inst:register_read/g262706
inst:register_read/g262707
inst:register_read/g262708
inst:register_read/g262709
inst:register_read/g262711
inst:register_read/g262713
inst:register_read/g261439
inst:register_read/g262714
inst:register_read/g262716
inst:register_read/g262718
inst:register_read/g262720
inst:register_read/g262723
inst:register_read/g262724
inst:register_read/g262725
inst:register_read/g262727
inst:register_read/g262728
inst:register_read/g262731
inst:register_read/g262732
inst:register_read/g261449
inst:register_read/g262734
inst:register_read/g262735
inst:register_read/g262505
inst:register_read/g262740
inst:register_read/g262742
inst:register_read/g262743
inst:register_read/g262746
inst:register_read/g262747
inst:register_read/g262750
inst:register_read/g262752
inst:register_read/g262753
inst:register_read/g262755
inst:register_read/g262762
inst:register_read/g262764
inst:register_read/g262765
inst:register_read/g262766
inst:register_read/g262769
inst:register_read/g262770
inst:register_read/g262772
inst:register_read/g262773
inst:register_read/g262777
inst:register_read/g262780
inst:register_read/g262783
inst:register_read/g262784
inst:register_read/g261475
inst:register_read/g262786
inst:register_read/g262788
inst:register_read/g262791
inst:register_read/g262792
inst:register_read/g262795
inst:register_read/g261480
inst:register_read/g261481
inst:register_read/g262798
inst:register_read/g262799
inst:register_read/g262802
inst:register_read/g262805
inst:register_read/g262806
inst:register_read/g262808
inst:register_read/g262811
inst:register_read/g261488
inst:register_read/g262817
inst:register_read/g262819
inst:register_read/g262821
inst:register_read/g261493
inst:register_read/g262823
inst:register_read/g262825
inst:register_read/g262826
inst:register_read/g262829
inst:register_read/g261821
inst:register_read/g261502
inst:register_read/g261816
inst:register_read/g261503
inst:register_read/g261814
inst:register_read/g261813
inst:register_read/g261506
inst:register_read/g261809
inst:register_read/g260986
inst:register_read/g261806
inst:register_read/g260984
inst:register_read/g261801
inst:register_read/g261798
inst:register_read/g260981
inst:register_read/g261797
inst:register_read/g261511
inst:register_read/g261520
inst:register_read/g261533
inst:register_read/g261553
inst:register_read/g261557
inst:register_read/g261563
inst:register_read/g261581
inst:register_read/g261586
inst:register_read/g261592
inst:register_read/g261605
inst:register_read/g261608
inst:register_read/g261628
inst:register_read/g261634
inst:register_read/g261635
inst:register_read/g261645
inst:register_read/g261652
inst:register_read/g261654
inst:register_read/g261666
inst:register_read/g261668
inst:register_read/g261675
inst:register_read/g260944
inst:register_read/g261688
inst:register_read/g260946
inst:register_read/g261697
inst:register_read/g261699
inst:register_read/g260948
inst:register_read/g261703
inst:register_read/g261708
inst:register_read/g261712
inst:register_read/g260952
inst:register_read/g261715
inst:register_read/g260953
inst:register_read/g261717
inst:register_read/g260954
inst:register_read/g261722
inst:register_read/g260955
inst:register_read/g261728
inst:register_read/g261731
inst:register_read/g260958
inst:register_read/g261738
inst:register_read/g260960
inst:register_read/g261739
inst:register_read/g260961
inst:register_read/g261744
inst:register_read/g261746
inst:register_read/g261750
inst:register_read/g261752
inst:register_read/g261756
inst:register_read/g260968
inst:register_read/g261766
inst:register_read/g260969
inst:register_read/g261767
inst:register_read/g261772
inst:register_read/g261774
inst:register_read/g260972
inst:register_read/g261778
inst:register_read/g260973
inst:register_read/g260974
inst:register_read/g261784
inst:register_read/g261785
inst:register_read/g261790
inst:register_read/g261791
inst:register_read/g262875
inst:register_read/g262889
inst:register_read/g262888
inst:register_read/g262887
inst:register_read/g262886
inst:register_read/g262885
inst:register_read/g262890
inst:register_read/g262874
inst:register_read/g262859
inst:register_read/g262858
inst:register_read/g262857
inst:register_read/g262848
inst:register_read/g261194
inst:register_read/g261831
inst:register_read/g261835
inst:register_read/g261000
inst:register_read/g261837
inst:register_read/g261840
inst:register_read/g261845
inst:register_read/g261846
inst:register_read/g261850
inst:register_read/g261008
inst:register_read/g261852
inst:register_read/g261859
inst:register_read/g261861
inst:register_read/g261865
inst:register_read/g261869
inst:register_read/g261871
inst:register_read/g261874
inst:register_read/g261877
inst:register_read/g261881
inst:register_read/g261025
inst:register_read/g261892
inst:register_read/g261893
inst:register_read/g261896
inst:register_read/g261903
inst:register_read/g261034
inst:register_read/g261905
inst:register_read/g261910
inst:register_read/g261912
inst:register_read/g261915
inst:register_read/g261917
inst:register_read/g261041
inst:register_read/g261922
inst:register_read/g261924
inst:register_read/g261928
inst:register_read/g261930
inst:register_read/g261050
inst:register_read/g261937
inst:register_read/g261945
inst:register_read/g261056
inst:register_read/g261957
inst:register_read/g261958
inst:register_read/g261062
inst:register_read/g261977
inst:register_read/g261978
inst:register_read/g261985
inst:register_read/g261989
inst:register_read/g261083
inst:register_read/g262016
inst:register_read/g262017
inst:register_read/g262029
inst:register_read/g262034
inst:register_read/g261101
inst:register_read/g261102
inst:register_read/g262043
inst:register_read/g262055
inst:register_read/g262063
inst:register_read/g262066
inst:register_read/g261116
inst:register_read/g262069
inst:register_read/g262071
inst:register_read/g261118
inst:register_read/g262072
inst:register_read/g262075
inst:register_read/g262077
inst:register_read/g262080
inst:register_read/g262081
inst:register_read/g262083
inst:register_read/g262087
inst:register_read/g262090
inst:register_read/g262091
inst:register_read/g262093
inst:register_read/g261129
inst:register_read/g262095
inst:register_read/g262097
inst:register_read/g262100
inst:register_read/g262101
inst:register_read/g262105
inst:register_read/g262106
inst:register_read/g261136
inst:register_read/g262108
inst:register_read/g261138
inst:register_read/g262113
inst:register_read/g262114
inst:register_read/g262116
inst:register_read/g262118
inst:register_read/g262121
inst:register_read/g261143
inst:register_read/g262124
inst:register_read/g262127
inst:register_read/g262129
inst:register_read/g262130
inst:register_read/g262132
inst:register_read/g262133
inst:register_read/g262135
inst:register_read/g262138
inst:register_read/g262139
inst:register_read/g262140
inst:register_read/g262142
inst:register_read/g262146
inst:register_read/g262148
inst:register_read/g262150
inst:register_read/g261159
inst:register_read/g262156
inst:register_read/g262158
inst:register_read/g262160
inst:register_read/g262161
inst:register_read/g261163
inst:register_read/g262162
inst:register_read/g262165
inst:register_read/g262171
inst:register_read/g262173
inst:register_read/g262177
inst:register_read/g262178
inst:register_read/g262180
inst:register_read/g262183
inst:register_read/g262185
inst:register_read/g262189
inst:register_read/g262190
inst:register_read/g262191
inst:register_read/g262194
inst:register_read/g261180
inst:register_read/g262196
inst:register_read/g262197
inst:register_read/g262200
inst:register_read/g262202
inst:register_read/g262207
inst:register_read/g262208
inst:register_read/g262209
inst:register_read/g262211
inst:register_read/g262213
inst:register_read/g262215
inst:register_read/g261190
inst:register_read/g262217
inst:register_read/g262218
inst:register_read/g262223
inst:register_read/g261827
inst:register_read/g262225
inst:register_read/g262230
inst:register_read/g262231
inst:register_read/g262232
inst:register_read/g262234
inst:register_read/g262237
inst:register_read/g262239
inst:register_read/g262241
inst:register_read/g261203
inst:register_read/g262245
inst:register_read/g262246
inst:register_read/g262250
inst:register_read/g262251
inst:register_read/g262255
inst:register_read/g262256
inst:register_read/g262259
inst:register_read/g262261
inst:register_read/g262262
inst:register_read/g261216
inst:register_read/g262268
inst:register_read/g262272
inst:register_read/g262273
inst:register_read/g262275
inst:register_read/g262276
inst:register_read/g262278
inst:register_read/g262282
inst:register_read/g262283
inst:register_read/g262286
inst:register_read/g262288
inst:register_read/g262291
inst:register_read/g262295
inst:register_read/g262296
inst:register_read/g262298
inst:register_read/g262300
inst:register_read/g262302
inst:register_read/g262306
inst:register_read/g262309
inst:register_read/g261237
inst:register_read/g262310
inst:register_read/g262311
inst:register_read/g261239
inst:register_read/g262314
inst:register_read/g262315
inst:register_read/g262316
inst:register_read/g262318
inst:register_read/g262321
inst:register_read/g262324
inst:register_read/g262327
inst:register_read/g262332
inst:register_read/g262333
inst:register_read/g262335
inst:register_read/g262337
inst:register_read/g262340
inst:register_read/g262341
inst:register_read/g262343
inst:register_read/g261254
inst:register_read/g262348
inst:register_read/g262350
inst:register_read/g262351
inst:register_read/g262352
inst:register_read/g262355
inst:register_read/g262357
inst:register_read/g262358
inst:register_read/g262360
inst:register_read/g262362
inst:register_read/g262365
inst:register_read/g262366
inst:register_read/g262367
inst:register_read/g262369
inst:register_read/g262373
inst:register_read/g261270
inst:register_read/g262376
inst:register_read/g262378
inst:register_read/g261273
inst:register_read/g262382
inst:register_read/g262388
inst:register_read/g262389
inst:register_read/g262391
inst:register_read/g262392
inst:register_read/g261279
inst:register_read/g262394
inst:register_read/g262396
inst:register_read/g261281
inst:register_read/g262399
inst:register_read/g262400
inst:register_read/g262402
inst:register_read/g262406
inst:register_read/g262407
inst:register_read/g262411
inst:register_read/g262412
inst:register_read/g262414
inst:register_read/g262415
inst:register_read/g262417
inst:register_read/g261291
inst:register_read/g262420
inst:register_read/g262424
inst:register_read/g262427
inst:register_read/g262429
inst:register_read/g262433
inst:register_read/g262434
inst:register_read/g262435
inst:register_read/g262437
inst:register_read/g262439
inst:register_read/g262442
inst:register_read/g262446
inst:register_read/g262450
inst:register_read/g262451
inst:register_read/g262453
inst:register_read/g261310
inst:register_read/g262456
inst:register_read/g262457
inst:register_read/g262459
inst:register_read/g262463
inst:register_read/g262465
inst:register_read/g262466
inst:register_read/g262467
inst:register_read/g262471
inst:register_read/g261318
inst:register_read/g262472
inst:register_read/g262474
inst:register_read/g262476
inst:register_read/g262478
inst:register_read/g261322
inst:register_read/g262481
inst:register_read/g262485
inst:register_read/g262487
inst:register_read/g262488
inst:register_read/g262490
inst:register_read/g262491
inst:register_read/g262495
inst:register_read/g262497
inst:register_read/g261332
inst:register_read/g262502
inst:register_read/g261334
inst:register_read/g262506
inst:register_read/g262507
inst:register_read/g262510
inst:register_read/g262513
inst:register_read/g262516
inst:register_read/g262518
inst:register_read/g262520
inst:register_read/g262521
inst:register_read/g262525
inst:register_read/g262528
inst:register_read/g262529
inst:register_read/g262530
inst:register_read/g262531
inst:register_read/g262534
inst:register_read/g262537
inst:register_read/g262540
inst:register_read/g262541
inst:register_read/g262543
inst:register_read/g262544
inst:register_read/g262548
inst:register_read/g262550
inst:register_read/g262551
inst:register_read/g262554
inst:register_read/g262556
inst:register_read/g262559
inst:register_read/g262562
inst:register_read/g262564
inst:register_read/g262566
inst:register_read/g262567
inst:register_read/g262569
inst:register_read/g262570
inst:register_read/g262573
inst:register_read/g262575
inst:register_read/g262577
inst:register_read/g262578
inst:register_read/g262581
inst:register_read/g262583
inst:register_read/g262584
inst:register_read/g262586
inst:register_read/g262587
inst:register_read/g262592
inst:register_read/g262595
inst:register_read/g262598
inst:register_read/g262599
inst:register_read/g262603
inst:register_read/g262605
inst:register_read/g262607
inst:register_read/g262610
inst:register_read/g262614
inst:register_read/g262741
inst:register_read/g262744
inst:register_read/g262748
inst:register_read/g262749
inst:register_read/g262754
inst:register_read/g262758
inst:register_read/g262759
inst:register_read/g262763
inst:register_read/g262767
inst:register_read/g262768
inst:register_read/g262771
inst:register_read/g262774
inst:register_read/g262775
inst:register_read/g262776
inst:register_read/g262778
inst:register_read/g262779
inst:register_read/g262781
inst:register_read/g262782
inst:register_read/g262785
inst:register_read/g262787
inst:register_read/g262789
inst:register_read/g262790
inst:register_read/g262793
inst:register_read/g262794
inst:register_read/g262796
inst:register_read/g262797
inst:register_read/g262830
inst:register_read/g262800
inst:register_read/g262801
inst:register_read/g262803
inst:register_read/g262804
inst:register_read/g262809
inst:register_read/g262810
inst:register_read/g262812
inst:register_read/g262815
inst:register_read/g262816
inst:register_read/g262818
inst:register_read/g262822
inst:register_read/g262824
inst:register_read/g262827
inst:register_read/g262828
inst:register_read/prf_reg[38][11]
inst:register_read/prf_reg[36][14]
inst:register_read/prf_reg[36][22]
inst:register_read/prf_reg[38][30]
inst:register_read/prf_reg[38][29]
inst:register_read/prf_reg[38][28]
inst:register_read/prf_reg[38][26]
inst:register_read/prf_reg[38][25]
inst:register_read/prf_reg[38][24]
inst:register_read/prf_reg[38][22]
inst:register_read/prf_reg[38][21]
inst:register_read/prf_reg[38][20]
inst:register_read/prf_reg[38][18]
inst:register_read/prf_reg[38][17]
inst:register_read/prf_reg[38][16]
inst:register_read/prf_reg[38][14]
inst:register_read/prf_reg[38][27]
inst:register_read/prf_reg[38][31]
inst:register_read/prf_reg[38][23]
inst:register_read/prf_reg[38][19]
inst:register_read/prf_reg[38][15]
inst:register_read/prf_reg[38][7]
inst:register_read/prf_reg[38][3]
inst:register_read/prf_reg[37][24]
inst:register_read/prf_reg[36][9]
inst:register_read/prf_reg[37][1]
inst:register_read/prf_reg[37][2]
inst:register_read/prf_reg[37][3]
inst:register_read/prf_reg[37][5]
inst:register_read/prf_reg[37][6]
inst:register_read/prf_reg[37][7]
inst:register_read/prf_reg[37][9]
inst:register_read/prf_reg[37][10]
inst:register_read/prf_reg[37][11]
inst:register_read/prf_reg[37][13]
inst:register_read/prf_reg[37][14]
inst:register_read/prf_reg[37][15]
inst:register_read/prf_reg[37][17]
inst:register_read/prf_reg[37][18]
inst:register_read/prf_reg[37][19]
inst:register_read/prf_reg[36][24]
inst:register_read/prf_reg[36][25]
inst:register_read/prf_reg[36][26]
inst:register_read/prf_reg[36][28]
inst:register_read/prf_reg[36][29]
inst:register_read/prf_reg[36][30]
inst:register_read/prf_reg[39][0]
inst:register_read/prf_reg[39][1]
inst:register_read/prf_reg[39][2]
inst:register_read/prf_reg[39][3]
inst:register_read/prf_reg[39][4]
inst:register_read/prf_reg[39][5]
inst:register_read/prf_reg[39][7]
inst:register_read/prf_reg[39][8]
inst:register_read/prf_reg[39][9]
inst:register_read/prf_reg[39][11]
inst:register_read/prf_reg[39][12]
inst:register_read/prf_reg[39][13]
inst:register_read/prf_reg[39][15]
inst:register_read/prf_reg[39][16]
inst:register_read/prf_reg[39][17]
inst:register_read/prf_reg[39][19]
inst:register_read/prf_reg[39][20]
inst:register_read/prf_reg[39][21]
inst:register_read/prf_reg[39][23]
inst:register_read/prf_reg[39][24]
inst:register_read/prf_reg[39][25]
inst:register_read/prf_reg[39][27]
inst:register_read/prf_reg[39][28]
inst:register_read/prf_reg[39][29]
inst:register_read/prf_reg[39][31]
inst:register_read/prf_reg[36][0]
inst:register_read/prf_reg[36][1]
inst:register_read/prf_reg[36][3]
inst:register_read/prf_reg[36][4]
inst:register_read/prf_reg[36][5]
inst:register_read/prf_reg[36][7]
inst:register_read/prf_reg[36][8]
inst:register_read/prf_reg[37][0]
inst:register_read/prf_reg[36][11]
inst:register_read/prf_reg[36][12]
inst:register_read/prf_reg[36][13]
inst:register_read/prf_reg[36][15]
inst:register_read/prf_reg[36][16]
inst:register_read/prf_reg[36][17]
inst:register_read/prf_reg[36][19]
inst:register_read/prf_reg[36][20]
inst:register_read/prf_reg[36][21]
inst:register_read/prf_reg[36][23]
inst:register_read/prf_reg[37][20]
inst:register_read/prf_reg[37][21]
inst:register_read/prf_reg[37][22]
inst:register_read/prf_reg[37][25]
inst:register_read/prf_reg[37][26]
inst:register_read/prf_reg[37][27]
inst:register_read/prf_reg[37][28]
inst:register_read/prf_reg[37][29]
inst:register_read/prf_reg[37][30]
inst:register_read/prf_reg[37][31]
inst:register_read/prf_reg[38][0]
inst:register_read/prf_reg[38][1]
inst:register_read/prf_reg[38][2]
inst:register_read/prf_reg[38][4]
inst:register_read/prf_reg[38][5]
inst:register_read/prf_reg[38][6]
inst:register_read/prf_reg[38][8]
inst:register_read/prf_reg[38][9]
inst:register_read/prf_reg[38][10]
inst:register_read/prf_reg[38][12]
inst:register_read/prf_reg[38][13]
inst:register_read/g262842
inst:register_read/g262881
inst:register_read/g262876
inst:register_read/g262868
inst:register_read/g262867
inst:register_read/g262866
inst:register_read/g262865
inst:register_read/g262864
inst:register_read/g262863
inst:register_read/g262856
inst:register_read/g262851
inst:register_read/g262850
inst:register_read/g262844
inst:register_read/g262843
inst:register_read/g262831
inst:register_read/g262882
inst:register_read/g262504
inst:register_read/g262068
inst:register_read/g262070
inst:register_read/g262073
inst:register_read/g262074
inst:register_read/g262076
inst:register_read/g262078
inst:register_read/g262079
inst:register_read/g262084
inst:register_read/g262085
inst:register_read/g262088
inst:register_read/g262089
inst:register_read/g262092
inst:register_read/g262094
inst:register_read/g262096
inst:register_read/g262098
inst:register_read/g262099
inst:register_read/g262107
inst:register_read/g262110
inst:register_read/g262111
inst:register_read/g262112
inst:register_read/g262115
inst:register_read/g262117
inst:register_read/g262119
inst:register_read/g262120
inst:register_read/g262122
inst:register_read/g262123
inst:register_read/g262125
inst:register_read/g262126
inst:register_read/g262128
inst:register_read/g262131
inst:register_read/g262134
inst:register_read/g262136
inst:register_read/g262137
inst:register_read/g262141
inst:register_read/g262143
inst:register_read/g262144
inst:register_read/g262149
inst:register_read/g262151
inst:register_read/g262153
inst:register_read/g262157
inst:register_read/g262159
inst:register_read/g262163
inst:register_read/g262164
inst:register_read/g262166
inst:register_read/g262167
inst:register_read/g262169
inst:register_read/g262170
inst:register_read/g262172
inst:register_read/g262176
inst:register_read/g262179
inst:register_read/g262181
inst:register_read/g262182
inst:register_read/g262184
inst:register_read/g262186
inst:register_read/g262187
inst:register_read/g262188
inst:register_read/g262192
inst:register_read/g262193
inst:register_read/g262195
inst:register_read/g262198
inst:register_read/g262199
inst:register_read/g262201
inst:register_read/g262203
inst:register_read/g262204
inst:register_read/g262205
inst:register_read/g262206
inst:register_read/g262212
inst:register_read/g262214
inst:register_read/g262219
inst:register_read/g262220
inst:register_read/g262224
inst:register_read/g262226
inst:register_read/g262227
inst:register_read/g262228
inst:register_read/g262229
inst:register_read/g262233
inst:register_read/g262235
inst:register_read/g262236
inst:register_read/g262238
inst:register_read/g262243
inst:register_read/g262244
inst:register_read/g262247
inst:register_read/g262248
inst:register_read/g262249
inst:register_read/g262254
inst:register_read/g262257
inst:register_read/g262258
inst:register_read/g262260
inst:register_read/g262267
inst:register_read/g262269
inst:register_read/g262270
inst:register_read/g262271
inst:register_read/g262274
inst:register_read/g262277
inst:register_read/g262280
inst:register_read/g262281
inst:register_read/g262284
inst:register_read/g262287
inst:register_read/g262290
inst:register_read/g262292
inst:register_read/g262294
inst:register_read/g262297
inst:register_read/g262299
inst:register_read/g262301
inst:register_read/g262303
inst:register_read/g262304
inst:register_read/g262305
inst:register_read/g262307
inst:register_read/g262308
inst:register_read/g262312
inst:register_read/g262313
inst:register_read/g262317
inst:register_read/g262319
inst:register_read/g262320
inst:register_read/g262322
inst:register_read/g262323
inst:register_read/g262326
inst:register_read/g262328
inst:register_read/g262330
inst:register_read/g262331
inst:register_read/g262334
inst:register_read/g262336
inst:register_read/g262338
inst:register_read/g262339
inst:register_read/g262342
inst:register_read/g262344
inst:register_read/g262345
inst:register_read/g262349
inst:register_read/g262353
inst:register_read/g262354
inst:register_read/g262356
inst:register_read/g262359
inst:register_read/g262361
inst:register_read/g262363
inst:register_read/g262364
inst:register_read/g262368
inst:register_read/g262370
inst:register_read/g262371
inst:register_read/g262374
inst:register_read/g262377
inst:register_read/g262379
inst:register_read/g262380
inst:register_read/g262381
inst:register_read/g262383
inst:register_read/g262384
inst:register_read/g262386
inst:register_read/g262390
inst:register_read/g262393
inst:register_read/g262395
inst:register_read/g262397
inst:register_read/g262398
inst:register_read/g262404
inst:register_read/g262405
inst:register_read/g262408
inst:register_read/g262409
inst:register_read/g262413
inst:register_read/g262416
inst:register_read/g262419
inst:register_read/g262422
inst:register_read/g262423
inst:register_read/g262426
inst:register_read/g262428
inst:register_read/g262430
inst:register_read/g262431
inst:register_read/g262432
inst:register_read/g262436
inst:register_read/g262438
inst:register_read/g262440
inst:register_read/g262441
inst:register_read/g262445
inst:register_read/g262447
inst:register_read/g262448
inst:register_read/g262449
inst:register_read/g262452
inst:register_read/g262455
inst:register_read/g262458
inst:register_read/g262460
inst:register_read/g262462
inst:register_read/g262464
inst:register_read/g262468
inst:register_read/g262469
inst:register_read/g262470
inst:register_read/g262473
inst:register_read/g262475
inst:register_read/g262477
inst:register_read/g262479
inst:register_read/g262480
inst:register_read/g262482
inst:register_read/g262484
inst:register_read/g262486
inst:register_read/g262489
inst:register_read/g262492
inst:register_read/g262494
inst:register_read/g262496
inst:register_read/g262498
inst:register_read/g262499
inst:register_read/g262064
inst:register_read/prf_reg[39][26]
inst:register_read/prf_reg[37][8]
inst:register_read/prf_reg[39][22]
inst:register_read/prf_reg[39][18]
inst:register_read/prf_reg[39][14]
inst:register_read/prf_reg[39][10]
inst:register_read/prf_reg[36][27]
inst:register_read/prf_reg[36][31]
inst:register_read/prf_reg[36][18]
inst:register_read/prf_reg[39][6]
inst:register_read/prf_reg[37][16]
inst:register_read/prf_reg[36][10]
inst:register_read/prf_reg[37][4]
inst:register_read/prf_reg[36][6]
inst:register_read/prf_reg[37][12]
inst:register_read/prf_reg[36][2]
inst:register_read/prf_reg[39][30]
inst:register_read/prf_reg[37][23]
inst:register_read/g262524
inst:register_read/g262553
inst:register_read/g262561
inst:register_read/g262594
inst:register_read/g262602
inst:register_read/g262611
inst:register_read/g262621
inst:register_read/g262623
inst:register_read/g262630
inst:register_read/g262633
inst:register_read/g262641
inst:register_read/g262647
inst:register_read/g262649
inst:register_read/g262654
inst:register_read/g262659
inst:register_read/g262665
inst:register_read/g262669
inst:register_read/g262676
inst:register_read/g262682
inst:register_read/g262685
inst:register_read/g262692
inst:register_read/g262695
inst:register_read/g262701
inst:register_read/g262704
inst:register_read/g262712
inst:register_read/g262717
inst:register_read/g262721
inst:register_read/g262729
inst:register_read/g262730
inst:register_read/g262737
inst:register_read/g262739
inst:register_read/g262751
inst:register_read/g262760
inst:register_read/g262761
inst:register_read/g262813
inst:register_read/g262820
inst:register_read/g262508
inst:register_read/g262897
inst:register_read/g262898
inst:register_read/g262899
inst:register_read/g262900
inst:register_read/g262901
inst:register_read/g262902
inst:register_read/g262903
inst:register_read/g262904
inst:register_read/g262905
inst:register_read/g262906
inst:register_read/g262907
inst:register_read/g262908
inst:register_read/g262909
inst:register_read/g262910
inst:register_read/g262911
inst:register_read/g262912
inst:register_read/g262913
inst:register_read/g262914
inst:register_read/g262870
inst:register_read/g262871
inst:register_read/g262872
inst:register_read/g262873
inst:register_read/g262877
inst:register_read/g262878
inst:register_read/g262891
inst:register_read/g262892
inst:register_read/g262832
inst:register_read/g262833
inst:register_read/g262834
inst:register_read/g262835
inst:register_read/g262836
inst:register_read/g262837
inst:register_read/g262838
inst:register_read/g262839
inst:register_read/g262840
inst:register_read/g262841
inst:register_read/g262845
inst:register_read/g262846
inst:register_read/g262847
inst:register_read/g262852
inst:register_read/g262853
inst:register_read/g262854
inst:register_read/g262855
inst:register_read/g262869
inst:register_read/g262956
inst:register_read/g262916
inst:register_read/g262917
inst:register_read/g262918
inst:register_read/g262919
inst:register_read/g262920
inst:register_read/g262921
inst:register_read/g262922
inst:register_read/g262923
inst:register_read/g262924
inst:register_read/g262925
inst:register_read/g262926
inst:register_read/g262927
inst:register_read/g262928
inst:register_read/g262929
inst:register_read/g262930
inst:register_read/g262931
inst:register_read/g262932
inst:register_read/g262933
inst:register_read/g262934
inst:register_read/g262935
inst:register_read/g262936
inst:register_read/g262937
inst:register_read/g262938
inst:register_read/g262939
inst:register_read/g262940
inst:register_read/g262941
inst:register_read/g262942
inst:register_read/g262943
inst:register_read/g262944
inst:register_read/g262945
inst:register_read/g262946
inst:register_read/g262947
inst:register_read/g262948
inst:register_read/g262949
inst:register_read/g262950
inst:register_read/g262951
inst:register_read/g262952
inst:register_read/g262953
inst:register_read/g262954
inst:register_read/g262955
inst:register_read/g262915
inst:register_read/g262957
inst:register_read/g262958
inst:register_read/g262959
inst:register_read/g262960
inst:register_read/g262503
inst:register_read/g262493
inst:register_read/g262461
inst:register_read/g262443
inst:register_read/g262425
inst:register_read/g262418
inst:register_read/g262403
inst:register_read/g262387
inst:register_read/g262375
inst:register_read/g262067
inst:register_read/g262086
inst:register_read/g262104
inst:register_read/g262109
inst:register_read/g262147
inst:register_read/g262154
inst:register_read/g262155
inst:register_read/g262175
inst:register_read/g262216
inst:register_read/g262221
inst:register_read/g262242
inst:register_read/g262253
inst:register_read/g262263
inst:register_read/g262266
inst:register_read/g262285
inst:register_read/g262293
inst:register_read/g262329
inst:register_read/g262347
inst:register_read/g263004
inst:register_read/g262998
inst:register_read/g263005
inst:register_read/g262990
inst:register_read/g262982
inst:register_read/g262976
inst:register_read/g262975
inst:register_read/g262962
inst:register_read/g262961
inst:register_read/prf_reg[53][27]
inst:register_read/prf_reg[7][27]
inst:register_read/prf_reg[53][3]
inst:register_read/prf_reg[34][28]
inst:register_read/prf_reg[53][31]
inst:register_read/prf_reg[34][11]
inst:register_read/prf_reg[40][29]
inst:register_read/prf_reg[40][25]
inst:register_read/prf_reg[40][21]
inst:register_read/prf_reg[7][31]
inst:register_read/prf_reg[7][19]
inst:register_read/prf_reg[55][18]
inst:register_read/prf_reg[7][23]
inst:register_read/prf_reg[43][30]
inst:register_read/prf_reg[34][16]
inst:register_read/prf_reg[34][15]
inst:register_read/prf_reg[7][15]
inst:register_read/prf_reg[34][13]
inst:register_read/prf_reg[34][7]
inst:register_read/prf_reg[43][26]
inst:register_read/prf_reg[7][7]
inst:register_read/prf_reg[34][6]
inst:register_read/prf_reg[34][4]
inst:register_read/prf_reg[34][3]
inst:register_read/prf_reg[34][2]
inst:register_read/prf_reg[35][18]
inst:register_read/prf_reg[34][0]
inst:register_read/prf_reg[33][31]
inst:register_read/prf_reg[33][30]
inst:register_read/prf_reg[33][25]
inst:register_read/prf_reg[43][22]
inst:register_read/prf_reg[7][3]
inst:register_read/prf_reg[33][24]
inst:register_read/prf_reg[33][23]
inst:register_read/prf_reg[33][21]
inst:register_read/prf_reg[33][20]
inst:register_read/prf_reg[33][19]
inst:register_read/prf_reg[33][17]
inst:register_read/prf_reg[33][16]
inst:register_read/prf_reg[33][15]
inst:register_read/prf_reg[33][10]
inst:register_read/prf_reg[33][9]
inst:register_read/prf_reg[33][8]
inst:register_read/prf_reg[33][6]
inst:register_read/prf_reg[33][5]
inst:register_read/prf_reg[33][4]
inst:register_read/prf_reg[33][2]
inst:register_read/prf_reg[43][31]
inst:register_read/prf_reg[43][19]
inst:register_read/prf_reg[43][17]
inst:register_read/prf_reg[43][16]
inst:register_read/prf_reg[43][15]
inst:register_read/prf_reg[43][13]
inst:register_read/prf_reg[43][12]
inst:register_read/prf_reg[43][11]
inst:register_read/prf_reg[43][9]
inst:register_read/prf_reg[43][8]
inst:register_read/prf_reg[43][7]
inst:register_read/prf_reg[43][5]
inst:register_read/prf_reg[55][30]
inst:register_read/prf_reg[52][31]
inst:register_read/prf_reg[55][22]
inst:register_read/prf_reg[55][26]
inst:register_read/prf_reg[55][14]
inst:register_read/prf_reg[5][14]
inst:register_read/prf_reg[55][6]
inst:register_read/prf_reg[52][0]
inst:register_read/prf_reg[52][1]
inst:register_read/prf_reg[52][2]
inst:register_read/prf_reg[52][4]
inst:register_read/prf_reg[52][5]
inst:register_read/prf_reg[52][6]
inst:register_read/prf_reg[52][8]
inst:register_read/prf_reg[52][9]
inst:register_read/prf_reg[52][10]
inst:register_read/prf_reg[52][12]
inst:register_read/prf_reg[52][13]
inst:register_read/prf_reg[52][14]
inst:register_read/prf_reg[52][16]
inst:register_read/prf_reg[52][17]
inst:register_read/prf_reg[52][18]
inst:register_read/prf_reg[52][20]
inst:register_read/prf_reg[52][21]
inst:register_read/prf_reg[52][22]
inst:register_read/prf_reg[52][24]
inst:register_read/prf_reg[52][25]
inst:register_read/prf_reg[52][26]
inst:register_read/prf_reg[52][28]
inst:register_read/prf_reg[4][0]
inst:register_read/prf_reg[4][1]
inst:register_read/prf_reg[4][3]
inst:register_read/prf_reg[4][4]
inst:register_read/prf_reg[4][5]
inst:register_read/prf_reg[4][7]
inst:register_read/prf_reg[4][8]
inst:register_read/prf_reg[4][9]
inst:register_read/prf_reg[4][11]
inst:register_read/prf_reg[4][12]
inst:register_read/prf_reg[4][13]
inst:register_read/prf_reg[4][15]
inst:register_read/prf_reg[4][16]
inst:register_read/prf_reg[4][17]
inst:register_read/prf_reg[4][19]
inst:register_read/prf_reg[4][20]
inst:register_read/prf_reg[4][21]
inst:register_read/prf_reg[4][23]
inst:register_read/prf_reg[4][24]
inst:register_read/prf_reg[4][25]
inst:register_read/prf_reg[4][27]
inst:register_read/prf_reg[4][28]
inst:register_read/prf_reg[4][29]
inst:register_read/prf_reg[5][0]
inst:register_read/prf_reg[5][1]
inst:register_read/prf_reg[5][3]
inst:register_read/prf_reg[5][4]
inst:register_read/prf_reg[5][5]
inst:register_read/prf_reg[5][7]
inst:register_read/prf_reg[5][8]
inst:register_read/prf_reg[5][9]
inst:register_read/prf_reg[5][11]
inst:register_read/prf_reg[5][12]
inst:register_read/prf_reg[5][13]
inst:register_read/prf_reg[5][15]
inst:register_read/prf_reg[5][16]
inst:register_read/prf_reg[5][17]
inst:register_read/prf_reg[5][19]
inst:register_read/prf_reg[5][20]
inst:register_read/prf_reg[5][21]
inst:register_read/prf_reg[5][23]
inst:register_read/prf_reg[5][24]
inst:register_read/prf_reg[5][25]
inst:register_read/prf_reg[5][27]
inst:register_read/prf_reg[5][28]
inst:register_read/prf_reg[5][29]
inst:register_read/prf_reg[5][31]
inst:register_read/prf_reg[55][0]
inst:register_read/prf_reg[55][1]
inst:register_read/prf_reg[55][2]
inst:register_read/prf_reg[55][3]
inst:register_read/prf_reg[55][4]
inst:register_read/prf_reg[55][5]
inst:register_read/prf_reg[55][7]
inst:register_read/prf_reg[55][8]
inst:register_read/prf_reg[55][9]
inst:register_read/prf_reg[55][10]
inst:register_read/prf_reg[55][11]
inst:register_read/prf_reg[55][12]
inst:register_read/prf_reg[55][13]
inst:register_read/prf_reg[55][15]
inst:register_read/prf_reg[55][16]
inst:register_read/prf_reg[55][17]
inst:register_read/prf_reg[55][19]
inst:register_read/prf_reg[55][20]
inst:register_read/prf_reg[55][21]
inst:register_read/prf_reg[55][23]
inst:register_read/prf_reg[55][24]
inst:register_read/prf_reg[55][25]
inst:register_read/prf_reg[55][27]
inst:register_read/prf_reg[55][28]
inst:register_read/prf_reg[55][29]
inst:register_read/prf_reg[55][31]
inst:register_read/prf_reg[52][29]
inst:register_read/prf_reg[52][30]
inst:register_read/prf_reg[7][0]
inst:register_read/prf_reg[7][1]
inst:register_read/prf_reg[7][2]
inst:register_read/prf_reg[7][4]
inst:register_read/prf_reg[7][5]
inst:register_read/prf_reg[7][6]
inst:register_read/prf_reg[7][8]
inst:register_read/prf_reg[7][9]
inst:register_read/prf_reg[7][10]
inst:register_read/prf_reg[7][11]
inst:register_read/prf_reg[7][12]
inst:register_read/prf_reg[7][13]
inst:register_read/prf_reg[7][14]
inst:register_read/prf_reg[7][16]
inst:register_read/prf_reg[7][17]
inst:register_read/prf_reg[7][18]
inst:register_read/prf_reg[7][20]
inst:register_read/prf_reg[7][21]
inst:register_read/prf_reg[7][22]
inst:register_read/prf_reg[7][24]
inst:register_read/prf_reg[7][25]
inst:register_read/prf_reg[7][26]
inst:register_read/prf_reg[7][28]
inst:register_read/prf_reg[7][29]
inst:register_read/prf_reg[7][30]
inst:register_read/prf_reg[53][23]
inst:register_read/prf_reg[53][24]
inst:register_read/prf_reg[53][25]
inst:register_read/prf_reg[53][26]
inst:register_read/prf_reg[53][28]
inst:register_read/prf_reg[53][29]
inst:register_read/prf_reg[53][30]
inst:register_read/prf_reg[53][0]
inst:register_read/prf_reg[53][1]
inst:register_read/prf_reg[53][2]
inst:register_read/prf_reg[53][4]
inst:register_read/prf_reg[53][5]
inst:register_read/prf_reg[53][6]
inst:register_read/prf_reg[53][8]
inst:register_read/prf_reg[53][9]
inst:register_read/prf_reg[53][10]
inst:register_read/prf_reg[53][12]
inst:register_read/prf_reg[53][13]
inst:register_read/prf_reg[53][14]
inst:register_read/prf_reg[53][16]
inst:register_read/prf_reg[53][17]
inst:register_read/prf_reg[53][18]
inst:register_read/prf_reg[53][20]
inst:register_read/prf_reg[53][21]
inst:register_read/prf_reg[53][22]
inst:register_read/prf_reg[54][0]
inst:register_read/prf_reg[54][1]
inst:register_read/prf_reg[54][2]
inst:register_read/prf_reg[54][3]
inst:register_read/prf_reg[54][5]
inst:register_read/prf_reg[54][6]
inst:register_read/prf_reg[54][7]
inst:register_read/prf_reg[54][9]
inst:register_read/prf_reg[54][10]
inst:register_read/prf_reg[54][11]
inst:register_read/prf_reg[54][13]
inst:register_read/prf_reg[54][14]
inst:register_read/prf_reg[54][15]
inst:register_read/prf_reg[54][17]
inst:register_read/prf_reg[54][18]
inst:register_read/prf_reg[54][19]
inst:register_read/prf_reg[54][21]
inst:register_read/prf_reg[54][22]
inst:register_read/prf_reg[54][23]
inst:register_read/prf_reg[54][25]
inst:register_read/prf_reg[54][26]
inst:register_read/prf_reg[54][27]
inst:register_read/prf_reg[54][29]
inst:register_read/prf_reg[54][30]
inst:register_read/prf_reg[54][31]
inst:register_read/prf_reg[6][0]
inst:register_read/prf_reg[6][1]
inst:register_read/prf_reg[6][2]
inst:register_read/prf_reg[6][3]
inst:register_read/prf_reg[6][4]
inst:register_read/prf_reg[6][6]
inst:register_read/prf_reg[6][7]
inst:register_read/prf_reg[6][8]
inst:register_read/prf_reg[6][10]
inst:register_read/prf_reg[6][11]
inst:register_read/prf_reg[6][12]
inst:register_read/prf_reg[6][14]
inst:register_read/prf_reg[6][15]
inst:register_read/prf_reg[6][16]
inst:register_read/prf_reg[6][18]
inst:register_read/prf_reg[6][19]
inst:register_read/prf_reg[6][20]
inst:register_read/prf_reg[6][22]
inst:register_read/prf_reg[6][23]
inst:register_read/prf_reg[6][24]
inst:register_read/prf_reg[6][26]
inst:register_read/prf_reg[6][27]
inst:register_read/prf_reg[6][28]
inst:register_read/prf_reg[6][29]
inst:register_read/prf_reg[6][30]
inst:register_read/prf_reg[6][31]
inst:register_read/prf_reg[33][1]
inst:register_read/prf_reg[33][12]
inst:register_read/prf_reg[33][13]
inst:register_read/prf_reg[33][26]
inst:register_read/prf_reg[33][27]
inst:register_read/prf_reg[33][28]
inst:register_read/prf_reg[41][1]
inst:register_read/prf_reg[41][2]
inst:register_read/prf_reg[41][3]
inst:register_read/prf_reg[41][5]
inst:register_read/prf_reg[41][6]
inst:register_read/prf_reg[35][0]
inst:register_read/prf_reg[35][2]
inst:register_read/prf_reg[35][3]
inst:register_read/prf_reg[35][4]
inst:register_read/prf_reg[35][6]
inst:register_read/prf_reg[35][7]
inst:register_read/prf_reg[35][8]
inst:register_read/prf_reg[35][10]
inst:register_read/prf_reg[35][11]
inst:register_read/prf_reg[35][12]
inst:register_read/prf_reg[35][14]
inst:register_read/prf_reg[35][20]
inst:register_read/prf_reg[35][21]
inst:register_read/prf_reg[35][23]
inst:register_read/prf_reg[35][24]
inst:register_read/prf_reg[35][25]
inst:register_read/prf_reg[35][27]
inst:register_read/prf_reg[35][28]
inst:register_read/prf_reg[35][29]
inst:register_read/prf_reg[35][31]
inst:register_read/prf_reg[43][0]
inst:register_read/prf_reg[43][1]
inst:register_read/prf_reg[43][2]
inst:register_read/prf_reg[43][3]
inst:register_read/prf_reg[43][4]
inst:register_read/g263000
inst:register_read/g263001
inst:register_read/g263003
inst:register_read/g262967
inst:register_read/g263026
inst:register_read/g263022
inst:register_read/g263021
inst:register_read/g263020
inst:register_read/g263019
inst:register_read/g263018
inst:register_read/g263016
inst:register_read/g263015
inst:register_read/g263011
inst:register_read/g262988
inst:register_read/g263029
inst:register_read/g263028
inst:register_read/g262997
inst:register_read/g262993
inst:register_read/g262992
inst:register_read/g263030
inst:register_read/g262983
inst:register_read/g262981
inst:register_read/g262974
inst:register_read/g262973
inst:register_read/g262972
inst:register_read/g262969
inst:register_read/g263027
inst:register_read/g262896
inst:register_read/g262895
inst:register_read/g262894
inst:register_read/g262893
inst:register_read/g262884
inst:register_read/g262883
inst:register_read/g262880
inst:register_read/g262879
inst:register_read/g262862
inst:register_read/g262861
inst:register_read/g262860
inst:register_read/g262849
inst:register_read/g264890
inst:register_read/g265083
inst:register_read/g265082
inst:register_read/g265081
inst:register_read/g265080
inst:register_read/g265079
inst:register_read/g265078
inst:register_read/g265077
inst:register_read/g265076
inst:register_read/g265075
inst:register_read/g265074
inst:register_read/g265073
inst:register_read/g265072
inst:register_read/g265071
inst:register_read/g265070
inst:register_read/g265069
inst:register_read/g265068
inst:register_read/g265067
inst:register_read/g265066
inst:register_read/g265065
inst:register_read/g265064
inst:register_read/g265063
inst:register_read/g265062
inst:register_read/g265061
inst:register_read/g265060
inst:register_read/g265059
inst:register_read/g265058
inst:register_read/g265057
inst:register_read/g265056
inst:register_read/g265055
inst:register_read/g265025
inst:register_read/g265024
inst:register_read/g265023
inst:register_read/g265022
inst:register_read/g265021
inst:register_read/g265020
inst:register_read/g265019
inst:register_read/g265018
inst:register_read/g265017
inst:register_read/g265016
inst:register_read/g265015
inst:register_read/g265014
inst:register_read/g265013
inst:register_read/g265012
inst:register_read/g265011
inst:register_read/g265010
inst:register_read/g265009
inst:register_read/g265008
inst:register_read/g265007
inst:register_read/g265006
inst:register_read/g265005
inst:register_read/g265004
inst:register_read/g265003
inst:register_read/g265002
inst:register_read/g265001
inst:register_read/g265000
inst:register_read/g264999
inst:register_read/g264998
inst:register_read/g264997
inst:register_read/g264996
inst:register_read/g264995
inst:register_read/g264994
inst:register_read/g264993
inst:register_read/g264992
inst:register_read/g264991
inst:register_read/g264990
inst:register_read/g264989
inst:register_read/g264988
inst:register_read/g264987
inst:register_read/g264986
inst:register_read/g264985
inst:register_read/g264984
inst:register_read/g264983
inst:register_read/g264918
inst:register_read/g264917
inst:register_read/g264916
inst:register_read/g264915
inst:register_read/g264914
inst:register_read/g264913
inst:register_read/g264912
inst:register_read/g264911
inst:register_read/g264910
inst:register_read/g264909
inst:register_read/g264908
inst:register_read/g264907
inst:register_read/g264906
inst:register_read/g264905
inst:register_read/g264904
inst:register_read/g264903
inst:register_read/g264902
inst:register_read/g264901
inst:register_read/g264900
inst:register_read/g264899
inst:register_read/g264898
inst:register_read/g264897
inst:register_read/g264896
inst:register_read/g264895
inst:register_read/g264894
inst:register_read/g264893
inst:register_read/g264892
inst:register_read/g264891
inst:register_read/g264889
inst:register_read/g264888
inst:register_read/g264887
inst:register_read/g264886
inst:register_read/g264885
inst:register_read/g264884
inst:register_read/g264883
inst:register_read/g264882
inst:register_read/g264881
inst:register_read/g264880
inst:register_read/g264879
inst:register_read/g264878
inst:register_read/g264877
inst:register_read/g264876
inst:register_read/g264875
inst:register_read/g264874
inst:register_read/g264873
inst:register_read/g264872
inst:register_read/g264871
inst:register_read/g264870
inst:register_read/g264869
inst:register_read/g264868
inst:register_read/g264867
inst:register_read/g264866
inst:register_read/g264865
inst:register_read/g264864
inst:register_read/g264863
inst:register_read/prf_reg[34][20]
inst:register_read/prf_reg[5][2]
inst:register_read/prf_reg[42][30]
inst:register_read/prf_reg[42][22]
inst:register_read/prf_reg[42][26]
inst:register_read/prf_reg[42][4]
inst:register_read/prf_reg[42][18]
inst:register_read/prf_reg[41][24]
inst:register_read/prf_reg[42][0]
inst:register_read/prf_reg[41][28]
inst:register_read/prf_reg[41][16]
inst:register_read/prf_reg[32][30]
inst:register_read/prf_reg[5][10]
inst:register_read/prf_reg[41][12]
inst:register_read/prf_reg[5][18]
inst:register_read/prf_reg[5][22]
inst:register_read/prf_reg[5][26]
inst:register_read/prf_reg[5][30]
inst:register_read/prf_reg[33][0]
inst:register_read/prf_reg[40][31]
inst:register_read/prf_reg[4][31]
inst:register_read/prf_reg[40][30]
inst:register_read/prf_reg[40][28]
inst:register_read/prf_reg[40][27]
inst:register_read/prf_reg[40][26]
inst:register_read/prf_reg[40][24]
inst:register_read/prf_reg[40][23]
inst:register_read/prf_reg[40][22]
inst:register_read/prf_reg[40][20]
inst:register_read/prf_reg[40][19]
inst:register_read/prf_reg[40][18]
inst:register_read/prf_reg[40][3]
inst:register_read/prf_reg[32][31]
inst:register_read/prf_reg[32][29]
inst:register_read/prf_reg[32][28]
inst:register_read/prf_reg[32][27]
inst:register_read/prf_reg[4][30]
inst:register_read/prf_reg[32][25]
inst:register_read/prf_reg[32][24]
inst:register_read/prf_reg[32][23]
inst:register_read/prf_reg[32][21]
inst:register_read/prf_reg[34][18]
inst:register_read/prf_reg[32][20]
inst:register_read/prf_reg[32][19]
inst:register_read/prf_reg[4][26]
inst:register_read/prf_reg[32][17]
inst:register_read/prf_reg[32][16]
inst:register_read/prf_reg[32][15]
inst:register_read/prf_reg[32][13]
inst:register_read/prf_reg[32][12]
inst:register_read/prf_reg[32][11]
inst:register_read/prf_reg[32][9]
inst:register_read/prf_reg[32][8]
inst:register_read/prf_reg[32][7]
inst:register_read/prf_reg[32][5]
inst:register_read/prf_reg[32][4]
inst:register_read/prf_reg[4][14]
inst:register_read/prf_reg[32][3]
inst:register_read/prf_reg[32][1]
inst:register_read/prf_reg[32][0]
inst:register_read/prf_reg[40][17]
inst:register_read/prf_reg[40][15]
inst:register_read/prf_reg[40][14]
inst:register_read/prf_reg[40][13]
inst:register_read/prf_reg[40][11]
inst:register_read/prf_reg[40][10]
inst:register_read/prf_reg[40][9]
inst:register_read/prf_reg[32][14]
inst:register_read/prf_reg[40][7]
inst:register_read/prf_reg[4][22]
inst:register_read/prf_reg[40][6]
inst:register_read/prf_reg[40][5]
inst:register_read/prf_reg[40][2]
inst:register_read/prf_reg[40][1]
inst:register_read/prf_reg[32][26]
inst:register_read/prf_reg[4][18]
inst:register_read/prf_reg[4][10]
inst:register_read/prf_reg[4][2]
inst:register_read/prf_reg[32][22]
inst:register_read/prf_reg[32][18]
inst:register_read/prf_reg[34][31]
inst:register_read/prf_reg[4][6]
inst:register_read/prf_reg[52][27]
inst:register_read/prf_reg[32][6]
inst:register_read/prf_reg[40][16]
inst:register_read/prf_reg[40][0]
inst:register_read/prf_reg[34][23]
inst:register_read/prf_reg[42][16]
inst:register_read/prf_reg[42][15]
inst:register_read/prf_reg[32][10]
inst:register_read/prf_reg[42][14]
inst:register_read/prf_reg[42][12]
inst:register_read/prf_reg[42][11]
inst:register_read/prf_reg[42][10]
inst:register_read/prf_reg[42][9]
inst:register_read/prf_reg[34][19]
inst:register_read/prf_reg[42][8]
inst:register_read/prf_reg[42][7]
inst:register_read/prf_reg[34][30]
inst:register_read/prf_reg[34][29]
inst:register_read/prf_reg[34][14]
inst:register_read/prf_reg[34][27]
inst:register_read/prf_reg[34][17]
inst:register_read/prf_reg[34][12]
inst:register_read/prf_reg[52][23]
inst:register_read/prf_reg[34][10]
inst:register_read/prf_reg[34][9]
inst:register_read/prf_reg[34][8]
inst:register_read/prf_reg[43][29]
inst:register_read/prf_reg[33][22]
inst:register_read/prf_reg[43][28]
inst:register_read/prf_reg[43][27]
inst:register_read/prf_reg[43][25]
inst:register_read/prf_reg[43][24]
inst:register_read/prf_reg[43][23]
inst:register_read/prf_reg[43][21]
inst:register_read/prf_reg[43][20]
inst:register_read/prf_reg[35][19]
inst:register_read/prf_reg[35][17]
inst:register_read/prf_reg[34][5]
inst:register_read/prf_reg[35][16]
inst:register_read/prf_reg[35][15]
inst:register_read/prf_reg[52][19]
inst:register_read/prf_reg[42][31]
inst:register_read/prf_reg[42][29]
inst:register_read/prf_reg[42][28]
inst:register_read/prf_reg[42][27]
inst:register_read/prf_reg[42][25]
inst:register_read/prf_reg[42][24]
inst:register_read/prf_reg[52][11]
inst:register_read/prf_reg[32][2]
inst:register_read/prf_reg[42][23]
inst:register_read/prf_reg[42][21]
inst:register_read/prf_reg[42][20]
inst:register_read/prf_reg[42][19]
inst:register_read/prf_reg[42][17]
inst:register_read/prf_reg[34][1]
inst:register_read/prf_reg[33][29]
inst:register_read/prf_reg[42][6]
inst:register_read/prf_reg[42][5]
inst:register_read/prf_reg[52][15]
inst:register_read/prf_reg[52][7]
inst:register_read/prf_reg[52][3]
inst:register_read/prf_reg[33][18]
inst:register_read/prf_reg[42][3]
inst:register_read/prf_reg[42][2]
inst:register_read/prf_reg[42][1]
inst:register_read/prf_reg[41][31]
inst:register_read/prf_reg[41][30]
inst:register_read/prf_reg[41][29]
inst:register_read/prf_reg[41][27]
inst:register_read/prf_reg[41][26]
inst:register_read/prf_reg[41][25]
inst:register_read/prf_reg[41][23]
inst:register_read/prf_reg[41][22]
inst:register_read/prf_reg[41][21]
inst:register_read/prf_reg[41][20]
inst:register_read/prf_reg[41][19]
inst:register_read/prf_reg[41][18]
inst:register_read/prf_reg[41][17]
inst:register_read/prf_reg[41][15]
inst:register_read/prf_reg[41][14]
inst:register_read/prf_reg[41][13]
inst:register_read/prf_reg[41][11]
inst:register_read/prf_reg[40][12]
inst:register_read/prf_reg[41][10]
inst:register_read/prf_reg[33][7]
inst:register_read/prf_reg[41][9]
inst:register_read/prf_reg[41][8]
inst:register_read/prf_reg[40][8]
inst:register_read/prf_reg[41][7]
inst:register_read/prf_reg[34][26]
inst:register_read/prf_reg[33][11]
inst:register_read/prf_reg[34][25]
inst:register_read/prf_reg[34][24]
inst:register_read/prf_reg[34][22]
inst:register_read/prf_reg[34][21]
inst:register_read/prf_reg[40][4]
inst:register_read/prf_reg[33][3]
inst:register_read/prf_reg[43][18]
inst:register_read/prf_reg[43][14]
inst:register_read/prf_reg[43][10]
inst:register_read/prf_reg[43][6]
inst:register_read/prf_reg[35][30]
inst:register_read/prf_reg[35][9]
inst:register_read/prf_reg[35][22]
inst:register_read/prf_reg[35][26]
inst:register_read/prf_reg[35][13]
inst:register_read/prf_reg[41][4]
inst:register_read/prf_reg[35][5]
inst:register_read/prf_reg[35][1]
inst:register_read/prf_reg[42][13]
inst:register_read/prf_reg[41][0]
inst:register_read/prf_reg[53][7]
inst:register_read/prf_reg[33][14]
inst:register_read/prf_reg[6][25]
inst:register_read/prf_reg[6][21]
inst:register_read/prf_reg[6][17]
inst:register_read/prf_reg[6][13]
inst:register_read/prf_reg[6][9]
inst:register_read/prf_reg[6][5]
inst:register_read/prf_reg[54][28]
inst:register_read/prf_reg[54][20]
inst:register_read/prf_reg[54][24]
inst:register_read/prf_reg[54][12]
inst:register_read/prf_reg[54][4]
inst:register_read/prf_reg[54][16]
inst:register_read/prf_reg[54][8]
inst:register_read/prf_reg[53][19]
inst:register_read/prf_reg[53][11]
inst:register_read/prf_reg[53][15]
inst:register_read/prf_reg[5][6]
inst:register_read/prf_reg[20][5]
inst:register_read/prf_reg[23][24]
inst:register_read/prf_reg[22][24]
inst:register_read/prf_reg[22][31]
inst:register_read/prf_reg[22][28]
inst:register_read/prf_reg[46][27]
inst:register_read/prf_reg[46][31]
inst:register_read/prf_reg[46][23]
inst:register_read/prf_reg[46][7]
inst:register_read/prf_reg[22][20]
inst:register_read/prf_reg[22][11]
inst:register_read/prf_reg[22][16]
inst:register_read/prf_reg[46][19]
inst:register_read/prf_reg[46][15]
inst:register_read/prf_reg[22][7]
inst:register_read/prf_reg[46][11]
inst:register_read/prf_reg[22][3]
inst:register_read/prf_reg[23][28]
inst:register_read/prf_reg[23][16]
inst:register_read/prf_reg[45][31]
inst:register_read/prf_reg[46][3]
inst:register_read/prf_reg[23][20]
inst:register_read/prf_reg[45][23]
inst:register_read/prf_reg[45][27]
inst:register_read/prf_reg[23][8]
inst:register_read/prf_reg[23][12]
inst:register_read/prf_reg[45][19]
inst:register_read/prf_reg[45][15]
inst:register_read/prf_reg[23][4]
inst:register_read/prf_reg[23][0]
inst:register_read/prf_reg[21][28]
inst:register_read/prf_reg[45][11]
inst:register_read/prf_reg[21][7]
inst:register_read/prf_reg[45][7]
inst:register_read/prf_reg[21][3]
inst:register_read/prf_reg[50][31]
inst:register_read/prf_reg[50][10]
inst:register_read/prf_reg[50][27]
inst:register_read/prf_reg[50][26]
inst:register_read/prf_reg[50][22]
inst:register_read/prf_reg[50][18]
inst:register_read/prf_reg[51][9]
inst:register_read/prf_reg[51][7]
inst:register_read/prf_reg[51][6]
inst:register_read/prf_reg[51][5]
inst:register_read/prf_reg[51][3]
inst:register_read/prf_reg[51][2]
inst:register_read/prf_reg[51][1]
inst:register_read/prf_reg[49][30]
inst:register_read/prf_reg[49][10]
inst:register_read/prf_reg[49][9]
inst:register_read/prf_reg[49][7]
inst:register_read/prf_reg[49][6]
inst:register_read/prf_reg[49][5]
inst:register_read/prf_reg[50][14]
inst:register_read/prf_reg[22][12]
inst:register_read/prf_reg[23][31]
inst:register_read/prf_reg[22][29]
inst:register_read/prf_reg[22][30]
inst:register_read/prf_reg[22][27]
inst:register_read/prf_reg[22][26]
inst:register_read/prf_reg[22][25]
inst:register_read/prf_reg[22][23]
inst:register_read/prf_reg[22][22]
inst:register_read/prf_reg[22][21]
inst:register_read/prf_reg[22][19]
inst:register_read/prf_reg[22][18]
inst:register_read/prf_reg[22][17]
inst:register_read/prf_reg[22][15]
inst:register_read/prf_reg[49][20]
inst:register_read/prf_reg[21][18]
inst:register_read/prf_reg[22][13]
inst:register_read/prf_reg[22][10]
inst:register_read/prf_reg[50][6]
inst:register_read/prf_reg[49][28]
inst:register_read/prf_reg[21][27]
inst:register_read/prf_reg[21][23]
inst:register_read/prf_reg[49][24]
inst:register_read/prf_reg[47][30]
inst:register_read/prf_reg[51][29]
inst:register_read/prf_reg[21][15]
inst:register_read/prf_reg[21][19]
inst:register_read/prf_reg[21][11]
inst:register_read/prf_reg[49][16]
inst:register_read/prf_reg[49][12]
inst:register_read/prf_reg[49][2]
inst:register_read/prf_reg[22][9]
inst:register_read/prf_reg[47][26]
inst:register_read/prf_reg[47][22]
inst:register_read/prf_reg[47][18]
inst:register_read/prf_reg[20][30]
inst:register_read/prf_reg[20][22]
inst:register_read/prf_reg[20][26]
inst:register_read/prf_reg[47][14]
inst:register_read/prf_reg[20][18]
inst:register_read/prf_reg[20][14]
inst:register_read/prf_reg[47][10]
inst:register_read/prf_reg[47][2]
inst:register_read/prf_reg[47][6]
inst:register_read/prf_reg[20][0]
inst:register_read/prf_reg[20][1]
inst:register_read/prf_reg[20][3]
inst:register_read/prf_reg[20][4]
inst:register_read/prf_reg[45][3]
inst:register_read/prf_reg[20][7]
inst:register_read/prf_reg[20][8]
inst:register_read/prf_reg[20][9]
inst:register_read/prf_reg[20][11]
inst:register_read/prf_reg[20][12]
inst:register_read/prf_reg[20][13]
inst:register_read/prf_reg[20][15]
inst:register_read/prf_reg[20][16]
inst:register_read/prf_reg[20][17]
inst:register_read/prf_reg[20][19]
inst:register_read/prf_reg[20][20]
inst:register_read/prf_reg[20][21]
inst:register_read/prf_reg[20][23]
inst:register_read/prf_reg[20][24]
inst:register_read/prf_reg[20][25]
inst:register_read/prf_reg[20][27]
inst:register_read/prf_reg[20][28]
inst:register_read/prf_reg[20][29]
inst:register_read/prf_reg[20][31]
inst:register_read/prf_reg[21][12]
inst:register_read/prf_reg[21][13]
inst:register_read/prf_reg[21][14]
inst:register_read/prf_reg[21][16]
inst:register_read/prf_reg[21][17]
inst:register_read/prf_reg[22][14]
inst:register_read/prf_reg[21][20]
inst:register_read/prf_reg[21][21]
inst:register_read/prf_reg[21][22]
inst:register_read/prf_reg[21][24]
inst:register_read/prf_reg[21][25]
inst:register_read/prf_reg[21][26]
inst:register_read/prf_reg[20][10]
inst:register_read/prf_reg[21][0]
inst:register_read/prf_reg[21][1]
inst:register_read/prf_reg[21][2]
inst:register_read/prf_reg[21][4]
inst:register_read/prf_reg[21][5]
inst:register_read/prf_reg[21][6]
inst:register_read/prf_reg[21][8]
inst:register_read/prf_reg[21][9]
inst:register_read/prf_reg[21][10]
inst:register_read/prf_reg[21][29]
inst:register_read/prf_reg[21][30]
inst:register_read/prf_reg[21][31]
inst:register_read/prf_reg[23][1]
inst:register_read/prf_reg[23][2]
inst:register_read/prf_reg[23][3]
inst:register_read/prf_reg[23][5]
inst:register_read/prf_reg[23][6]
inst:register_read/prf_reg[23][7]
inst:register_read/prf_reg[23][9]
inst:register_read/prf_reg[23][10]
inst:register_read/prf_reg[23][11]
inst:register_read/prf_reg[23][13]
inst:register_read/prf_reg[23][14]
inst:register_read/prf_reg[23][15]
inst:register_read/prf_reg[23][17]
inst:register_read/prf_reg[23][18]
inst:register_read/prf_reg[23][19]
inst:register_read/prf_reg[23][21]
inst:register_read/prf_reg[23][22]
inst:register_read/prf_reg[23][23]
inst:register_read/prf_reg[23][25]
inst:register_read/prf_reg[23][26]
inst:register_read/prf_reg[23][27]
inst:register_read/prf_reg[22][0]
inst:register_read/prf_reg[22][1]
inst:register_read/prf_reg[22][2]
inst:register_read/prf_reg[22][4]
inst:register_read/prf_reg[22][5]
inst:register_read/prf_reg[22][6]
inst:register_read/prf_reg[22][8]
inst:register_read/g263009
inst:register_read/g262964
inst:register_read/g262965
inst:register_read/g262966
inst:register_read/g263002
inst:register_read/g263006
inst:register_read/g262963
inst:register_read/g263552
inst:register_read/g263033
inst:register_read/g263012
inst:register_read/g263010
inst:register_read/g263014
inst:register_read/g263017
inst:register_read/g263023
inst:register_read/g262996
inst:register_read/g262995
inst:register_read/g262994
inst:register_read/g262987
inst:register_read/g262986
inst:register_read/g262985
inst:register_read/g262984
inst:register_read/g262979
inst:register_read/g262978
inst:register_read/g262971
inst:register_read/g262970
inst:register_read/g262968
inst:register_read/g263024
inst:register_read/g263025
inst:register_read/g263031
inst:register_read/g263032
inst:register_read/g263013
inst:register_read/prf_reg[46][12]
inst:register_read/prf_reg[51][11]
inst:register_read/prf_reg[51][13]
inst:register_read/prf_reg[51][14]
inst:register_read/prf_reg[51][15]
inst:register_read/prf_reg[51][17]
inst:register_read/prf_reg[51][18]
inst:register_read/prf_reg[51][19]
inst:register_read/prf_reg[51][21]
inst:register_read/prf_reg[51][22]
inst:register_read/prf_reg[51][23]
inst:register_read/prf_reg[51][26]
inst:register_read/prf_reg[47][0]
inst:register_read/prf_reg[47][1]
inst:register_read/prf_reg[47][3]
inst:register_read/prf_reg[47][4]
inst:register_read/prf_reg[47][5]
inst:register_read/prf_reg[47][7]
inst:register_read/prf_reg[47][8]
inst:register_read/prf_reg[47][9]
inst:register_read/prf_reg[47][11]
inst:register_read/prf_reg[47][12]
inst:register_read/prf_reg[47][13]
inst:register_read/prf_reg[47][15]
inst:register_read/prf_reg[47][16]
inst:register_read/prf_reg[47][17]
inst:register_read/prf_reg[47][19]
inst:register_read/prf_reg[47][20]
inst:register_read/prf_reg[47][21]
inst:register_read/prf_reg[47][23]
inst:register_read/prf_reg[47][24]
inst:register_read/prf_reg[47][25]
inst:register_read/prf_reg[47][27]
inst:register_read/prf_reg[47][28]
inst:register_read/prf_reg[47][29]
inst:register_read/prf_reg[47][31]
inst:register_read/prf_reg[49][0]
inst:register_read/prf_reg[49][1]
inst:register_read/prf_reg[49][3]
inst:register_read/prf_reg[49][4]
inst:register_read/prf_reg[49][11]
inst:register_read/prf_reg[49][13]
inst:register_read/prf_reg[49][14]
inst:register_read/prf_reg[49][15]
inst:register_read/prf_reg[49][17]
inst:register_read/prf_reg[49][18]
inst:register_read/prf_reg[49][19]
inst:register_read/prf_reg[49][21]
inst:register_read/prf_reg[49][22]
inst:register_read/prf_reg[49][23]
inst:register_read/prf_reg[49][25]
inst:register_read/prf_reg[49][26]
inst:register_read/prf_reg[49][27]
inst:register_read/prf_reg[49][29]
inst:register_read/prf_reg[50][4]
inst:register_read/prf_reg[50][5]
inst:register_read/prf_reg[50][7]
inst:register_read/prf_reg[50][8]
inst:register_read/prf_reg[50][9]
inst:register_read/prf_reg[50][11]
inst:register_read/prf_reg[50][12]
inst:register_read/prf_reg[50][13]
inst:register_read/prf_reg[50][15]
inst:register_read/prf_reg[50][16]
inst:register_read/prf_reg[50][17]
inst:register_read/prf_reg[50][19]
inst:register_read/prf_reg[50][20]
inst:register_read/prf_reg[50][21]
inst:register_read/prf_reg[50][23]
inst:register_read/prf_reg[50][24]
inst:register_read/prf_reg[50][25]
inst:register_read/prf_reg[45][0]
inst:register_read/prf_reg[45][1]
inst:register_read/prf_reg[45][2]
inst:register_read/prf_reg[45][4]
inst:register_read/prf_reg[45][5]
inst:register_read/prf_reg[45][6]
inst:register_read/prf_reg[45][8]
inst:register_read/prf_reg[45][9]
inst:register_read/prf_reg[45][10]
inst:register_read/prf_reg[45][12]
inst:register_read/prf_reg[45][13]
inst:register_read/prf_reg[45][14]
inst:register_read/prf_reg[45][16]
inst:register_read/prf_reg[45][17]
inst:register_read/prf_reg[45][18]
inst:register_read/prf_reg[45][20]
inst:register_read/prf_reg[45][21]
inst:register_read/prf_reg[45][22]
inst:register_read/prf_reg[45][24]
inst:register_read/prf_reg[45][25]
inst:register_read/prf_reg[45][26]
inst:register_read/prf_reg[45][28]
inst:register_read/prf_reg[45][29]
inst:register_read/prf_reg[45][30]
inst:register_read/prf_reg[46][0]
inst:register_read/prf_reg[46][1]
inst:register_read/prf_reg[46][2]
inst:register_read/prf_reg[46][4]
inst:register_read/prf_reg[46][5]
inst:register_read/prf_reg[46][6]
inst:register_read/prf_reg[46][8]
inst:register_read/prf_reg[46][9]
inst:register_read/prf_reg[46][10]
inst:register_read/prf_reg[51][10]
inst:register_read/prf_reg[46][13]
inst:register_read/prf_reg[46][14]
inst:register_read/prf_reg[46][16]
inst:register_read/prf_reg[46][17]
inst:register_read/prf_reg[46][18]
inst:register_read/prf_reg[46][20]
inst:register_read/prf_reg[46][21]
inst:register_read/prf_reg[46][22]
inst:register_read/prf_reg[46][24]
inst:register_read/prf_reg[46][25]
inst:register_read/prf_reg[46][26]
inst:register_read/prf_reg[46][28]
inst:register_read/prf_reg[46][29]
inst:register_read/prf_reg[46][30]
inst:register_read/prf_reg[44][0]
inst:register_read/prf_reg[44][2]
inst:register_read/prf_reg[44][3]
inst:register_read/prf_reg[44][4]
inst:register_read/prf_reg[20][2]
inst:register_read/prf_reg[44][6]
inst:register_read/prf_reg[44][7]
inst:register_read/prf_reg[44][8]
inst:register_read/prf_reg[44][10]
inst:register_read/prf_reg[44][11]
inst:register_read/prf_reg[44][12]
inst:register_read/prf_reg[44][14]
inst:register_read/prf_reg[44][15]
inst:register_read/prf_reg[44][16]
inst:register_read/prf_reg[44][18]
inst:register_read/prf_reg[44][28]
inst:register_read/prf_reg[44][29]
inst:register_read/prf_reg[44][31]
inst:register_read/prf_reg[44][19]
inst:register_read/prf_reg[44][20]
inst:register_read/prf_reg[44][22]
inst:register_read/prf_reg[44][23]
inst:register_read/prf_reg[44][24]
inst:register_read/prf_reg[44][27]
inst:register_read/prf_reg[48][29]
inst:register_read/prf_reg[48][31]
inst:register_read/prf_reg[20][6]
inst:register_read/prf_reg[51][0]
inst:register_read/prf_reg[51][27]
inst:register_read/prf_reg[51][28]
inst:register_read/prf_reg[51][30]
inst:register_read/prf_reg[51][31]
inst:register_read/prf_reg[50][0]
inst:register_read/prf_reg[50][1]
inst:register_read/prf_reg[50][2]
inst:register_read/prf_reg[50][3]
inst:register_read/prf_reg[50][28]
inst:register_read/prf_reg[50][29]
inst:register_read/prf_reg[50][30]
inst:register_read/prf_reg[48][0]
inst:register_read/prf_reg[48][1]
inst:register_read/prf_reg[48][2]
inst:register_read/prf_reg[48][3]
inst:register_read/prf_reg[48][5]
inst:register_read/prf_reg[48][6]
inst:register_read/prf_reg[48][7]
inst:register_read/prf_reg[48][9]
inst:register_read/prf_reg[48][10]
inst:register_read/prf_reg[48][11]
inst:register_read/prf_reg[48][13]
inst:register_read/prf_reg[48][14]
inst:register_read/prf_reg[48][15]
inst:register_read/prf_reg[48][17]
inst:register_read/prf_reg[48][18]
inst:register_read/prf_reg[48][19]
inst:register_read/prf_reg[48][21]
inst:register_read/prf_reg[48][22]
inst:register_read/prf_reg[48][23]
inst:register_read/prf_reg[48][25]
inst:register_read/prf_reg[48][26]
inst:register_read/prf_reg[48][27]
inst:register_read/prf_reg[51][25]
inst:register_read/prf_reg[51][24]
inst:register_read/prf_reg[51][16]
inst:register_read/prf_reg[51][20]
inst:register_read/prf_reg[51][12]
inst:register_read/prf_reg[51][8]
inst:register_read/prf_reg[51][4]
inst:register_read/prf_reg[49][31]
inst:register_read/prf_reg[49][8]
inst:register_read/prf_reg[48][16]
inst:register_read/prf_reg[48][28]
inst:register_read/prf_reg[44][26]
inst:register_read/prf_reg[23][30]
inst:register_read/prf_reg[48][30]
inst:register_read/prf_reg[48][24]
inst:register_read/prf_reg[44][21]
inst:register_read/prf_reg[44][25]
inst:register_read/prf_reg[23][29]
inst:register_read/prf_reg[48][20]
inst:register_read/prf_reg[48][8]
inst:register_read/prf_reg[44][30]
inst:register_read/prf_reg[44][17]
inst:register_read/prf_reg[48][12]
inst:register_read/prf_reg[48][4]
inst:register_read/prf_reg[44][1]
inst:register_read/prf_reg[44][13]
inst:register_read/prf_reg[44][9]
inst:register_read/prf_reg[44][5]
inst:register_read/prf_reg[29][2]
inst:register_read/prf_reg[9][11]
inst:register_read/prf_reg[15][7]
inst:register_read/prf_reg[18][10]
inst:register_read/prf_reg[63][6]
inst:register_read/prf_reg[3][11]
inst:register_read/prf_reg[13][1]
inst:register_read/prf_reg[58][16]
inst:register_read/prf_reg[18][14]
inst:register_read/prf_reg[58][12]
inst:register_read/prf_reg[11][9]
inst:register_read/prf_reg[31][10]
inst:register_read/prf_reg[18][2]
inst:register_read/prf_reg[16][12]
inst:register_read/prf_reg[31][6]
inst:register_read/prf_reg[58][8]
inst:register_read/prf_reg[10][11]
inst:register_read/prf_reg[18][6]
inst:register_read/prf_reg[16][4]
inst:register_read/prf_reg[11][25]
inst:register_read/prf_reg[31][18]
inst:register_read/prf_reg[12][27]
inst:register_read/prf_reg[16][8]
inst:register_read/prf_reg[31][14]
inst:register_read/prf_reg[16][13]
inst:register_read/prf_reg[12][3]
inst:register_read/prf_reg[12][31]
inst:register_read/prf_reg[10][15]
inst:register_read/prf_reg[30][4]
inst:register_read/prf_reg[60][28]
inst:register_read/prf_reg[30][8]
inst:register_read/prf_reg[12][19]
inst:register_read/prf_reg[12][23]
inst:register_read/prf_reg[11][29]
inst:register_read/prf_reg[60][31]
inst:register_read/prf_reg[10][19]
inst:register_read/prf_reg[10][23]
inst:register_read/prf_reg[30][16]
inst:register_read/prf_reg[12][15]
inst:register_read/prf_reg[17][25]
inst:register_read/prf_reg[3][12]
inst:register_read/prf_reg[31][22]
inst:register_read/prf_reg[30][12]
inst:register_read/prf_reg[12][11]
inst:register_read/prf_reg[8][3]
inst:register_read/prf_reg[31][26]
inst:register_read/prf_reg[60][19]
inst:register_read/prf_reg[30][24]
inst:register_read/prf_reg[60][27]
inst:register_read/prf_reg[12][7]
inst:register_read/prf_reg[10][27]
inst:register_read/prf_reg[30][20]
inst:register_read/prf_reg[60][23]
inst:register_read/prf_reg[9][24]
inst:register_read/prf_reg[9][25]
inst:register_read/prf_reg[9][26]
inst:register_read/prf_reg[9][28]
inst:register_read/prf_reg[9][29]
inst:register_read/prf_reg[17][29]
inst:register_read/prf_reg[31][0]
inst:register_read/prf_reg[31][3]
inst:register_read/prf_reg[17][15]
inst:register_read/prf_reg[60][11]
inst:register_read/prf_reg[13][5]
inst:register_read/prf_reg[1][19]
inst:register_read/prf_reg[60][15]
inst:register_read/prf_reg[60][7]
inst:register_read/prf_reg[13][9]
inst:register_read/prf_reg[17][19]
inst:register_read/prf_reg[1][2]
inst:register_read/prf_reg[2][30]
inst:register_read/prf_reg[60][3]
inst:register_read/prf_reg[17][8]
inst:register_read/prf_reg[31][4]
inst:register_read/prf_reg[31][30]
inst:register_read/prf_reg[15][3]
inst:register_read/prf_reg[17][2]
inst:register_read/g263547
inst:register_read/prf_reg[31][5]
inst:register_read/prf_reg[31][7]
inst:register_read/prf_reg[31][8]
inst:register_read/prf_reg[31][9]
inst:register_read/prf_reg[31][11]
inst:register_read/prf_reg[15][29]
inst:register_read/prf_reg[31][12]
inst:register_read/prf_reg[31][13]
inst:register_read/prf_reg[62][5]
inst:register_read/prf_reg[3][28]
inst:register_read/prf_reg[28][22]
inst:register_read/prf_reg[2][24]
inst:register_read/prf_reg[61][24]
inst:register_read/prf_reg[2][16]
inst:register_read/prf_reg[13][14]
inst:register_read/prf_reg[2][20]
inst:register_read/prf_reg[61][16]
inst:register_read/prf_reg[2][13]
inst:register_read/prf_reg[15][11]
inst:register_read/prf_reg[15][15]
inst:register_read/prf_reg[2][10]
inst:register_read/prf_reg[61][28]
inst:register_read/prf_reg[61][29]
inst:register_read/prf_reg[61][31]
inst:register_read/prf_reg[59][0]
inst:register_read/prf_reg[59][1]
inst:register_read/prf_reg[59][3]
inst:register_read/prf_reg[59][4]
inst:register_read/prf_reg[59][5]
inst:register_read/prf_reg[61][20]
inst:register_read/prf_reg[59][7]
inst:register_read/prf_reg[59][8]
inst:register_read/prf_reg[59][9]
inst:register_read/prf_reg[59][11]
inst:register_read/prf_reg[59][12]
inst:register_read/prf_reg[59][13]
inst:register_read/prf_reg[59][15]
inst:register_read/prf_reg[59][16]
inst:register_read/prf_reg[59][17]
inst:register_read/prf_reg[59][19]
inst:register_read/prf_reg[59][20]
inst:register_read/prf_reg[59][21]
inst:register_read/prf_reg[59][23]
inst:register_read/prf_reg[59][24]
inst:register_read/prf_reg[59][25]
inst:register_read/prf_reg[59][27]
inst:register_read/prf_reg[59][28]
inst:register_read/prf_reg[59][29]
inst:register_read/prf_reg[59][31]
inst:register_read/prf_reg[61][12]
inst:register_read/prf_reg[57][1]
inst:register_read/prf_reg[57][2]
inst:register_read/prf_reg[57][3]
inst:register_read/prf_reg[57][5]
inst:register_read/prf_reg[57][6]
inst:register_read/prf_reg[57][7]
inst:register_read/prf_reg[57][9]
inst:register_read/prf_reg[57][10]
inst:register_read/prf_reg[57][11]
inst:register_read/prf_reg[57][13]
inst:register_read/prf_reg[57][14]
inst:register_read/prf_reg[57][15]
inst:register_read/prf_reg[57][17]
inst:register_read/prf_reg[57][18]
inst:register_read/prf_reg[57][19]
inst:register_read/prf_reg[57][21]
inst:register_read/prf_reg[57][22]
inst:register_read/prf_reg[57][23]
inst:register_read/prf_reg[57][25]
inst:register_read/prf_reg[57][26]
inst:register_read/prf_reg[57][27]
inst:register_read/prf_reg[57][29]
inst:register_read/prf_reg[57][30]
inst:register_read/prf_reg[57][31]
inst:register_read/prf_reg[63][20]
inst:register_read/prf_reg[63][21]
inst:register_read/prf_reg[63][22]
inst:register_read/prf_reg[63][24]
inst:register_read/prf_reg[63][25]
inst:register_read/prf_reg[63][26]
inst:register_read/prf_reg[63][28]
inst:register_read/prf_reg[63][29]
inst:register_read/prf_reg[63][30]
inst:register_read/prf_reg[63][0]
inst:register_read/prf_reg[63][1]
inst:register_read/prf_reg[63][3]
inst:register_read/prf_reg[63][4]
inst:register_read/prf_reg[63][5]
inst:register_read/prf_reg[63][7]
inst:register_read/prf_reg[63][8]
inst:register_read/prf_reg[63][9]
inst:register_read/prf_reg[63][11]
inst:register_read/prf_reg[63][12]
inst:register_read/prf_reg[63][13]
inst:register_read/prf_reg[63][15]
inst:register_read/prf_reg[63][16]
inst:register_read/prf_reg[63][17]
inst:register_read/prf_reg[58][0]
inst:register_read/prf_reg[58][1]
inst:register_read/prf_reg[58][2]
inst:register_read/prf_reg[58][4]
inst:register_read/prf_reg[58][5]
inst:register_read/prf_reg[58][6]
inst:register_read/prf_reg[58][21]
inst:register_read/prf_reg[58][22]
inst:register_read/prf_reg[58][23]
inst:register_read/prf_reg[58][25]
inst:register_read/prf_reg[58][26]
inst:register_read/prf_reg[58][27]
inst:register_read/prf_reg[58][29]
inst:register_read/prf_reg[58][30]
inst:register_read/prf_reg[58][31]
inst:register_read/prf_reg[61][1]
inst:register_read/prf_reg[61][2]
inst:register_read/prf_reg[61][3]
inst:register_read/prf_reg[61][5]
inst:register_read/prf_reg[61][6]
inst:register_read/prf_reg[61][7]
inst:register_read/prf_reg[61][9]
inst:register_read/prf_reg[61][10]
inst:register_read/prf_reg[61][11]
inst:register_read/prf_reg[61][13]
inst:register_read/prf_reg[61][14]
inst:register_read/prf_reg[61][15]
inst:register_read/prf_reg[61][17]
inst:register_read/prf_reg[61][18]
inst:register_read/prf_reg[61][19]
inst:register_read/prf_reg[61][21]
inst:register_read/prf_reg[61][22]
inst:register_read/prf_reg[61][23]
inst:register_read/prf_reg[61][25]
inst:register_read/prf_reg[61][26]
inst:register_read/prf_reg[61][27]
inst:register_read/prf_reg[60][2]
inst:register_read/prf_reg[59][30]
inst:register_read/prf_reg[60][4]
inst:register_read/prf_reg[60][5]
inst:register_read/prf_reg[60][6]
inst:register_read/prf_reg[60][8]
inst:register_read/prf_reg[60][9]
inst:register_read/prf_reg[60][10]
inst:register_read/prf_reg[60][12]
inst:register_read/prf_reg[60][13]
inst:register_read/prf_reg[60][14]
inst:register_read/prf_reg[60][16]
inst:register_read/prf_reg[60][17]
inst:register_read/prf_reg[60][18]
inst:register_read/prf_reg[60][20]
inst:register_read/prf_reg[60][21]
inst:register_read/prf_reg[60][22]
inst:register_read/prf_reg[60][25]
inst:register_read/prf_reg[60][24]
inst:register_read/prf_reg[60][1]
inst:register_read/prf_reg[60][26]
inst:register_read/prf_reg[60][0]
inst:register_read/prf_reg[60][30]
inst:register_read/prf_reg[60][29]
inst:register_read/prf_reg[58][7]
inst:register_read/prf_reg[58][9]
inst:register_read/prf_reg[58][10]
inst:register_read/prf_reg[58][11]
inst:register_read/prf_reg[58][13]
inst:register_read/prf_reg[58][14]
inst:register_read/prf_reg[58][15]
inst:register_read/prf_reg[58][18]
inst:register_read/prf_reg[58][17]
inst:register_read/prf_reg[59][14]
inst:register_read/prf_reg[56][26]
inst:register_read/prf_reg[56][27]
inst:register_read/prf_reg[56][28]
inst:register_read/prf_reg[56][30]
inst:register_read/prf_reg[56][31]
inst:register_read/prf_reg[62][0]
inst:register_read/prf_reg[62][2]
inst:register_read/prf_reg[62][3]
inst:register_read/prf_reg[62][4]
inst:register_read/prf_reg[62][7]
inst:register_read/prf_reg[62][8]
inst:register_read/prf_reg[62][9]
inst:register_read/prf_reg[62][11]
inst:register_read/prf_reg[62][12]
inst:register_read/prf_reg[62][13]
inst:register_read/prf_reg[62][15]
inst:register_read/prf_reg[62][16]
inst:register_read/prf_reg[62][17]
inst:register_read/prf_reg[62][19]
inst:register_read/prf_reg[62][20]
inst:register_read/prf_reg[62][21]
inst:register_read/prf_reg[62][23]
inst:register_read/prf_reg[62][24]
inst:register_read/prf_reg[62][25]
inst:register_read/prf_reg[62][27]
inst:register_read/prf_reg[62][28]
inst:register_read/prf_reg[62][29]
inst:register_read/prf_reg[62][31]
inst:register_read/prf_reg[56][0]
inst:register_read/prf_reg[56][1]
inst:register_read/prf_reg[56][3]
inst:register_read/prf_reg[56][4]
inst:register_read/prf_reg[56][5]
inst:register_read/prf_reg[56][7]
inst:register_read/prf_reg[56][8]
inst:register_read/prf_reg[56][9]
inst:register_read/prf_reg[56][11]
inst:register_read/prf_reg[56][12]
inst:register_read/prf_reg[56][13]
inst:register_read/prf_reg[56][15]
inst:register_read/prf_reg[56][16]
inst:register_read/prf_reg[56][17]
inst:register_read/prf_reg[56][19]
inst:register_read/prf_reg[56][20]
inst:register_read/prf_reg[56][21]
inst:register_read/prf_reg[56][23]
inst:register_read/prf_reg[56][24]
inst:register_read/prf_reg[56][25]
inst:register_read/prf_reg[3][1]
inst:register_read/prf_reg[3][5]
inst:register_read/prf_reg[3][6]
inst:register_read/prf_reg[3][8]
inst:register_read/prf_reg[3][9]
inst:register_read/prf_reg[3][10]
inst:register_read/prf_reg[3][14]
inst:register_read/prf_reg[3][15]
inst:register_read/prf_reg[3][16]
inst:register_read/prf_reg[3][18]
inst:register_read/prf_reg[3][19]
inst:register_read/prf_reg[3][22]
inst:register_read/prf_reg[3][24]
inst:register_read/prf_reg[3][25]
inst:register_read/prf_reg[3][26]
inst:register_read/prf_reg[3][29]
inst:register_read/prf_reg[3][30]
inst:register_read/prf_reg[3][31]
inst:register_read/prf_reg[19][1]
inst:register_read/prf_reg[19][17]
inst:register_read/prf_reg[19][18]
inst:register_read/prf_reg[19][20]
inst:register_read/prf_reg[19][21]
inst:register_read/prf_reg[19][22]
inst:register_read/prf_reg[19][25]
inst:register_read/prf_reg[19][26]
inst:register_read/prf_reg[19][27]
inst:register_read/prf_reg[19][29]
inst:register_read/prf_reg[19][30]
inst:register_read/prf_reg[19][31]
inst:register_read/prf_reg[1][5]
inst:register_read/prf_reg[1][6]
inst:register_read/prf_reg[1][7]
inst:register_read/prf_reg[1][9]
inst:register_read/prf_reg[1][10]
inst:register_read/prf_reg[1][11]
inst:register_read/prf_reg[1][13]
inst:register_read/prf_reg[1][14]
inst:register_read/prf_reg[1][15]
inst:register_read/prf_reg[1][20]
inst:register_read/prf_reg[1][21]
inst:register_read/prf_reg[1][22]
inst:register_read/prf_reg[1][24]
inst:register_read/prf_reg[1][25]
inst:register_read/prf_reg[1][26]
inst:register_read/prf_reg[1][28]
inst:register_read/prf_reg[1][29]
inst:register_read/prf_reg[1][30]
inst:register_read/prf_reg[2][3]
inst:register_read/prf_reg[2][4]
inst:register_read/prf_reg[2][5]
inst:register_read/prf_reg[2][7]
inst:register_read/prf_reg[2][8]
inst:register_read/prf_reg[2][9]
inst:register_read/prf_reg[2][11]
inst:register_read/prf_reg[2][12]
inst:register_read/prf_reg[2][15]
inst:register_read/prf_reg[2][17]
inst:register_read/prf_reg[2][18]
inst:register_read/prf_reg[2][19]
inst:register_read/prf_reg[2][6]
inst:register_read/prf_reg[2][21]
inst:register_read/prf_reg[2][22]
inst:register_read/prf_reg[2][23]
inst:register_read/prf_reg[2][27]
inst:register_read/prf_reg[2][28]
inst:register_read/prf_reg[2][29]
inst:register_read/prf_reg[2][31]
inst:register_read/prf_reg[17][0]
inst:register_read/prf_reg[17][1]
inst:register_read/prf_reg[17][5]
inst:register_read/prf_reg[17][6]
inst:register_read/prf_reg[17][7]
inst:register_read/prf_reg[17][9]
inst:register_read/prf_reg[17][10]
inst:register_read/prf_reg[17][14]
inst:register_read/prf_reg[17][16]
inst:register_read/prf_reg[17][17]
inst:register_read/prf_reg[17][18]
inst:register_read/prf_reg[17][20]
inst:register_read/prf_reg[17][23]
inst:register_read/prf_reg[17][24]
inst:register_read/prf_reg[17][26]
inst:register_read/prf_reg[17][27]
inst:register_read/prf_reg[17][28]
inst:register_read/prf_reg[17][30]
inst:register_read/prf_reg[17][31]
inst:register_read/prf_reg[12][6]
inst:register_read/prf_reg[12][8]
inst:register_read/prf_reg[12][9]
inst:register_read/prf_reg[12][10]
inst:register_read/prf_reg[12][12]
inst:register_read/prf_reg[12][13]
inst:register_read/prf_reg[12][14]
inst:register_read/prf_reg[12][16]
inst:register_read/prf_reg[12][17]
inst:register_read/prf_reg[12][18]
inst:register_read/prf_reg[12][20]
inst:register_read/prf_reg[12][21]
inst:register_read/prf_reg[12][22]
inst:register_read/prf_reg[12][24]
inst:register_read/prf_reg[12][25]
inst:register_read/prf_reg[12][26]
inst:register_read/prf_reg[12][28]
inst:register_read/prf_reg[12][29]
inst:register_read/prf_reg[12][30]
inst:register_read/prf_reg[12][0]
inst:register_read/prf_reg[12][1]
inst:register_read/prf_reg[12][2]
inst:register_read/prf_reg[12][4]
inst:register_read/prf_reg[18][0]
inst:register_read/prf_reg[18][1]
inst:register_read/prf_reg[18][3]
inst:register_read/prf_reg[18][4]
inst:register_read/prf_reg[18][5]
inst:register_read/prf_reg[18][7]
inst:register_read/prf_reg[18][8]
inst:register_read/prf_reg[18][9]
inst:register_read/prf_reg[18][11]
inst:register_read/prf_reg[18][12]
inst:register_read/prf_reg[18][13]
inst:register_read/prf_reg[19][2]
inst:register_read/prf_reg[18][15]
inst:register_read/prf_reg[18][16]
inst:register_read/prf_reg[18][17]
inst:register_read/prf_reg[18][19]
inst:register_read/prf_reg[18][20]
inst:register_read/prf_reg[18][21]
inst:register_read/prf_reg[18][23]
inst:register_read/prf_reg[18][24]
inst:register_read/prf_reg[18][25]
inst:register_read/prf_reg[18][27]
inst:register_read/prf_reg[18][28]
inst:register_read/prf_reg[18][29]
inst:register_read/prf_reg[18][31]
inst:register_read/prf_reg[12][5]
inst:register_read/prf_reg[13][12]
inst:register_read/prf_reg[13][24]
inst:register_read/prf_reg[13][26]
inst:register_read/prf_reg[13][27]
inst:register_read/prf_reg[13][29]
inst:register_read/prf_reg[13][30]
inst:register_read/prf_reg[13][31]
inst:register_read/prf_reg[14][1]
inst:register_read/prf_reg[14][2]
inst:register_read/prf_reg[14][3]
inst:register_read/prf_reg[14][5]
inst:register_read/prf_reg[14][6]
inst:register_read/prf_reg[14][7]
inst:register_read/prf_reg[14][9]
inst:register_read/prf_reg[14][10]
inst:register_read/prf_reg[14][11]
inst:register_read/prf_reg[14][13]
inst:register_read/prf_reg[14][14]
inst:register_read/prf_reg[14][15]
inst:register_read/prf_reg[14][17]
inst:register_read/prf_reg[14][18]
inst:register_read/prf_reg[14][19]
inst:register_read/prf_reg[14][21]
inst:register_read/prf_reg[14][22]
inst:register_read/prf_reg[14][23]
inst:register_read/prf_reg[14][25]
inst:register_read/prf_reg[28][0]
inst:register_read/prf_reg[28][1]
inst:register_read/prf_reg[28][3]
inst:register_read/prf_reg[28][4]
inst:register_read/prf_reg[28][5]
inst:register_read/prf_reg[28][7]
inst:register_read/prf_reg[28][8]
inst:register_read/prf_reg[28][9]
inst:register_read/prf_reg[28][11]
inst:register_read/prf_reg[28][12]
inst:register_read/prf_reg[28][13]
inst:register_read/prf_reg[28][15]
inst:register_read/prf_reg[28][16]
inst:register_read/prf_reg[28][17]
inst:register_read/prf_reg[28][19]
inst:register_read/prf_reg[28][20]
inst:register_read/prf_reg[28][21]
inst:register_read/prf_reg[28][23]
inst:register_read/prf_reg[28][24]
inst:register_read/prf_reg[28][25]
inst:register_read/prf_reg[28][30]
inst:register_read/prf_reg[19][23]
inst:register_read/prf_reg[19][16]
inst:register_read/prf_reg[19][15]
inst:register_read/prf_reg[19][13]
inst:register_read/prf_reg[19][12]
inst:register_read/prf_reg[19][11]
inst:register_read/prf_reg[19][9]
inst:register_read/prf_reg[19][8]
inst:register_read/prf_reg[19][7]
inst:register_read/prf_reg[19][5]
inst:register_read/prf_reg[19][4]
inst:register_read/prf_reg[19][3]
inst:register_read/prf_reg[2][26]
inst:register_read/prf_reg[2][25]
inst:register_read/prf_reg[2][14]
inst:register_read/prf_reg[2][2]
inst:register_read/prf_reg[2][1]
inst:register_read/prf_reg[2][0]
inst:register_read/prf_reg[3][21]
inst:register_read/prf_reg[3][20]
inst:register_read/prf_reg[3][13]
inst:register_read/prf_reg[3][4]
inst:register_read/prf_reg[3][3]
inst:register_read/prf_reg[3][2]
inst:register_read/prf_reg[30][26]
inst:register_read/prf_reg[30][25]
inst:register_read/prf_reg[30][23]
inst:register_read/prf_reg[30][22]
inst:register_read/prf_reg[30][21]
inst:register_read/prf_reg[30][19]
inst:register_read/prf_reg[30][18]
inst:register_read/prf_reg[30][17]
inst:register_read/prf_reg[30][15]
inst:register_read/prf_reg[30][14]
inst:register_read/prf_reg[30][13]
inst:register_read/prf_reg[30][11]
inst:register_read/prf_reg[30][10]
inst:register_read/prf_reg[30][9]
inst:register_read/prf_reg[30][7]
inst:register_read/prf_reg[30][6]
inst:register_read/prf_reg[30][5]
inst:register_read/prf_reg[30][3]
inst:register_read/prf_reg[30][2]
inst:register_read/prf_reg[16][14]
inst:register_read/prf_reg[16][9]
inst:register_read/prf_reg[16][10]
inst:register_read/prf_reg[16][11]
inst:register_read/prf_reg[16][7]
inst:register_read/prf_reg[16][6]
inst:register_read/prf_reg[16][5]
inst:register_read/prf_reg[16][3]
inst:register_read/prf_reg[16][2]
inst:register_read/prf_reg[16][1]
inst:register_read/prf_reg[31][1]
inst:register_read/prf_reg[61][4]
inst:register_read/prf_reg[17][22]
inst:register_read/prf_reg[17][21]
inst:register_read/prf_reg[17][13]
inst:register_read/prf_reg[17][12]
inst:register_read/prf_reg[17][4]
inst:register_read/prf_reg[17][3]
inst:register_read/prf_reg[8][31]
inst:register_read/prf_reg[8][29]
inst:register_read/prf_reg[8][28]
inst:register_read/prf_reg[8][27]
inst:register_read/prf_reg[8][25]
inst:register_read/prf_reg[8][24]
inst:register_read/prf_reg[8][23]
inst:register_read/prf_reg[8][21]
inst:register_read/prf_reg[8][20]
inst:register_read/prf_reg[8][19]
inst:register_read/prf_reg[8][17]
inst:register_read/prf_reg[8][16]
inst:register_read/prf_reg[8][15]
inst:register_read/prf_reg[8][13]
inst:register_read/prf_reg[8][12]
inst:register_read/prf_reg[8][11]
inst:register_read/prf_reg[8][10]
inst:register_read/prf_reg[8][9]
inst:register_read/prf_reg[8][8]
inst:register_read/prf_reg[8][7]
inst:register_read/prf_reg[8][5]
inst:register_read/prf_reg[14][31]
inst:register_read/prf_reg[14][30]
inst:register_read/prf_reg[14][28]
inst:register_read/prf_reg[14][27]
inst:register_read/prf_reg[14][26]
inst:register_read/prf_reg[15][22]
inst:register_read/prf_reg[15][31]
inst:register_read/prf_reg[15][30]
inst:register_read/prf_reg[15][28]
inst:register_read/prf_reg[15][27]
inst:register_read/prf_reg[15][26]
inst:register_read/prf_reg[15][24]
inst:register_read/prf_reg[15][23]
inst:register_read/prf_reg[15][21]
inst:register_read/prf_reg[15][19]
inst:register_read/prf_reg[15][17]
inst:register_read/prf_reg[15][16]
inst:register_read/prf_reg[15][14]
inst:register_read/prf_reg[15][13]
inst:register_read/prf_reg[15][12]
inst:register_read/prf_reg[15][10]
inst:register_read/prf_reg[15][9]
inst:register_read/prf_reg[15][8]
inst:register_read/prf_reg[15][6]
inst:register_read/prf_reg[15][5]
inst:register_read/prf_reg[15][4]
inst:register_read/prf_reg[15][2]
inst:register_read/prf_reg[15][1]
inst:register_read/prf_reg[15][0]
inst:register_read/prf_reg[1][18]
inst:register_read/prf_reg[1][17]
inst:register_read/prf_reg[1][3]
inst:register_read/prf_reg[1][1]
inst:register_read/prf_reg[1][0]
inst:register_read/prf_reg[8][4]
inst:register_read/prf_reg[8][2]
inst:register_read/prf_reg[8][1]
inst:register_read/prf_reg[8][0]
inst:register_read/prf_reg[9][31]
inst:register_read/prf_reg[9][30]
inst:register_read/prf_reg[9][1]
inst:register_read/prf_reg[9][0]
inst:register_read/prf_reg[16][20]
inst:register_read/prf_reg[16][21]
inst:register_read/prf_reg[16][15]
inst:register_read/prf_reg[16][19]
inst:register_read/prf_reg[16][31]
inst:register_read/prf_reg[16][29]
inst:register_read/prf_reg[16][28]
inst:register_read/prf_reg[16][27]
inst:register_read/prf_reg[16][25]
inst:register_read/prf_reg[16][24]
inst:register_read/prf_reg[16][23]
inst:register_read/prf_reg[16][17]
inst:register_read/prf_reg[16][16]
inst:register_read/prf_reg[16][0]
inst:register_read/prf_reg[10][31]
inst:register_read/prf_reg[10][30]
inst:register_read/prf_reg[10][29]
inst:register_read/prf_reg[10][28]
inst:register_read/prf_reg[10][26]
inst:register_read/prf_reg[10][25]
inst:register_read/prf_reg[10][24]
inst:register_read/prf_reg[10][22]
inst:register_read/prf_reg[10][21]
inst:register_read/prf_reg[10][20]
inst:register_read/prf_reg[10][18]
inst:register_read/prf_reg[10][17]
inst:register_read/prf_reg[10][16]
inst:register_read/prf_reg[10][14]
inst:register_read/prf_reg[10][13]
inst:register_read/prf_reg[10][12]
inst:register_read/prf_reg[10][10]
inst:register_read/prf_reg[10][9]
inst:register_read/prf_reg[10][8]
inst:register_read/prf_reg[10][6]
inst:register_read/prf_reg[10][5]
inst:register_read/prf_reg[10][4]
inst:register_read/prf_reg[10][2]
inst:register_read/prf_reg[10][1]
inst:register_read/prf_reg[10][0]
inst:register_read/prf_reg[30][30]
inst:register_read/prf_reg[30][29]
inst:register_read/prf_reg[30][28]
inst:register_read/prf_reg[30][1]
inst:register_read/prf_reg[30][0]
inst:register_read/prf_reg[29][31]
inst:register_read/prf_reg[29][29]
inst:register_read/prf_reg[29][28]
inst:register_read/prf_reg[29][27]
inst:register_read/prf_reg[29][25]
inst:register_read/prf_reg[29][24]
inst:register_read/prf_reg[29][23]
inst:register_read/prf_reg[29][21]
inst:register_read/prf_reg[29][20]
inst:register_read/prf_reg[29][19]
inst:register_read/prf_reg[29][17]
inst:register_read/prf_reg[29][16]
inst:register_read/prf_reg[29][15]
inst:register_read/prf_reg[29][13]
inst:register_read/prf_reg[29][12]
inst:register_read/prf_reg[29][11]
inst:register_read/prf_reg[29][9]
inst:register_read/prf_reg[29][8]
inst:register_read/prf_reg[29][7]
inst:register_read/prf_reg[29][5]
inst:register_read/prf_reg[29][4]
inst:register_read/prf_reg[29][3]
inst:register_read/prf_reg[29][1]
inst:register_read/prf_reg[29][0]
inst:register_read/prf_reg[31][31]
inst:register_read/prf_reg[31][29]
inst:register_read/prf_reg[31][28]
inst:register_read/prf_reg[31][27]
inst:register_read/prf_reg[31][25]
inst:register_read/prf_reg[31][24]
inst:register_read/prf_reg[31][23]
inst:register_read/prf_reg[31][21]
inst:register_read/prf_reg[31][20]
inst:register_read/prf_reg[31][19]
inst:register_read/prf_reg[31][17]
inst:register_read/prf_reg[31][16]
inst:register_read/prf_reg[31][15]
inst:register_read/g262999
inst:register_read/g263007
inst:register_read/g263008
inst:register_read/g263548
inst:register_read/g263549
inst:register_read/g263551
inst:register_read/g263297
inst:register_read/g262989
inst:register_read/g263557
inst:register_read/g263558
inst:register_read/g262991
inst:register_read/g263560
inst:register_read/g262980
inst:register_read/g262977
inst:register_read/g263559
inst:register_read/g265707
inst:register_read/g264574
inst:register_read/g264575
inst:register_read/g264576
inst:register_read/g264577
inst:register_read/g264578
inst:register_read/g264579
inst:register_read/g264580
inst:register_read/g264581
inst:register_read/g264582
inst:register_read/g264583
inst:register_read/g264584
inst:register_read/g264585
inst:register_read/g264586
inst:register_read/g264587
inst:register_read/g264588
inst:register_read/g264589
inst:register_read/g264590
inst:register_read/g264591
inst:register_read/g264592
inst:register_read/g264593
inst:register_read/g264594
inst:register_read/g264595
inst:register_read/g264596
inst:register_read/g264597
inst:register_read/g264598
inst:register_read/g264599
inst:register_read/g264600
inst:register_read/g264601
inst:register_read/g264602
inst:register_read/g264603
inst:register_read/g264604
inst:register_read/g264683
inst:register_read/g264684
inst:register_read/g264685
inst:register_read/g264686
inst:register_read/g264687
inst:register_read/g264688
inst:register_read/g264689
inst:register_read/g264690
inst:register_read/g264691
inst:register_read/g264692
inst:register_read/g264693
inst:register_read/g264694
inst:register_read/g264695
inst:register_read/g264696
inst:register_read/g264697
inst:register_read/g264698
inst:register_read/g264699
inst:register_read/g264700
inst:register_read/g264701
inst:register_read/g264702
inst:register_read/g264703
inst:register_read/g264704
inst:register_read/g264705
inst:register_read/g264706
inst:register_read/g264707
inst:register_read/g264708
inst:register_read/g264709
inst:register_read/g264710
inst:register_read/g264711
inst:register_read/g264712
inst:register_read/g264713
inst:register_read/g264714
inst:register_read/g264764
inst:register_read/g264765
inst:register_read/g264766
inst:register_read/g264767
inst:register_read/g264768
inst:register_read/g264769
inst:register_read/g264770
inst:register_read/g264771
inst:register_read/g264772
inst:register_read/g264773
inst:register_read/g264774
inst:register_read/g264775
inst:register_read/g264776
inst:register_read/g264777
inst:register_read/g264778
inst:register_read/g264779
inst:register_read/g264780
inst:register_read/g264781
inst:register_read/g264782
inst:register_read/g264783
inst:register_read/g264784
inst:register_read/g264785
inst:register_read/g264786
inst:register_read/g264787
inst:register_read/g264788
inst:register_read/g264789
inst:register_read/g264790
inst:register_read/g264791
inst:register_read/g264792
inst:register_read/g264793
inst:register_read/g264794
inst:register_read/g264795
inst:register_read/g264796
inst:register_read/g264797
inst:register_read/g264798
inst:register_read/g264799
inst:register_read/g264800
inst:register_read/g264801
inst:register_read/g264802
inst:register_read/g264803
inst:register_read/g264804
inst:register_read/g264805
inst:register_read/g264806
inst:register_read/g264807
inst:register_read/g264808
inst:register_read/g264809
inst:register_read/g264810
inst:register_read/g264811
inst:register_read/g264812
inst:register_read/g264813
inst:register_read/g264814
inst:register_read/g264815
inst:register_read/g264816
inst:register_read/g264817
inst:register_read/g264818
inst:register_read/g264819
inst:register_read/g264820
inst:register_read/g264821
inst:register_read/g264822
inst:register_read/g264823
inst:register_read/g264824
inst:register_read/g264825
inst:register_read/g264826
inst:register_read/g264827
inst:register_read/g264828
inst:register_read/g264829
inst:register_read/g264830
inst:register_read/g264831
inst:register_read/g264832
inst:register_read/g264833
inst:register_read/g264834
inst:register_read/g264835
inst:register_read/g264836
inst:register_read/g264837
inst:register_read/g264838
inst:register_read/g264839
inst:register_read/g264840
inst:register_read/g264841
inst:register_read/g264842
inst:register_read/g264843
inst:register_read/g264844
inst:register_read/g264845
inst:register_read/g264846
inst:register_read/g264847
inst:register_read/g264848
inst:register_read/g264849
inst:register_read/g264850
inst:register_read/g264851
inst:register_read/g264852
inst:register_read/g264853
inst:register_read/g264854
inst:register_read/g264855
inst:register_read/g264856
inst:register_read/g264857
inst:register_read/g264858
inst:register_read/g264859
inst:register_read/g264860
inst:register_read/g264861
inst:register_read/g264862
inst:register_read/g264919
inst:register_read/g264920
inst:register_read/g264921
inst:register_read/g264922
inst:register_read/g264923
inst:register_read/g264924
inst:register_read/g264925
inst:register_read/g264926
inst:register_read/g264927
inst:register_read/g264928
inst:register_read/g264929
inst:register_read/g264930
inst:register_read/g264931
inst:register_read/g264932
inst:register_read/g264933
inst:register_read/g264934
inst:register_read/g264935
inst:register_read/g264936
inst:register_read/g264937
inst:register_read/g264938
inst:register_read/g264939
inst:register_read/g264940
inst:register_read/g264941
inst:register_read/g264942
inst:register_read/g264943
inst:register_read/g264944
inst:register_read/g264945
inst:register_read/g264946
inst:register_read/g264947
inst:register_read/g264948
inst:register_read/g264949
inst:register_read/g264950
inst:register_read/g264951
inst:register_read/g264952
inst:register_read/g264953
inst:register_read/g264954
inst:register_read/g264955
inst:register_read/g264956
inst:register_read/g264957
inst:register_read/g264958
inst:register_read/g264959
inst:register_read/g264960
inst:register_read/g264961
inst:register_read/g264962
inst:register_read/g264963
inst:register_read/g264964
inst:register_read/g264965
inst:register_read/g264966
inst:register_read/g264967
inst:register_read/g264968
inst:register_read/g264969
inst:register_read/g264970
inst:register_read/g264971
inst:register_read/g264972
inst:register_read/g264973
inst:register_read/g264974
inst:register_read/g264975
inst:register_read/g264976
inst:register_read/g264977
inst:register_read/g264978
inst:register_read/g264979
inst:register_read/g264980
inst:register_read/g264981
inst:register_read/g264982
inst:register_read/g265026
inst:register_read/g265027
inst:register_read/g265028
inst:register_read/g265029
inst:register_read/g265030
inst:register_read/g265031
inst:register_read/g265032
inst:register_read/g265033
inst:register_read/g265034
inst:register_read/g265035
inst:register_read/g265036
inst:register_read/g265037
inst:register_read/g265038
inst:register_read/g265039
inst:register_read/g265040
inst:register_read/g265041
inst:register_read/g265042
inst:register_read/g265043
inst:register_read/g265044
inst:register_read/g265045
inst:register_read/g265046
inst:register_read/g265047
inst:register_read/g265048
inst:register_read/g265049
inst:register_read/g265050
inst:register_read/g265051
inst:register_read/g265052
inst:register_read/g265053
inst:register_read/g265054
inst:register_read/g264573
inst:register_read/g265708
inst:register_read/g265709
inst:register_read/g265710
inst:register_read/g265711
inst:register_read/g265712
inst:register_read/g265713
inst:register_read/g265714
inst:register_read/g265715
inst:register_read/g265716
inst:register_read/g265717
inst:register_read/g265718
inst:register_read/g265719
inst:register_read/g265720
inst:register_read/g265721
inst:register_read/g265722
inst:register_read/g265723
inst:register_read/g265724
inst:register_read/g265725
inst:register_read/g265726
inst:register_read/g265727
inst:register_read/g265728
inst:register_read/g265729
inst:register_read/g265730
inst:register_read/g265731
inst:register_read/g265732
inst:register_read/g265733
inst:register_read/g265734
inst:register_read/g265735
inst:register_read/g265736
inst:register_read/g265737
inst:register_read/g265738
inst:register_read/g265739
inst:register_read/g265740
inst:register_read/g265741
inst:register_read/g265742
inst:register_read/g265743
inst:register_read/g265744
inst:register_read/g265745
inst:register_read/g265746
inst:register_read/g265747
inst:register_read/g265748
inst:register_read/g265749
inst:register_read/g265750
inst:register_read/g265751
inst:register_read/g265752
inst:register_read/g265753
inst:register_read/g265754
inst:register_read/g265755
inst:register_read/g265756
inst:register_read/g265757
inst:register_read/g265758
inst:register_read/g265759
inst:register_read/g265760
inst:register_read/g265761
inst:register_read/g265762
inst:register_read/g265763
inst:register_read/g265764
inst:register_read/g265765
inst:register_read/g265766
inst:register_read/g265767
inst:register_read/g265768
inst:register_read/g265769
inst:register_read/g265770
inst:register_read/g265771
inst:register_read/g265772
inst:register_read/g265773
inst:register_read/g265774
inst:register_read/g265775
inst:register_read/g265776
inst:register_read/g265777
inst:register_read/g265778
inst:register_read/g265779
inst:register_read/g265780
inst:register_read/g265781
inst:register_read/g265782
inst:register_read/g265783
inst:register_read/g265784
inst:register_read/g265785
inst:register_read/g265786
inst:register_read/g265787
inst:register_read/g265788
inst:register_read/g265789
inst:register_read/g265790
inst:register_read/g265791
inst:register_read/g265792
inst:register_read/g265793
inst:register_read/g265794
inst:register_read/g265795
inst:register_read/g265796
inst:register_read/g265797
inst:register_read/g265798
inst:register_read/g265799
inst:register_read/g265800
inst:register_read/g265801
inst:register_read/g265802
inst:register_read/g265803
inst:register_read/g265804
inst:register_read/g265805
inst:register_read/g265806
inst:register_read/g265807
inst:register_read/g265808
inst:register_read/g265809
inst:register_read/g265810
inst:register_read/g265811
inst:register_read/g265812
inst:register_read/g265813
inst:register_read/g265814
inst:register_read/g265815
inst:register_read/g265816
inst:register_read/g265817
inst:register_read/g265818
inst:register_read/g265819
inst:register_read/g265820
inst:register_read/g265821
inst:register_read/g265822
inst:register_read/g265823
inst:register_read/g265824
inst:register_read/g265825
inst:register_read/g265826
inst:register_read/g265827
inst:register_read/g265828
inst:register_read/g265829
inst:register_read/g265830
inst:register_read/g265831
inst:register_read/g265832
inst:register_read/g265833
inst:register_read/g265834
inst:register_read/g265835
inst:register_read/g265836
inst:register_read/g265837
inst:register_read/g265838
inst:register_read/g265839
inst:register_read/g265840
inst:register_read/g265907
inst:register_read/g265908
inst:register_read/g265909
inst:register_read/g265910
inst:register_read/g265911
inst:register_read/g265912
inst:register_read/g265913
inst:register_read/g265914
inst:register_read/g265915
inst:register_read/g265916
inst:register_read/g265917
inst:register_read/g265918
inst:register_read/g265919
inst:register_read/g265920
inst:register_read/g265921
inst:register_read/g265922
inst:register_read/g265923
inst:register_read/g265924
inst:register_read/g265925
inst:register_read/g265926
inst:register_read/g265927
inst:register_read/g265928
inst:register_read/g266044
inst:register_read/g266045
inst:register_read/g266046
inst:register_read/g266047
inst:register_read/g266048
inst:register_read/g266049
inst:register_read/g266050
inst:register_read/g266051
inst:register_read/g266052
inst:register_read/g266053
inst:register_read/g266054
inst:register_read/g266055
inst:register_read/g266056
inst:register_read/g266057
inst:register_read/g266058
inst:register_read/g266059
inst:register_read/g266124
inst:register_read/g266125
inst:register_read/g266126
inst:register_read/g266127
inst:register_read/g266128
inst:register_read/g266129
inst:register_read/g266130
inst:register_read/g266131
inst:register_read/g266132
inst:register_read/g266133
inst:register_read/g266134
inst:register_read/g266135
inst:register_read/g266136
inst:register_read/g266137
inst:register_read/g266138
inst:register_read/g266139
inst:register_read/g266140
inst:register_read/g266141
inst:register_read/g266142
inst:register_read/g266143
inst:register_read/g266192
inst:register_read/g266193
inst:register_read/g266194
inst:register_read/g266195
inst:register_read/g266196
inst:register_read/g266197
inst:register_read/g266198
inst:register_read/g266199
inst:register_read/g266200
inst:register_read/g266201
inst:register_read/g266202
inst:register_read/g266203
inst:register_read/g266204
inst:register_read/g266205
inst:register_read/g266206
inst:register_read/g266207
inst:register_read/g266208
inst:register_read/g266209
inst:register_read/g266210
inst:register_read/g266211
inst:register_read/g266212
inst:register_read/g266213
inst:register_read/g266214
inst:register_read/g266215
inst:register_read/g266216
inst:register_read/g266217
inst:register_read/g266218
inst:register_read/g266219
inst:register_read/g266220
inst:register_read/g266221
inst:register_read/g266222
inst:register_read/g266223
inst:register_read/g266224
inst:register_read/g266225
inst:register_read/g266226
inst:register_read/g266227
inst:register_read/g266228
inst:register_read/g266229
inst:register_read/g266230
inst:register_read/g266231
inst:register_read/g266232
inst:register_read/g266233
inst:register_read/g266234
inst:register_read/g266235
inst:register_read/g266236
inst:register_read/g266237
inst:register_read/g266238
inst:register_read/g266239
inst:register_read/g266240
inst:register_read/g266314
inst:register_read/g266315
inst:register_read/g266316
inst:register_read/g266317
inst:register_read/g266318
inst:register_read/g266319
inst:register_read/g266320
inst:register_read/g266321
inst:register_read/g266322
inst:register_read/g266323
inst:register_read/g266324
inst:register_read/g266325
inst:register_read/g266326
inst:register_read/g266327
inst:register_read/g266328
inst:register_read/prf_reg[58][28]
inst:register_read/prf_reg[19][28]
inst:register_read/prf_reg[63][14]
inst:register_read/prf_reg[56][14]
inst:register_read/prf_reg[8][26]
inst:register_read/prf_reg[61][30]
inst:register_read/prf_reg[19][24]
inst:register_read/prf_reg[19][14]
inst:register_read/prf_reg[13][2]
inst:register_read/prf_reg[13][0]
inst:register_read/prf_reg[8][14]
inst:register_read/prf_reg[57][16]
inst:register_read/prf_reg[11][31]
inst:register_read/prf_reg[62][10]
inst:register_read/prf_reg[11][30]
inst:register_read/prf_reg[11][28]
inst:register_read/prf_reg[11][27]
inst:register_read/prf_reg[11][26]
inst:register_read/prf_reg[11][24]
inst:register_read/prf_reg[9][7]
inst:register_read/prf_reg[28][10]
inst:register_read/prf_reg[11][23]
inst:register_read/prf_reg[14][8]
inst:register_read/prf_reg[11][22]
inst:register_read/prf_reg[11][20]
inst:register_read/prf_reg[11][19]
inst:register_read/prf_reg[16][26]
inst:register_read/prf_reg[11][18]
inst:register_read/prf_reg[11][16]
inst:register_read/prf_reg[56][10]
inst:register_read/prf_reg[11][15]
inst:register_read/prf_reg[16][22]
inst:register_read/prf_reg[11][14]
inst:register_read/prf_reg[11][12]
inst:register_read/prf_reg[11][11]
inst:register_read/prf_reg[29][18]
inst:register_read/prf_reg[28][6]
inst:register_read/prf_reg[9][15]
inst:register_read/prf_reg[56][6]
inst:register_read/prf_reg[14][4]
inst:register_read/prf_reg[63][19]
inst:register_read/prf_reg[29][30]
inst:register_read/prf_reg[13][28]
inst:register_read/prf_reg[62][1]
inst:register_read/prf_reg[28][27]
inst:register_read/prf_reg[57][4]
inst:register_read/prf_reg[8][30]
inst:register_read/prf_reg[62][30]
inst:register_read/prf_reg[11][13]
inst:register_read/prf_reg[63][31]
inst:register_read/prf_reg[28][2]
inst:register_read/prf_reg[62][22]
inst:register_read/prf_reg[9][19]
inst:register_read/prf_reg[62][26]
inst:register_read/prf_reg[14][20]
inst:register_read/prf_reg[14][24]
inst:register_read/prf_reg[57][0]
inst:register_read/prf_reg[63][27]
inst:register_read/prf_reg[29][22]
inst:register_read/prf_reg[8][18]
inst:register_read/prf_reg[63][23]
inst:register_read/prf_reg[9][23]
inst:register_read/prf_reg[62][6]
inst:register_read/prf_reg[57][28]
inst:register_read/prf_reg[11][10]
inst:register_read/prf_reg[11][8]
inst:register_read/prf_reg[11][7]
inst:register_read/prf_reg[11][6]
inst:register_read/prf_reg[11][4]
inst:register_read/prf_reg[56][29]
inst:register_read/prf_reg[17][11]
inst:register_read/prf_reg[9][27]
inst:register_read/prf_reg[14][0]
inst:register_read/prf_reg[11][3]
inst:register_read/prf_reg[8][22]
inst:register_read/prf_reg[57][8]
inst:register_read/prf_reg[11][2]
inst:register_read/prf_reg[11][0]
inst:register_read/prf_reg[19][19]
inst:register_read/prf_reg[28][14]
inst:register_read/prf_reg[62][18]
inst:register_read/prf_reg[28][31]
inst:register_read/prf_reg[3][7]
inst:register_read/prf_reg[28][28]
inst:register_read/prf_reg[15][20]
inst:register_read/prf_reg[59][26]
inst:register_read/prf_reg[57][24]
inst:register_read/prf_reg[1][31]
inst:register_read/prf_reg[29][6]
inst:register_read/prf_reg[30][27]
inst:register_read/prf_reg[13][23]
inst:register_read/prf_reg[29][10]
inst:register_read/prf_reg[19][0]
inst:register_read/prf_reg[3][27]
inst:register_read/prf_reg[3][0]
inst:register_read/prf_reg[29][26]
inst:register_read/prf_reg[63][2]
inst:register_read/prf_reg[56][22]
inst:register_read/prf_reg[10][7]
inst:register_read/prf_reg[14][16]
inst:register_read/prf_reg[58][20]
inst:register_read/prf_reg[3][17]
inst:register_read/prf_reg[8][6]
inst:register_read/prf_reg[58][19]
inst:register_read/prf_reg[1][27]
inst:register_read/prf_reg[3][23]
inst:register_read/prf_reg[59][22]
inst:register_read/prf_reg[1][23]
inst:register_read/prf_reg[14][12]
inst:register_read/prf_reg[63][10]
inst:register_read/prf_reg[13][18]
inst:register_read/prf_reg[61][8]
inst:register_read/prf_reg[30][31]
inst:register_read/prf_reg[18][30]
inst:register_read/prf_reg[1][16]
inst:register_read/prf_reg[15][25]
inst:register_read/prf_reg[59][18]
inst:register_read/prf_reg[11][5]
inst:register_read/prf_reg[14][29]
inst:register_read/prf_reg[62][14]
inst:register_read/prf_reg[29][14]
inst:register_read/prf_reg[10][3]
inst:register_read/prf_reg[9][22]
inst:register_read/prf_reg[9][21]
inst:register_read/prf_reg[9][20]
inst:register_read/prf_reg[56][18]
inst:register_read/prf_reg[9][18]
inst:register_read/prf_reg[1][4]
inst:register_read/prf_reg[58][3]
inst:register_read/prf_reg[9][17]
inst:register_read/prf_reg[9][16]
inst:register_read/prf_reg[9][14]
inst:register_read/prf_reg[9][13]
inst:register_read/prf_reg[11][17]
inst:register_read/prf_reg[9][12]
inst:register_read/prf_reg[9][10]
inst:register_read/prf_reg[9][9]
inst:register_read/prf_reg[9][8]
inst:register_read/prf_reg[58][24]
inst:register_read/prf_reg[9][6]
inst:register_read/prf_reg[9][5]
inst:register_read/prf_reg[9][4]
inst:register_read/prf_reg[16][18]
inst:register_read/prf_reg[9][2]
inst:register_read/prf_reg[1][12]
inst:register_read/prf_reg[57][20]
inst:register_read/prf_reg[28][29]
inst:register_read/prf_reg[13][25]
inst:register_read/prf_reg[13][21]
inst:register_read/prf_reg[13][20]
inst:register_read/prf_reg[13][19]
inst:register_read/prf_reg[61][0]
inst:register_read/prf_reg[13][17]
inst:register_read/prf_reg[63][18]
inst:register_read/prf_reg[13][16]
inst:register_read/prf_reg[13][15]
inst:register_read/prf_reg[18][26]
inst:register_read/prf_reg[13][13]
inst:register_read/prf_reg[19][6]
inst:register_read/prf_reg[28][18]
inst:register_read/prf_reg[13][11]
inst:register_read/prf_reg[13][10]
inst:register_read/prf_reg[59][10]
inst:register_read/prf_reg[13][8]
inst:register_read/prf_reg[13][7]
inst:register_read/prf_reg[13][6]
inst:register_read/prf_reg[13][4]
inst:register_read/prf_reg[13][3]
inst:register_read/prf_reg[59][6]
inst:register_read/prf_reg[1][8]
inst:register_read/prf_reg[16][30]
inst:register_read/prf_reg[59][2]
inst:register_read/prf_reg[28][26]
inst:register_read/prf_reg[11][1]
inst:register_read/prf_reg[18][22]
inst:register_read/prf_reg[57][12]
inst:register_read/prf_reg[56][2]
inst:register_read/prf_reg[18][18]
inst:register_read/prf_reg[13][22]
inst:register_read/prf_reg[19][10]
inst:register_read/prf_reg[9][3]
inst:register_read/prf_reg[15][18]
inst:register_read/prf_reg[31][2]
inst:register_read/prf_reg[11][21]
inst:register_read/g264615
inst:register_read/g265842
inst:register_read/g265841
inst:register_read/g265679
inst:register_read/g265582
inst:register_read/g264763
inst:register_read/g264762
inst:register_read/g264761
inst:register_read/g264760
inst:register_read/g264759
inst:register_read/g264758
inst:register_read/g264757
inst:register_read/g264756
inst:register_read/g264755
inst:register_read/g264754
inst:register_read/g264753
inst:register_read/g264752
inst:register_read/g264751
inst:register_read/g264750
inst:register_read/g264749
inst:register_read/g264748
inst:register_read/g264747
inst:register_read/g264746
inst:register_read/g264745
inst:register_read/g264744
inst:register_read/g264743
inst:register_read/g264742
inst:register_read/g264741
inst:register_read/g264740
inst:register_read/g264739
inst:register_read/g264738
inst:register_read/g264737
inst:register_read/g264736
inst:register_read/g264735
inst:register_read/g264734
inst:register_read/g264733
inst:register_read/g264732
inst:register_read/g264731
inst:register_read/g264730
inst:register_read/g264729
inst:register_read/g264728
inst:register_read/g264727
inst:register_read/g264726
inst:register_read/g264725
inst:register_read/g264724
inst:register_read/g264723
inst:register_read/g264722
inst:register_read/g264721
inst:register_read/g264720
inst:register_read/g264719
inst:register_read/g264718
inst:register_read/g264717
inst:register_read/g264716
inst:register_read/g264715
inst:register_read/g264682
inst:register_read/g264681
inst:register_read/g264680
inst:register_read/g264679
inst:register_read/g264678
inst:register_read/g264677
inst:register_read/g264676
inst:register_read/g264675
inst:register_read/g264674
inst:register_read/g264673
inst:register_read/g264672
inst:register_read/g264671
inst:register_read/g264670
inst:register_read/g264669
inst:register_read/g264668
inst:register_read/g264667
inst:register_read/g264666
inst:register_read/g264665
inst:register_read/g264664
inst:register_read/g264663
inst:register_read/g264662
inst:register_read/g264661
inst:register_read/g264660
inst:register_read/g264659
inst:register_read/g264658
inst:register_read/g264657
inst:register_read/g264656
inst:register_read/g264655
inst:register_read/g264654
inst:register_read/g264653
inst:register_read/g264652
inst:register_read/g264651
inst:register_read/g264650
inst:register_read/g264649
inst:register_read/g264648
inst:register_read/g264647
inst:register_read/g264646
inst:register_read/g264645
inst:register_read/g264644
inst:register_read/g264643
inst:register_read/g264642
inst:register_read/g264641
inst:register_read/g264640
inst:register_read/g264639
inst:register_read/g264638
inst:register_read/g264637
inst:register_read/g264636
inst:register_read/g264635
inst:register_read/g264634
inst:register_read/g264633
inst:register_read/g264632
inst:register_read/g264631
inst:register_read/g264630
inst:register_read/g264629
inst:register_read/g264628
inst:register_read/g264627
inst:register_read/g264626
inst:register_read/g264625
inst:register_read/g264624
inst:register_read/g264623
inst:register_read/g264622
inst:register_read/g264621
inst:register_read/g264620
inst:register_read/g264619
inst:register_read/g264571
inst:register_read/g264572
inst:register_read/g264605
inst:register_read/g264606
inst:register_read/g264607
inst:register_read/g264608
inst:register_read/g264609
inst:register_read/g264610
inst:register_read/g264611
inst:register_read/g264612
inst:register_read/g264613
inst:register_read/g264614
inst:register_read/g264618
inst:register_read/g264616
inst:register_read/g264617
inst:register_read/g263555
inst:register_read/prf_reg[26][26]
inst:register_read/prf_reg[27][12]
inst:register_read/prf_reg[27][27]
inst:register_read/prf_reg[27][4]
inst:register_read/prf_reg[27][17]
inst:register_read/prf_reg[27][18]
inst:register_read/prf_reg[27][20]
inst:register_read/prf_reg[27][21]
inst:register_read/prf_reg[27][22]
inst:register_read/prf_reg[27][24]
inst:register_read/prf_reg[27][25]
inst:register_read/prf_reg[27][26]
inst:register_read/prf_reg[27][28]
inst:register_read/prf_reg[27][29]
inst:register_read/prf_reg[27][30]
inst:register_read/prf_reg[25][0]
inst:register_read/prf_reg[25][2]
inst:register_read/prf_reg[25][3]
inst:register_read/prf_reg[25][6]
inst:register_read/prf_reg[25][7]
inst:register_read/prf_reg[25][8]
inst:register_read/prf_reg[25][10]
inst:register_read/prf_reg[25][11]
inst:register_read/prf_reg[27][31]
inst:register_read/prf_reg[25][12]
inst:register_read/prf_reg[25][14]
inst:register_read/prf_reg[25][15]
inst:register_read/prf_reg[25][16]
inst:register_read/prf_reg[25][18]
inst:register_read/prf_reg[25][19]
inst:register_read/prf_reg[25][20]
inst:register_read/prf_reg[25][22]
inst:register_read/prf_reg[25][23]
inst:register_read/prf_reg[25][24]
inst:register_read/prf_reg[25][26]
inst:register_read/prf_reg[25][27]
inst:register_read/prf_reg[25][28]
inst:register_read/prf_reg[25][30]
inst:register_read/prf_reg[25][31]
inst:register_read/prf_reg[26][0]
inst:register_read/prf_reg[26][2]
inst:register_read/prf_reg[26][3]
inst:register_read/prf_reg[26][4]
inst:register_read/prf_reg[26][6]
inst:register_read/prf_reg[26][7]
inst:register_read/prf_reg[26][8]
inst:register_read/prf_reg[26][10]
inst:register_read/prf_reg[26][11]
inst:register_read/prf_reg[26][12]
inst:register_read/prf_reg[26][14]
inst:register_read/prf_reg[26][15]
inst:register_read/prf_reg[26][16]
inst:register_read/prf_reg[26][18]
inst:register_read/prf_reg[26][19]
inst:register_read/prf_reg[26][20]
inst:register_read/prf_reg[26][22]
inst:register_read/prf_reg[26][23]
inst:register_read/prf_reg[26][24]
inst:register_read/prf_reg[24][2]
inst:register_read/prf_reg[24][1]
inst:register_read/prf_reg[24][4]
inst:register_read/prf_reg[24][5]
inst:register_read/prf_reg[26][9]
inst:register_read/prf_reg[24][8]
inst:register_read/prf_reg[24][9]
inst:register_read/prf_reg[24][10]
inst:register_read/prf_reg[24][12]
inst:register_read/prf_reg[24][13]
inst:register_read/prf_reg[24][14]
inst:register_read/prf_reg[24][16]
inst:register_read/prf_reg[24][25]
inst:register_read/prf_reg[24][17]
inst:register_read/prf_reg[24][19]
inst:register_read/prf_reg[24][20]
inst:register_read/prf_reg[24][21]
inst:register_read/prf_reg[24][23]
inst:register_read/prf_reg[24][24]
inst:register_read/prf_reg[24][26]
inst:register_read/prf_reg[24][28]
inst:register_read/prf_reg[24][29]
inst:register_read/prf_reg[24][30]
inst:register_read/prf_reg[27][1]
inst:register_read/prf_reg[27][2]
inst:register_read/prf_reg[26][30]
inst:register_read/prf_reg[27][3]
inst:register_read/prf_reg[27][5]
inst:register_read/prf_reg[27][6]
inst:register_read/prf_reg[27][7]
inst:register_read/prf_reg[27][9]
inst:register_read/prf_reg[27][10]
inst:register_read/prf_reg[27][11]
inst:register_read/prf_reg[27][13]
inst:register_read/prf_reg[27][14]
inst:register_read/prf_reg[27][15]
inst:register_read/prf_reg[26][27]
inst:register_read/prf_reg[26][28]
inst:register_read/prf_reg[26][29]
inst:register_read/prf_reg[26][31]
inst:register_read/prf_reg[27][8]
inst:register_read/prf_reg[27][0]
inst:register_read/prf_reg[26][5]
inst:register_read/prf_reg[24][6]
inst:register_read/prf_reg[26][21]
inst:register_read/prf_reg[26][13]
inst:register_read/prf_reg[25][13]
inst:register_read/prf_reg[26][17]
inst:register_read/prf_reg[25][9]
inst:register_read/prf_reg[26][25]
inst:register_read/prf_reg[24][31]
inst:register_read/prf_reg[27][19]
inst:register_read/prf_reg[24][27]
inst:register_read/prf_reg[27][16]
inst:register_read/prf_reg[24][18]
inst:register_read/prf_reg[24][22]
inst:register_read/prf_reg[24][15]
inst:register_read/prf_reg[25][4]
inst:register_read/prf_reg[25][1]
inst:register_read/prf_reg[25][17]
inst:register_read/prf_reg[25][5]
inst:register_read/g263553
inst:register_read/g263554
inst:register_read/g263556
inst:register_read/g268201
inst:register_read/g268203
inst:register_read/g268204
inst:register_read/g268202
inst:register_read/g265843
inst:register_read/g265845
inst:register_read/g265846
inst:register_read/g265847
inst:register_read/g265848
inst:register_read/g265849
inst:register_read/g265850
inst:register_read/g265851
inst:register_read/g265852
inst:register_read/g265853
inst:register_read/g265854
inst:register_read/g265855
inst:register_read/g265856
inst:register_read/g265857
inst:register_read/g265858
inst:register_read/g265859
inst:register_read/g265860
inst:register_read/g265861
inst:register_read/g265862
inst:register_read/g265863
inst:register_read/g265864
inst:register_read/g265865
inst:register_read/g265866
inst:register_read/g265867
inst:register_read/g265868
inst:register_read/g265869
inst:register_read/g265870
inst:register_read/g265871
inst:register_read/g265872
inst:register_read/g265873
inst:register_read/g265874
inst:register_read/g265965
inst:register_read/g265966
inst:register_read/g265967
inst:register_read/g265968
inst:register_read/g265969
inst:register_read/g265970
inst:register_read/g265971
inst:register_read/g265972
inst:register_read/g265973
inst:register_read/g265974
inst:register_read/g265975
inst:register_read/g265976
inst:register_read/g265977
inst:register_read/g265978
inst:register_read/g265979
inst:register_read/g265980
inst:register_read/g265981
inst:register_read/g265982
inst:register_read/g265983
inst:register_read/g265984
inst:register_read/g265985
inst:register_read/g265986
inst:register_read/g265987
inst:register_read/g265988
inst:register_read/g265989
inst:register_read/g265990
inst:register_read/g265991
inst:register_read/g265992
inst:register_read/g265993
inst:register_read/g265994
inst:register_read/g265995
inst:register_read/g265996
inst:register_read/g265997
inst:register_read/g265998
inst:register_read/g265999
inst:register_read/g266000
inst:register_read/g266001
inst:register_read/g266002
inst:register_read/g266003
inst:register_read/g266004
inst:register_read/g266005
inst:register_read/g266006
inst:register_read/g266007
inst:register_read/g266008
inst:register_read/g266009
inst:register_read/g266010
inst:register_read/g266011
inst:register_read/g266012
inst:register_read/g266013
inst:register_read/g266014
inst:register_read/g266015
inst:register_read/g266016
inst:register_read/g266017
inst:register_read/g266018
inst:register_read/g266019
inst:register_read/g266020
inst:register_read/g266021
inst:register_read/g266022
inst:register_read/g266023
inst:register_read/g266024
inst:register_read/g266025
inst:register_read/g266026
inst:register_read/g266027
inst:register_read/g266028
inst:register_read/g266029
inst:register_read/g266030
inst:register_read/g266031
inst:register_read/g266032
inst:register_read/g266033
inst:register_read/g266034
inst:register_read/g266035
inst:register_read/g266036
inst:register_read/g266037
inst:register_read/g266038
inst:register_read/g266039
inst:register_read/g266040
inst:register_read/g266041
inst:register_read/g266042
inst:register_read/g266043
inst:register_read/g266060
inst:register_read/g266061
inst:register_read/g266062
inst:register_read/g266063
inst:register_read/g266064
inst:register_read/g266065
inst:register_read/g266066
inst:register_read/g266067
inst:register_read/g266068
inst:register_read/g266069
inst:register_read/g266070
inst:register_read/g266071
inst:register_read/g266072
inst:register_read/g266073
inst:register_read/g266074
inst:register_read/g266075
inst:register_read/g266076
inst:register_read/g266077
inst:register_read/g266078
inst:register_read/g266079
inst:register_read/g266080
inst:register_read/g266081
inst:register_read/g266082
inst:register_read/g266083
inst:register_read/g266084
inst:register_read/g266085
inst:register_read/g266086
inst:register_read/g266087
inst:register_read/g266088
inst:register_read/g266089
inst:register_read/g266090
inst:register_read/g266091
inst:register_read/g266092
inst:register_read/g266093
inst:register_read/g266094
inst:register_read/g266095
inst:register_read/g266096
inst:register_read/g266097
inst:register_read/g266098
inst:register_read/g266099
inst:register_read/g266100
inst:register_read/g266101
inst:register_read/g266102
inst:register_read/g266103
inst:register_read/g266104
inst:register_read/g266105
inst:register_read/g266106
inst:register_read/g266107
inst:register_read/g266108
inst:register_read/g266109
inst:register_read/g266110
inst:register_read/g266111
inst:register_read/g266112
inst:register_read/g266113
inst:register_read/g266114
inst:register_read/g266115
inst:register_read/g266116
inst:register_read/g266117
inst:register_read/g266118
inst:register_read/g266119
inst:register_read/g266120
inst:register_read/g266121
inst:register_read/g266122
inst:register_read/g266123
inst:register_read/g266144
inst:register_read/g266145
inst:register_read/g266146
inst:register_read/g266147
inst:register_read/g266148
inst:register_read/g266149
inst:register_read/g266150
inst:register_read/g266151
inst:register_read/g266152
inst:register_read/g266153
inst:register_read/g266154
inst:register_read/g266155
inst:register_read/g266156
inst:register_read/g266157
inst:register_read/g266158
inst:register_read/g266159
inst:register_read/g266160
inst:register_read/g266161
inst:register_read/g266162
inst:register_read/g266163
inst:register_read/g266164
inst:register_read/g266165
inst:register_read/g266166
inst:register_read/g266167
inst:register_read/g266168
inst:register_read/g266169
inst:register_read/g266170
inst:register_read/g266171
inst:register_read/g266172
inst:register_read/g266173
inst:register_read/g266174
inst:register_read/g266175
inst:register_read/g266176
inst:register_read/g266177
inst:register_read/g266178
inst:register_read/g266308
inst:register_read/g266309
inst:register_read/g266310
inst:register_read/g266311
inst:register_read/g266312
inst:register_read/g266313
inst:register_read/g266366
inst:register_read/g266367
inst:register_read/g266368
inst:register_read/g266369
inst:register_read/g266371
inst:register_read/g266372
inst:register_read/g266373
inst:register_read/g266374
inst:register_read/g266375
inst:register_read/g266383
inst:register_read/g266384
inst:register_read/g266385
inst:register_read/g266386
inst:register_read/g266387
inst:register_read/g266388
inst:register_read/g266389
inst:register_read/g266390
inst:register_read/g266391
inst:register_read/g266392
inst:register_read/g266393
inst:register_read/g266396
inst:register_read/g266397
inst:register_read/g266398
inst:register_read/g266399
inst:register_read/g266400
inst:register_read/g266401
inst:register_read/g266402
inst:register_read/g266403
inst:register_read/g266404
inst:register_read/g266405
inst:register_read/g266406
inst:register_read/g266407
inst:register_read/g266408
inst:register_read/g266409
inst:register_read/g266410
inst:register_read/g266411
inst:register_read/g265844
inst:register_read/prf_reg[25][25]
inst:register_read/prf_reg[24][0]
inst:register_read/prf_reg[25][21]
inst:register_read/prf_reg[24][3]
inst:register_read/prf_reg[27][23]
inst:register_read/prf_reg[24][11]
inst:register_read/prf_reg[24][7]
inst:register_read/prf_reg[25][29]
inst:register_read/prf_reg[26][1]
inst:register_read/g266737
inst:register_read/g266451
inst:register_read/g266452
inst:register_read/g266453
inst:register_read/g266454
inst:register_read/g266455
inst:register_read/g266456
inst:register_read/g266457
inst:register_read/g266458
inst:register_read/g266459
inst:register_read/g266460
inst:register_read/g266461
inst:register_read/g266462
inst:register_read/g266463
inst:register_read/g266464
inst:register_read/g266465
inst:register_read/g266466
inst:register_read/g266467
inst:register_read/g266468
inst:register_read/g266469
inst:register_read/g266470
inst:register_read/g266471
inst:register_read/g266472
inst:register_read/g266473
inst:register_read/g266474
inst:register_read/g266475
inst:register_read/g266476
inst:register_read/g266477
inst:register_read/g266478
inst:register_read/g266479
inst:register_read/g266480
inst:register_read/g266481
inst:register_read/g266482
inst:register_read/g266483
inst:register_read/g266484
inst:register_read/g266485
inst:register_read/g266486
inst:register_read/g266487
inst:register_read/g266488
inst:register_read/g266489
inst:register_read/g266490
inst:register_read/g266491
inst:register_read/g266492
inst:register_read/g266493
inst:register_read/g266494
inst:register_read/g266495
inst:register_read/g266496
inst:register_read/g266497
inst:register_read/g266498
inst:register_read/g266499
inst:register_read/g266500
inst:register_read/g266501
inst:register_read/g266502
inst:register_read/g266503
inst:register_read/g266504
inst:register_read/g266505
inst:register_read/g266506
inst:register_read/g266507
inst:register_read/g266508
inst:register_read/g266509
inst:register_read/g266510
inst:register_read/g266511
inst:register_read/g266512
inst:register_read/g266513
inst:register_read/g266514
inst:register_read/g266515
inst:register_read/g266516
inst:register_read/g266517
inst:register_read/g266518
inst:register_read/g266519
inst:register_read/g266520
inst:register_read/g266521
inst:register_read/g266522
inst:register_read/g266523
inst:register_read/g266524
inst:register_read/g266525
inst:register_read/g266526
inst:register_read/g266527
inst:register_read/g266528
inst:register_read/g266529
inst:register_read/g266530
inst:register_read/g266531
inst:register_read/g266532
inst:register_read/g266533
inst:register_read/g266534
inst:register_read/g266535
inst:register_read/g266536
inst:register_read/g266537
inst:register_read/g266538
inst:register_read/g266539
inst:register_read/g266540
inst:register_read/g266541
inst:register_read/g266542
inst:register_read/g266543
inst:register_read/g266544
inst:register_read/g266545
inst:register_read/g266546
inst:register_read/g266547
inst:register_read/g266548
inst:register_read/g266549
inst:register_read/g266550
inst:register_read/g266551
inst:register_read/g266552
inst:register_read/g266553
inst:register_read/g266554
inst:register_read/g266555
inst:register_read/g266556
inst:register_read/g266557
inst:register_read/g266558
inst:register_read/g266559
inst:register_read/g266560
inst:register_read/g266561
inst:register_read/g266562
inst:register_read/g266563
inst:register_read/g266564
inst:register_read/g266565
inst:register_read/g266566
inst:register_read/g266567
inst:register_read/g266568
inst:register_read/g266569
inst:register_read/g266570
inst:register_read/g266571
inst:register_read/g266572
inst:register_read/g266573
inst:register_read/g266574
inst:register_read/g266575
inst:register_read/g266576
inst:register_read/g266577
inst:register_read/g266578
inst:register_read/g266579
inst:register_read/g266580
inst:register_read/g266581
inst:register_read/g266582
inst:register_read/g266583
inst:register_read/g266584
inst:register_read/g266585
inst:register_read/g266586
inst:register_read/g266587
inst:register_read/g266588
inst:register_read/g266589
inst:register_read/g266590
inst:register_read/g266591
inst:register_read/g266592
inst:register_read/g266593
inst:register_read/g266594
inst:register_read/g266595
inst:register_read/g266596
inst:register_read/g266597
inst:register_read/g266598
inst:register_read/g266599
inst:register_read/g266600
inst:register_read/g266601
inst:register_read/g266602
inst:register_read/g266603
inst:register_read/g266604
inst:register_read/g266605
inst:register_read/g266606
inst:register_read/g266607
inst:register_read/g266608
inst:register_read/g266609
inst:register_read/g266610
inst:register_read/g266611
inst:register_read/g266612
inst:register_read/g266613
inst:register_read/g266614
inst:register_read/g266615
inst:register_read/g266616
inst:register_read/g266617
inst:register_read/g266618
inst:register_read/g266619
inst:register_read/g266620
inst:register_read/g266621
inst:register_read/g266622
inst:register_read/g266623
inst:register_read/g266624
inst:register_read/g266625
inst:register_read/g266626
inst:register_read/g266627
inst:register_read/g266628
inst:register_read/g266629
inst:register_read/g266630
inst:register_read/g266631
inst:register_read/g266632
inst:register_read/g266633
inst:register_read/g266634
inst:register_read/g266635
inst:register_read/g266636
inst:register_read/g266637
inst:register_read/g266638
inst:register_read/g266639
inst:register_read/g266640
inst:register_read/g266641
inst:register_read/g266642
inst:register_read/g266643
inst:register_read/g266644
inst:register_read/g266645
inst:register_read/g266646
inst:register_read/g266647
inst:register_read/g266648
inst:register_read/g266649
inst:register_read/g266650
inst:register_read/g266651
inst:register_read/g266652
inst:register_read/g266653
inst:register_read/g266654
inst:register_read/g266655
inst:register_read/g266656
inst:register_read/g266657
inst:register_read/g266658
inst:register_read/g266659
inst:register_read/g266660
inst:register_read/g266661
inst:register_read/g266662
inst:register_read/g266663
inst:register_read/g266664
inst:register_read/g266665
inst:register_read/g266666
inst:register_read/g266667
inst:register_read/g266668
inst:register_read/g266669
inst:register_read/g266670
inst:register_read/g266671
inst:register_read/g266672
inst:register_read/g266673
inst:register_read/g266674
inst:register_read/g266675
inst:register_read/g266676
inst:register_read/g266677
inst:register_read/g266678
inst:register_read/g266679
inst:register_read/g266680
inst:register_read/g266681
inst:register_read/g266682
inst:register_read/g266683
inst:register_read/g266684
inst:register_read/g266685
inst:register_read/g266686
inst:register_read/g266687
inst:register_read/g266688
inst:register_read/g266689
inst:register_read/g266690
inst:register_read/g266691
inst:register_read/g266692
inst:register_read/g266693
inst:register_read/g266694
inst:register_read/g266695
inst:register_read/g266696
inst:register_read/g266697
inst:register_read/g266698
inst:register_read/g266699
inst:register_read/g266700
inst:register_read/g266701
inst:register_read/g266702
inst:register_read/g266703
inst:register_read/g266704
inst:register_read/g266705
inst:register_read/g266706
inst:register_read/g266707
inst:register_read/g266708
inst:register_read/g266709
inst:register_read/g266710
inst:register_read/g266711
inst:register_read/g266712
inst:register_read/g266713
inst:register_read/g266714
inst:register_read/g266715
inst:register_read/g266716
inst:register_read/g266717
inst:register_read/g266718
inst:register_read/g266719
inst:register_read/g266720
inst:register_read/g266721
inst:register_read/g266722
inst:register_read/g266723
inst:register_read/g266724
inst:register_read/g266725
inst:register_read/g266726
inst:register_read/g266727
inst:register_read/g266728
inst:register_read/g266729
inst:register_read/g266730
inst:register_read/g266731
inst:register_read/g266732
inst:register_read/g266733
inst:register_read/g266734
inst:register_read/g266735
inst:register_read/g266736
inst:register_read/g266450
inst:register_read/g266738
inst:register_read/g266739
inst:register_read/g266740
inst:register_read/g266741
inst:register_read/g266742
inst:register_read/g266743
inst:register_read/g266744
inst:register_read/g266745
inst:register_read/g266746
inst:register_read/g266747
inst:register_read/g266748
inst:register_read/g266749
inst:register_read/g266750
inst:register_read/g266751
inst:register_read/g266752
inst:register_read/g266753
inst:register_read/g266754
inst:register_read/g266755
inst:register_read/g266756
inst:register_read/g266757
inst:register_read/g266758
inst:register_read/g266759
inst:register_read/g266760
inst:register_read/g266761
inst:register_read/g266762
inst:register_read/g266763
inst:register_read/g266764
inst:register_read/g266765
inst:register_read/g266766
inst:register_read/g266767
inst:register_read/g266768
inst:register_read/g266769
inst:register_read/g266770
inst:register_read/g266771
inst:register_read/g266772
inst:register_read/g266773
inst:register_read/g266774
inst:register_read/g266775
inst:register_read/g266776
inst:register_read/g266777
inst:register_read/g266778
inst:register_read/g266779
inst:register_read/g266780
inst:register_read/g266781
inst:register_read/g266782
inst:register_read/g266783
inst:register_read/g266784
inst:register_read/g266785
inst:register_read/g266786
inst:register_read/g266787
inst:register_read/g266788
inst:register_read/g266789
inst:register_read/g266790
inst:register_read/g266791
inst:register_read/g266792
inst:register_read/g266793
inst:register_read/g266794
inst:register_read/g266795
inst:register_read/g266796
inst:register_read/g266797
inst:register_read/g266798
inst:register_read/g266799
inst:register_read/g266800
inst:register_read/g266801
inst:register_read/g266802
inst:register_read/g266803
inst:register_read/g266804
inst:register_read/g266805
inst:register_read/g266806
inst:register_read/g266807
inst:register_read/g266808
inst:register_read/g266809
inst:register_read/g266810
inst:register_read/g266811
inst:register_read/g266812
inst:register_read/g266813
inst:register_read/g266814
inst:register_read/g266815
inst:register_read/g266816
inst:register_read/g266817
inst:register_read/g266818
inst:register_read/g266819
inst:register_read/g266820
inst:register_read/g266821
inst:register_read/g266822
inst:register_read/g266823
inst:register_read/g266824
inst:register_read/g266825
inst:register_read/g266826
inst:register_read/g266827
inst:register_read/g266828
inst:register_read/g266829
inst:register_read/g266830
inst:register_read/g266831
inst:register_read/g266832
inst:register_read/g266833
inst:register_read/g266834
inst:register_read/g266835
inst:register_read/g266836
inst:register_read/g266837
inst:register_read/g266838
inst:register_read/g266839
inst:register_read/g266840
inst:register_read/g266841
inst:register_read/g266842
inst:register_read/g266843
inst:register_read/g266844
inst:register_read/g266845
inst:register_read/g266846
inst:register_read/g266847
inst:register_read/g266848
inst:register_read/g266849
inst:register_read/g266850
inst:register_read/g266851
inst:register_read/g266852
inst:register_read/g266853
inst:register_read/g266854
inst:register_read/g266855
inst:register_read/g266856
inst:register_read/g266857
inst:register_read/g266858
inst:register_read/g266859
inst:register_read/g266860
inst:register_read/g266861
inst:register_read/g266862
inst:register_read/g266863
inst:register_read/g266864
inst:register_read/g266865
inst:register_read/g266866
inst:register_read/g266867
inst:register_read/g266868
inst:register_read/g266869
inst:register_read/g266870
inst:register_read/g266871
inst:register_read/g266872
inst:register_read/g266873
inst:register_read/g266874
inst:register_read/g266875
inst:register_read/g266876
inst:register_read/g266877
inst:register_read/g266878
inst:register_read/g266879
inst:register_read/g266880
inst:register_read/g266881
inst:register_read/g266882
inst:register_read/g266883
inst:register_read/g266884
inst:register_read/g266885
inst:register_read/g266886
inst:register_read/g266887
inst:register_read/g266888
inst:register_read/g266889
inst:register_read/g266890
inst:register_read/g266891
inst:register_read/g266892
inst:register_read/g266893
inst:register_read/g266894
inst:register_read/g266895
inst:register_read/g266896
inst:register_read/g266897
inst:register_read/g266898
inst:register_read/g266899
inst:register_read/g266900
inst:register_read/g266901
inst:register_read/g266902
inst:register_read/g266903
inst:register_read/g266904
inst:register_read/g266905
inst:register_read/g266906
inst:register_read/g266907
inst:register_read/g266908
inst:register_read/g266909
inst:register_read/g266910
inst:register_read/g266911
inst:register_read/g266912
inst:register_read/g266913
inst:register_read/g266914
inst:register_read/g266915
inst:register_read/g266916
inst:register_read/g266917
inst:register_read/g266918
inst:register_read/g266919
inst:register_read/g266920
inst:register_read/g266921
inst:register_read/g266922
inst:register_read/g266923
inst:register_read/g266924
inst:register_read/g266925
inst:register_read/g266926
inst:register_read/g266927
inst:register_read/g266928
inst:register_read/g266929
inst:register_read/g266930
inst:register_read/g266931
inst:register_read/g266932
inst:register_read/g266933
inst:register_read/g266934
inst:register_read/g266935
inst:register_read/g266936
inst:register_read/g266937
inst:register_read/g266938
inst:register_read/g266939
inst:register_read/g266940
inst:register_read/g266941
inst:register_read/g266942
inst:register_read/g266943
inst:register_read/g266944
inst:register_read/g266945
inst:register_read/g266946
inst:register_read/g266947
inst:register_read/g266948
inst:register_read/g266949
inst:register_read/g266950
inst:register_read/g266967
inst:register_read/g266968
inst:register_read/g266969
inst:register_read/g266970
inst:register_read/g266971
inst:register_read/g266972
inst:register_read/g266973
inst:register_read/g266974
inst:register_read/g266975
inst:register_read/g266976
inst:register_read/g266977
inst:register_read/g266978
inst:register_read/g266979
inst:register_read/g266980
inst:register_read/g266981
inst:register_read/g266982
inst:register_read/g266983
inst:register_read/g266984
inst:register_read/g266985
inst:register_read/g266986
inst:register_read/g266987
inst:register_read/g266988
inst:register_read/g266989
inst:register_read/g266990
inst:register_read/g266991
inst:register_read/g266992
inst:register_read/g266993
inst:register_read/g266994
inst:register_read/g266995
inst:register_read/g266996
inst:register_read/g266997
inst:register_read/g266998
inst:register_read/g266999
inst:register_read/g267000
inst:register_read/g267001
inst:register_read/g267002
inst:register_read/g267061
inst:register_read/g267062
inst:register_read/g267063
inst:register_read/g267064
inst:register_read/g267065
inst:register_read/g267066
inst:register_read/g267067
inst:register_read/g267068
inst:register_read/g267069
inst:register_read/g267070
inst:register_read/g267071
inst:register_read/g267072
inst:register_read/g267073
inst:register_read/g267074
inst:register_read/g267075
inst:register_read/g267076
inst:register_read/g267077
inst:register_read/g267078
inst:register_read/g267079
inst:register_read/g267080
inst:register_read/g267081
inst:register_read/g267082
inst:register_read/g267083
inst:register_read/g267084
inst:register_read/g267085
inst:register_read/g267086
inst:register_read/g267087
inst:register_read/g267088
inst:register_read/g267089
inst:register_read/g267090
inst:register_read/g267091
inst:register_read/g267092
inst:register_read/g267093
inst:register_read/g267094
inst:register_read/g267095
inst:register_read/g267096
inst:register_read/g267097
inst:register_read/g267098
inst:register_read/g265648
inst:register_read/g267100
inst:register_read/g267101
inst:register_read/g267102
inst:register_read/g267103
inst:register_read/g267104
inst:register_read/g267105
inst:register_read/g267106
inst:register_read/g267107
inst:register_read/g267108
inst:register_read/g267109
inst:register_read/g267110
inst:register_read/g267111
inst:register_read/g267112
inst:register_read/g267113
inst:register_read/g267114
inst:register_read/g267115
inst:register_read/g267116
inst:register_read/g267117
inst:register_read/g267118
inst:register_read/g267119
inst:register_read/g267120
inst:register_read/g267121
inst:register_read/g267122
inst:register_read/g267123
inst:register_read/g267124
inst:register_read/g267125
inst:register_read/g267126
inst:register_read/g267127
inst:register_read/g267128
inst:register_read/g267129
inst:register_read/g267130
inst:register_read/g267149
inst:register_read/g267150
inst:register_read/g267151
inst:register_read/g267152
inst:register_read/g267153
inst:register_read/g267154
inst:register_read/g267155
inst:register_read/g267156
inst:register_read/g267157
inst:register_read/g267158
inst:register_read/g267159
inst:register_read/g267160
inst:register_read/g267161
inst:register_read/g267162
inst:register_read/g267163
inst:register_read/g267164
inst:register_read/g267165
inst:register_read/g267166
inst:register_read/g267167
inst:register_read/g267168
inst:register_read/g267169
inst:register_read/g267170
inst:register_read/g267171
inst:register_read/g267172
inst:register_read/g267173
inst:register_read/g267174
inst:register_read/g267615
inst:register_read/g267616
inst:register_read/g267617
inst:register_read/g267618
inst:register_read/g267619
inst:register_read/g267620
inst:register_read/g267621
inst:register_read/g267622
inst:register_read/g267623
inst:register_read/g267624
inst:register_read/g267626
inst:register_read/g267627
inst:register_read/g267628
inst:register_read/g267629
inst:register_read/g267630
inst:register_read/g267631
inst:register_read/g267632
inst:register_read/g267633
inst:register_read/g267634
inst:register_read/g267635
inst:register_read/g267636
inst:register_read/g267637
inst:register_read/g267638
inst:register_read/g267639
inst:register_read/g267640
inst:register_read/g267641
inst:register_read/g267642
inst:register_read/g267643
inst:register_read/g267645
inst:register_read/g267646
inst:register_read/g267649
inst:register_read/g267650
inst:register_read/g267651
inst:register_read/g267652
inst:register_read/g267653
inst:register_read/g267654
inst:register_read/g267655
inst:register_read/g267656
inst:register_read/g267657
inst:register_read/g267658
inst:register_read/g267659
inst:register_read/g267661
inst:register_read/g267662
inst:register_read/g267663
inst:register_read/g267664
inst:register_read/g267665
inst:register_read/g267666
inst:register_read/g267667
inst:register_read/g267668
inst:register_read/g267669
inst:register_read/g267670
inst:register_read/g267671
inst:register_read/g267672
inst:register_read/g267673
inst:register_read/g267674
inst:register_read/g267675
inst:register_read/g267676
inst:register_read/g267677
inst:register_read/g267678
inst:register_read/g267679
inst:register_read/g267680
inst:register_read/g267681
inst:register_read/g267682
inst:register_read/g267683
inst:register_read/g267684
inst:register_read/g267686
inst:register_read/g267687
inst:register_read/g267688
inst:register_read/g267689
inst:register_read/g267690
inst:register_read/g267691
inst:register_read/g267692
inst:register_read/g267693
inst:register_read/g267694
inst:register_read/g267695
inst:register_read/g267696
inst:register_read/g267697
inst:register_read/g267698
inst:register_read/g267726
inst:register_read/g267727
inst:register_read/g267728
inst:register_read/g267729
inst:register_read/g267730
inst:register_read/g267732
inst:register_read/g267733
inst:register_read/g267734
inst:register_read/g267735
inst:register_read/g267737
inst:register_read/g267738
inst:register_read/g267739
inst:register_read/g267740
inst:register_read/g267741
inst:register_read/g267742
inst:register_read/g267743
inst:register_read/g267744
inst:register_read/g267745
inst:register_read/g267746
inst:register_read/g267747
inst:register_read/g267748
inst:register_read/g267749
inst:register_read/g267750
inst:register_read/g267751
inst:register_read/g267752
inst:register_read/g267753
inst:register_read/g267754
inst:register_read/g267755
inst:register_read/g267756
inst:register_read/g267757
inst:register_read/g267758
inst:register_read/g267759
inst:register_read/g267760
inst:register_read/g267761
inst:register_read/g267762
inst:register_read/g267763
inst:register_read/g267764
inst:register_read/g267766
inst:register_read/g267767
inst:register_read/g267768
inst:register_read/g267769
inst:register_read/g267770
inst:register_read/g267771
inst:register_read/g267772
inst:register_read/g267773
inst:register_read/g267774
inst:register_read/g267775
inst:register_read/g267776
inst:register_read/g267777
inst:register_read/g267778
inst:register_read/g267795
inst:register_read/g267796
inst:register_read/g267797
inst:register_read/g267798
inst:register_read/g267799
inst:register_read/g267800
inst:register_read/g267801
inst:register_read/g267802
inst:register_read/g267803
inst:register_read/g267804
inst:register_read/g267805
inst:register_read/g267806
inst:register_read/g267807
inst:register_read/g267808
inst:register_read/g267810
inst:register_read/g267811
inst:register_read/g267812
inst:register_read/g267813
inst:register_read/g267815
inst:register_read/g267817
inst:register_read/g267818
inst:register_read/g267819
inst:register_read/g267820
inst:register_read/g267821
inst:register_read/g267822
inst:register_read/g267823
inst:register_read/g267824
inst:register_read/g267825
inst:register_read/g267826
inst:register_read/g267827
inst:register_read/g267828
inst:register_read/g267829
inst:register_read/g267831
inst:register_read/g267832
inst:register_read/g267833
inst:register_read/g267835
inst:register_read/g267836
inst:register_read/g267837
inst:register_read/g267838
inst:register_read/g267839
inst:register_read/g267840
inst:register_read/g267841
inst:register_read/g267843
inst:register_read/g267844
inst:register_read/g267845
inst:register_read/g267846
inst:register_read/g267847
inst:register_read/g267848
inst:register_read/g267849
inst:register_read/g267850
inst:register_read/g267851
inst:register_read/g267852
inst:register_read/g267853
inst:register_read/g267854
inst:register_read/g267855
inst:register_read/g267856
inst:register_read/g267857
inst:register_read/g267858
inst:register_read/g267859
inst:register_read/g267860
inst:register_read/g267861
inst:register_read/g267862
inst:register_read/g267863
inst:register_read/g267864
inst:register_read/g266449
inst:register_read/g266448
inst:register_read/g266447
inst:register_read/g265614
inst:register_read/g265615
inst:register_read/g265616
inst:register_read/g265617
inst:register_read/g265618
inst:register_read/g265619
inst:register_read/g265620
inst:register_read/g265621
inst:register_read/g265622
inst:register_read/g265623
inst:register_read/g265624
inst:register_read/g265625
inst:register_read/g265626
inst:register_read/g265627
inst:register_read/g265628
inst:register_read/g265629
inst:register_read/g265630
inst:register_read/g265631
inst:register_read/g265632
inst:register_read/g265633
inst:register_read/g265634
inst:register_read/g265635
inst:register_read/g265636
inst:register_read/g265637
inst:register_read/g265638
inst:register_read/g265639
inst:register_read/g265640
inst:register_read/g265641
inst:register_read/g265642
inst:register_read/g265643
inst:register_read/g265644
inst:register_read/g265645
inst:register_read/g265646
inst:register_read/g265647
inst:register_read/g267099
inst:register_read/g265649
inst:register_read/g265650
inst:register_read/g265651
inst:register_read/g265652
inst:register_read/g265653
inst:register_read/g265654
inst:register_read/g265655
inst:register_read/g265656
inst:register_read/g265657
inst:register_read/g265658
inst:register_read/g265659
inst:register_read/g265660
inst:register_read/g265661
inst:register_read/g265662
inst:register_read/g265663
inst:register_read/g265664
inst:register_read/g265665
inst:register_read/g265666
inst:register_read/g265667
inst:register_read/g265668
inst:register_read/g265669
inst:register_read/g265670
inst:register_read/g265671
inst:register_read/g265672
inst:register_read/g265673
inst:register_read/g265674
inst:register_read/g265675
inst:register_read/g265676
inst:register_read/g265677
inst:register_read/g265680
inst:register_read/g265681
inst:register_read/g265682
inst:register_read/g265683
inst:register_read/g265684
inst:register_read/g265685
inst:register_read/g265686
inst:register_read/g265687
inst:register_read/g265688
inst:register_read/g265689
inst:register_read/g265690
inst:register_read/g265691
inst:register_read/g265692
inst:register_read/g265693
inst:register_read/g265694
inst:register_read/g265695
inst:register_read/g265696
inst:register_read/g265697
inst:register_read/g265698
inst:register_read/g265699
inst:register_read/g265700
inst:register_read/g265701
inst:register_read/g265702
inst:register_read/g265703
inst:register_read/g265704
inst:register_read/g265705
inst:register_read/g265706
inst:register_read/g265875
inst:register_read/g265876
inst:register_read/g265877
inst:register_read/g265878
inst:register_read/g265879
inst:register_read/g265880
inst:register_read/g265881
inst:register_read/g265882
inst:register_read/g265883
inst:register_read/g265884
inst:register_read/g265885
inst:register_read/g265886
inst:register_read/g265887
inst:register_read/g265888
inst:register_read/g265889
inst:register_read/g265890
inst:register_read/g265891
inst:register_read/g265892
inst:register_read/g265893
inst:register_read/g265894
inst:register_read/g265895
inst:register_read/g265896
inst:register_read/g265897
inst:register_read/g265898
inst:register_read/g265899
inst:register_read/g265900
inst:register_read/g265901
inst:register_read/g265902
inst:register_read/g265903
inst:register_read/g265904
inst:register_read/g265905
inst:register_read/g265906
inst:register_read/g265929
inst:register_read/g265930
inst:register_read/g265931
inst:register_read/g265932
inst:register_read/g265933
inst:register_read/g265934
inst:register_read/g265935
inst:register_read/g265936
inst:register_read/g265937
inst:register_read/g265938
inst:register_read/g265939
inst:register_read/g265940
inst:register_read/g265941
inst:register_read/g265942
inst:register_read/g265943
inst:register_read/g265944
inst:register_read/g265945
inst:register_read/g265946
inst:register_read/g265947
inst:register_read/g265948
inst:register_read/g265949
inst:register_read/g265950
inst:register_read/g265951
inst:register_read/g265952
inst:register_read/g265953
inst:register_read/g265954
inst:register_read/g265955
inst:register_read/g265956
inst:register_read/g265957
inst:register_read/g265958
inst:register_read/g265959
inst:register_read/g265960
inst:register_read/g265961
inst:register_read/g265962
inst:register_read/g265963
inst:register_read/g265964
inst:register_read/g266179
inst:register_read/g266180
inst:register_read/g266181
inst:register_read/g266182
inst:register_read/g266183
inst:register_read/g266184
inst:register_read/g266185
inst:register_read/g266186
inst:register_read/g266187
inst:register_read/g266188
inst:register_read/g266189
inst:register_read/g266190
inst:register_read/g266191
inst:register_read/g266241
inst:register_read/g266242
inst:register_read/g266243
inst:register_read/g266244
inst:register_read/g266245
inst:register_read/g266246
inst:register_read/g266247
inst:register_read/g266248
inst:register_read/g266249
inst:register_read/g266250
inst:register_read/g266251
inst:register_read/g266252
inst:register_read/g266253
inst:register_read/g266254
inst:register_read/g266255
inst:register_read/g266256
inst:register_read/g266257
inst:register_read/g266258
inst:register_read/g266259
inst:register_read/g266260
inst:register_read/g266261
inst:register_read/g266262
inst:register_read/g266263
inst:register_read/g266264
inst:register_read/g266265
inst:register_read/g266266
inst:register_read/g266267
inst:register_read/g266268
inst:register_read/g266269
inst:register_read/g266270
inst:register_read/g266271
inst:register_read/g266272
inst:register_read/g266273
inst:register_read/g266274
inst:register_read/g266275
inst:register_read/g266276
inst:register_read/g266277
inst:register_read/g266278
inst:register_read/g266279
inst:register_read/g266280
inst:register_read/g266281
inst:register_read/g266282
inst:register_read/g266283
inst:register_read/g266284
inst:register_read/g266285
inst:register_read/g266286
inst:register_read/g266287
inst:register_read/g266288
inst:register_read/g266289
inst:register_read/g266290
inst:register_read/g266291
inst:register_read/g266292
inst:register_read/g266293
inst:register_read/g266294
inst:register_read/g266295
inst:register_read/g266296
inst:register_read/g266297
inst:register_read/g266298
inst:register_read/g266299
inst:register_read/g266300
inst:register_read/g266301
inst:register_read/g266302
inst:register_read/g266303
inst:register_read/g266304
inst:register_read/g266305
inst:register_read/g266306
inst:register_read/g266307
inst:register_read/g266329
inst:register_read/g266330
inst:register_read/g266331
inst:register_read/g266332
inst:register_read/g266333
inst:register_read/g266334
inst:register_read/g266335
inst:register_read/g266336
inst:register_read/g266337
inst:register_read/g266338
inst:register_read/g266339
inst:register_read/g266340
inst:register_read/g266341
inst:register_read/g266342
inst:register_read/g266343
inst:register_read/g266344
inst:register_read/g266345
inst:register_read/g266346
inst:register_read/g266347
inst:register_read/g266348
inst:register_read/g266349
inst:register_read/g266350
inst:register_read/g266351
inst:register_read/g266352
inst:register_read/g266353
inst:register_read/g266354
inst:register_read/g266355
inst:register_read/g266356
inst:register_read/g266357
inst:register_read/g266358
inst:register_read/g266359
inst:register_read/g266360
inst:register_read/g266361
inst:register_read/g266362
inst:register_read/g266363
inst:register_read/g266364
inst:register_read/g266365
inst:register_read/g266370
inst:register_read/g266376
inst:register_read/g266377
inst:register_read/g266378
inst:register_read/g266379
inst:register_read/g266380
inst:register_read/g266381
inst:register_read/g266382
inst:register_read/g266412
inst:register_read/g266413
inst:register_read/g266414
inst:register_read/g266415
inst:register_read/g266416
inst:register_read/g266417
inst:register_read/g266418
inst:register_read/g266419
inst:register_read/g266420
inst:register_read/g266421
inst:register_read/g266422
inst:register_read/g266423
inst:register_read/g266424
inst:register_read/g266425
inst:register_read/g266426
inst:register_read/g266427
inst:register_read/g266428
inst:register_read/g266429
inst:register_read/g266430
inst:register_read/g266431
inst:register_read/g266432
inst:register_read/g266433
inst:register_read/g266434
inst:register_read/g266435
inst:register_read/g266436
inst:register_read/g266437
inst:register_read/g266438
inst:register_read/g266439
inst:register_read/g266440
inst:register_read/g266441
inst:register_read/g266442
inst:register_read/g266443
inst:register_read/g266444
inst:register_read/g266445
inst:register_read/g266446
inst:register_read/g265085
inst:register_read/g265581
inst:register_read/g263550
inst:register_read/g268496
inst:register_read/g268492
inst:register_read/g268486
inst:register_read/g268490
inst:register_read/g266951
inst:register_read/g266952
inst:register_read/g266953
inst:register_read/g266954
inst:register_read/g266955
inst:register_read/g266956
inst:register_read/g266957
inst:register_read/g266958
inst:register_read/g266959
inst:register_read/g266960
inst:register_read/g266961
inst:register_read/g266962
inst:register_read/g266963
inst:register_read/g266964
inst:register_read/g266965
inst:register_read/g266966
inst:register_read/g267003
inst:register_read/g267004
inst:register_read/g267005
inst:register_read/g267006
inst:register_read/g267007
inst:register_read/g267008
inst:register_read/g267009
inst:register_read/g267010
inst:register_read/g267011
inst:register_read/g267012
inst:register_read/g267013
inst:register_read/g267014
inst:register_read/g267015
inst:register_read/g267016
inst:register_read/g267017
inst:register_read/g267018
inst:register_read/g267019
inst:register_read/g267020
inst:register_read/g267021
inst:register_read/g267022
inst:register_read/g267023
inst:register_read/g267024
inst:register_read/g267025
inst:register_read/g267026
inst:register_read/g267027
inst:register_read/g267028
inst:register_read/g267029
inst:register_read/g267030
inst:register_read/g267031
inst:register_read/g267032
inst:register_read/g267033
inst:register_read/g267034
inst:register_read/g267035
inst:register_read/g267036
inst:register_read/g267037
inst:register_read/g267038
inst:register_read/g267039
inst:register_read/g267040
inst:register_read/g267041
inst:register_read/g267042
inst:register_read/g267043
inst:register_read/g267044
inst:register_read/g267045
inst:register_read/g267046
inst:register_read/g267047
inst:register_read/g267048
inst:register_read/g267049
inst:register_read/g267050
inst:register_read/g267051
inst:register_read/g267052
inst:register_read/g267053
inst:register_read/g267054
inst:register_read/g267055
inst:register_read/g267056
inst:register_read/g267057
inst:register_read/g267058
inst:register_read/g267059
inst:register_read/g267060
inst:register_read/g267131
inst:register_read/g267132
inst:register_read/g267133
inst:register_read/g267134
inst:register_read/g267135
inst:register_read/g267136
inst:register_read/g267137
inst:register_read/g267138
inst:register_read/g267139
inst:register_read/g267140
inst:register_read/g267141
inst:register_read/g267142
inst:register_read/g267143
inst:register_read/g267144
inst:register_read/g267145
inst:register_read/g267146
inst:register_read/g267147
inst:register_read/g267148
inst:register_read/g267175
inst:register_read/g267176
inst:register_read/g267177
inst:register_read/g268493
inst:register_read/g267178
inst:register_read/g267179
inst:register_read/g267180
inst:register_read/g267181
inst:register_read/g267182
inst:register_read/g267183
inst:register_read/g267184
inst:register_read/g267185
inst:register_read/g267186
inst:register_read/g267187
inst:register_read/g267188
inst:register_read/g267189
inst:register_read/g267190
inst:register_read/g267191
inst:register_read/g267192
inst:register_read/g267193
inst:register_read/g267194
inst:register_read/g267195
inst:register_read/g267196
inst:register_read/g267197
inst:register_read/g267198
inst:register_read/g267199
inst:register_read/g267200
inst:register_read/g267201
inst:register_read/g267202
inst:register_read/g267203
inst:register_read/g267204
inst:register_read/g267205
inst:register_read/g267206
inst:register_read/g267207
inst:register_read/g267208
inst:register_read/g267209
inst:register_read/g267210
inst:register_read/g267232
inst:register_read/g267255
inst:register_read/g267264
inst:register_read/g267368
inst:register_read/g267400
inst:register_read/g267401
inst:register_read/g267404
inst:register_read/g267406
inst:register_read/g267408
inst:register_read/g267412
inst:register_read/g267420
inst:register_read/g267443
inst:register_read/g267469
inst:register_read/g267471
inst:register_read/g267486
inst:register_read/g267512
inst:register_read/g267517
inst:register_read/g267544
inst:register_read/g267548
inst:register_read/g267566
inst:register_read/g267579
inst:register_read/g267580
inst:register_read/g267644
inst:register_read/g267765
inst:register_read/g267781
inst:register_read/g267783
inst:register_read/g267784
inst:register_read/g267785
inst:register_read/g267787
inst:register_read/g267788
inst:register_read/g267789
inst:register_read/g267790
inst:register_read/g267793
inst:register_read/g267809
inst:register_read/g267814
inst:register_read/g267830
inst:register_read/g267842
inst:register_read/g267866
inst:register_read/g267867
inst:register_read/g267868
inst:register_read/g267869
inst:register_read/g267870
inst:register_read/g267871
inst:register_read/g267872
inst:register_read/g267873
inst:register_read/g267874
inst:register_read/g267875
inst:register_read/g267876
inst:register_read/g267877
inst:register_read/g267878
inst:register_read/g267879
inst:register_read/g267880
inst:register_read/g267881
inst:register_read/g267882
inst:register_read/g267883
inst:register_read/g267884
inst:register_read/g267885
inst:register_read/g267886
inst:register_read/g267887
inst:register_read/g267888
inst:register_read/g267889
inst:register_read/g267891
inst:register_read/g267892
inst:register_read/g267893
inst:register_read/g267894
inst:register_read/g267895
inst:register_read/g267896
inst:register_read/g267897
inst:register_read/g267898
inst:register_read/g267899
inst:register_read/g267900
inst:register_read/g267901
inst:register_read/g267902
inst:register_read/g267903
inst:register_read/g267904
inst:register_read/g267905
inst:register_read/g267906
inst:register_read/g267907
inst:register_read/g267908
inst:register_read/g267909
inst:register_read/g267910
inst:register_read/g267911
inst:register_read/g267912
inst:register_read/g267913
inst:register_read/g267914
inst:register_read/g267915
inst:register_read/g267916
inst:register_read/g267917
inst:register_read/g267918
inst:register_read/g267919
inst:register_read/g267920
inst:register_read/g267921
inst:register_read/g267922
inst:register_read/g267923
inst:register_read/g268075
inst:register_read/g267925
inst:register_read/g267926
inst:register_read/g267927
inst:register_read/g267928
inst:register_read/g267929
inst:register_read/g267930
inst:register_read/g267931
inst:register_read/g267932
inst:register_read/g267933
inst:register_read/g267934
inst:register_read/g267935
inst:register_read/g267936
inst:register_read/g267937
inst:register_read/g267938
inst:register_read/g267939
inst:register_read/g267940
inst:register_read/g267941
inst:register_read/g267942
inst:register_read/g267943
inst:register_read/g267944
inst:register_read/g267945
inst:register_read/g267946
inst:register_read/g267947
inst:register_read/g267948
inst:register_read/g267949
inst:register_read/g267950
inst:register_read/g267951
inst:register_read/g267952
inst:register_read/g267953
inst:register_read/g267954
inst:register_read/g267955
inst:register_read/g267956
inst:register_read/g267957
inst:register_read/g267958
inst:register_read/g267959
inst:register_read/g267960
inst:register_read/g267961
inst:register_read/g267963
inst:register_read/g267964
inst:register_read/g267965
inst:register_read/g267967
inst:register_read/g267968
inst:register_read/g267970
inst:register_read/g267971
inst:register_read/g267973
inst:register_read/g267974
inst:register_read/g267976
inst:register_read/g267978
inst:register_read/g267980
inst:register_read/g267981
inst:register_read/g267983
inst:register_read/g267984
inst:register_read/g267986
inst:register_read/g267987
inst:register_read/g267988
inst:register_read/g267990
inst:register_read/g267991
inst:register_read/g267992
inst:register_read/g267993
inst:register_read/g267996
inst:register_read/g267998
inst:register_read/g268000
inst:register_read/g268002
inst:register_read/g268004
inst:register_read/g268006
inst:register_read/g268008
inst:register_read/g268010
inst:register_read/g268012
inst:register_read/g268014
inst:register_read/g268017
inst:register_read/g268019
inst:register_read/g268021
inst:register_read/g268023
inst:register_read/g268024
inst:register_read/g268027
inst:register_read/g268029
inst:register_read/g268031
inst:register_read/g268032
inst:register_read/g268034
inst:register_read/g268035
inst:register_read/g268037
inst:register_read/g268038
inst:register_read/g268040
inst:register_read/g268041
inst:register_read/g268044
inst:register_read/g268046
inst:register_read/g268047
inst:register_read/g268048
inst:register_read/g268049
inst:register_read/g268050
inst:register_read/g268051
inst:register_read/g268052
inst:register_read/g268054
inst:register_read/g268055
inst:register_read/g268056
inst:register_read/g268057
inst:register_read/g268058
inst:register_read/g268059
inst:register_read/g268060
inst:register_read/g268061
inst:register_read/g268062
inst:register_read/g268063
inst:register_read/g268064
inst:register_read/g268065
inst:register_read/g268066
inst:register_read/g268067
inst:register_read/g268068
inst:register_read/g268069
inst:register_read/g268070
inst:register_read/g268071
inst:register_read/g268072
inst:register_read/g268073
inst:register_read/g268074
inst:register_read/g267924
inst:register_read/g268076
inst:register_read/g268077
inst:register_read/g268078
inst:register_read/g268079
inst:register_read/g268080
inst:register_read/g268081
inst:register_read/g268083
inst:register_read/g268084
inst:register_read/g268086
inst:register_read/g268088
inst:register_read/g268089
inst:register_read/g268090
inst:register_read/g268091
inst:register_read/g268092
inst:register_read/g268093
inst:register_read/g268094
inst:register_read/g268095
inst:register_read/g268096
inst:register_read/g268097
inst:register_read/g268098
inst:register_read/g268099
inst:register_read/g268100
inst:register_read/g268101
inst:register_read/g268102
inst:register_read/g268103
inst:register_read/g268104
inst:register_read/g268105
inst:register_read/g268106
inst:register_read/g268107
inst:register_read/g268108
inst:register_read/g268109
inst:register_read/g268110
inst:register_read/g268111
inst:register_read/g268112
inst:register_read/g268113
inst:register_read/g268114
inst:register_read/g268115
inst:register_read/g268116
inst:register_read/g268117
inst:register_read/g268118
inst:register_read/g268119
inst:register_read/g268120
inst:register_read/g268121
inst:register_read/g268122
inst:register_read/g268123
inst:register_read/g268124
inst:register_read/g268125
inst:register_read/g268481
inst:register_read/g268491
inst:register_read/g268494
inst:register_read/g268487
inst:register_read/g265678
inst:register_read/g265613
inst:register_read/g265612
inst:register_read/g265611
inst:register_read/g268478
inst:register_read/g268479
inst:register_read/g268480
inst:register_read/g268482
inst:register_read/g268483
inst:register_read/g268484
inst:register_read/g268485
inst:register_read/g268488
inst:register_read/g268489
inst:register_read/g268495
inst:register_read/g268497
inst:register_read/g268498
inst:register_read/g268499
inst:register_read/g268500
inst:register_read/g268501
inst:register_read/g268502
inst:register_read/g268503
inst:register_read/g268504
inst:register_read/g268505
inst:register_read/g268477
inst:register_read/g265610
inst:register_read/g265609
inst:register_read/g265583
inst:register_read/g265584
inst:register_read/g265585
inst:register_read/g265586
inst:register_read/g265587
inst:register_read/g265588
inst:register_read/g265589
inst:register_read/g265590
inst:register_read/g265591
inst:register_read/g265592
inst:register_read/g265593
inst:register_read/g265594
inst:register_read/g265595
inst:register_read/g265596
inst:register_read/g265597
inst:register_read/g265598
inst:register_read/g265599
inst:register_read/g265600
inst:register_read/g265601
inst:register_read/g265602
inst:register_read/g265603
inst:register_read/g265604
inst:register_read/g265605
inst:register_read/g265606
inst:register_read/g265607
inst:register_read/g265608
inst:register_read/g265086
inst:register_read/g265084
inst:register_read/g268207
inst:register_read/g268214
inst:register_read/g268212
inst:register_read/g268211
inst:register_read/g268331
inst:register_read/g268205
inst:register_read/g268200
inst:register_read/g268332
inst:register_read/g267554
inst:register_read/g270590
inst:register_read/g270591
inst:register_read/g270592
inst:register_read/g270593
inst:register_read/g270594
inst:register_read/g270595
inst:register_read/g270596
inst:register_read/g270597
inst:register_read/g270598
inst:register_read/g270599
inst:register_read/g270600
inst:register_read/g270601
inst:register_read/g270602
inst:register_read/g270603
inst:register_read/g270604
inst:register_read/g270605
inst:register_read/g270606
inst:register_read/g270607
inst:register_read/g270608
inst:register_read/g270609
inst:register_read/g270610
inst:register_read/g270611
inst:register_read/g270612
inst:register_read/g270613
inst:register_read/g270614
inst:register_read/g270615
inst:register_read/g270616
inst:register_read/g270617
inst:register_read/g270618
inst:register_read/g270619
inst:register_read/g270620
inst:register_read/g267212
inst:register_read/g267213
inst:register_read/g267214
inst:register_read/g267215
inst:register_read/g267216
inst:register_read/g267217
inst:register_read/g267218
inst:register_read/g267219
inst:register_read/g267220
inst:register_read/g267221
inst:register_read/g267222
inst:register_read/g267223
inst:register_read/g267224
inst:register_read/g267225
inst:register_read/g267226
inst:register_read/g267227
inst:register_read/g267228
inst:register_read/g267229
inst:register_read/g267230
inst:register_read/g267231
inst:register_read/g267233
inst:register_read/g267234
inst:register_read/g267235
inst:register_read/g267236
inst:register_read/g267237
inst:register_read/g267238
inst:register_read/g267239
inst:register_read/g267240
inst:register_read/g267241
inst:register_read/g267242
inst:register_read/g267243
inst:register_read/g267244
inst:register_read/g267245
inst:register_read/g267246
inst:register_read/g267247
inst:register_read/g267248
inst:register_read/g267249
inst:register_read/g267250
inst:register_read/g267251
inst:register_read/g267252
inst:register_read/g267253
inst:register_read/g267254
inst:register_read/g267256
inst:register_read/g267257
inst:register_read/g267258
inst:register_read/g267259
inst:register_read/g267260
inst:register_read/g267261
inst:register_read/g267262
inst:register_read/g267263
inst:register_read/g267265
inst:register_read/g267266
inst:register_read/g267267
inst:register_read/g267268
inst:register_read/g267269
inst:register_read/g267270
inst:register_read/g267271
inst:register_read/g267272
inst:register_read/g267273
inst:register_read/g267274
inst:register_read/g267275
inst:register_read/g267276
inst:register_read/g267277
inst:register_read/g267278
inst:register_read/g267279
inst:register_read/g267280
inst:register_read/g267281
inst:register_read/g267282
inst:register_read/g267283
inst:register_read/g267284
inst:register_read/g267285
inst:register_read/g267286
inst:register_read/g267287
inst:register_read/g267288
inst:register_read/g267289
inst:register_read/g267290
inst:register_read/g267291
inst:register_read/g267292
inst:register_read/g267293
inst:register_read/g267294
inst:register_read/g267295
inst:register_read/g267296
inst:register_read/g267297
inst:register_read/g267298
inst:register_read/g267299
inst:register_read/g267300
inst:register_read/g267301
inst:register_read/g267302
inst:register_read/g267303
inst:register_read/g267304
inst:register_read/g267305
inst:register_read/g267306
inst:register_read/g267307
inst:register_read/g267308
inst:register_read/g267309
inst:register_read/g267310
inst:register_read/g267311
inst:register_read/g267312
inst:register_read/g267313
inst:register_read/g267314
inst:register_read/g267315
inst:register_read/g267316
inst:register_read/g267317
inst:register_read/g267318
inst:register_read/g267319
inst:register_read/g267320
inst:register_read/g267321
inst:register_read/g267322
inst:register_read/g267323
inst:register_read/g267324
inst:register_read/g267325
inst:register_read/g267326
inst:register_read/g267327
inst:register_read/g267328
inst:register_read/g267329
inst:register_read/g267330
inst:register_read/g267331
inst:register_read/g267332
inst:register_read/g267333
inst:register_read/g267334
inst:register_read/g267335
inst:register_read/g267336
inst:register_read/g267337
inst:register_read/g267338
inst:register_read/g267339
inst:register_read/g267340
inst:register_read/g267341
inst:register_read/g267342
inst:register_read/g267343
inst:register_read/g267344
inst:register_read/g267345
inst:register_read/g267346
inst:register_read/g267347
inst:register_read/g267348
inst:register_read/g267349
inst:register_read/g267350
inst:register_read/g267351
inst:register_read/g267352
inst:register_read/g267353
inst:register_read/g267354
inst:register_read/g267355
inst:register_read/g267356
inst:register_read/g267357
inst:register_read/g267358
inst:register_read/g267359
inst:register_read/g267360
inst:register_read/g267361
inst:register_read/g267362
inst:register_read/g267363
inst:register_read/g267364
inst:register_read/g267365
inst:register_read/g267366
inst:register_read/g267367
inst:register_read/g267369
inst:register_read/g267370
inst:register_read/g267371
inst:register_read/g267372
inst:register_read/g267373
inst:register_read/g267374
inst:register_read/g267375
inst:register_read/g267376
inst:register_read/g267377
inst:register_read/g267378
inst:register_read/g267379
inst:register_read/g267380
inst:register_read/g267381
inst:register_read/g267382
inst:register_read/g267383
inst:register_read/g267384
inst:register_read/g267385
inst:register_read/g267386
inst:register_read/g267387
inst:register_read/g267388
inst:register_read/g267389
inst:register_read/g267390
inst:register_read/g267391
inst:register_read/g267392
inst:register_read/g267393
inst:register_read/g267394
inst:register_read/g267395
inst:register_read/g267396
inst:register_read/g267397
inst:register_read/g267398
inst:register_read/g267399
inst:register_read/g267402
inst:register_read/g267403
inst:register_read/g267405
inst:register_read/g267407
inst:register_read/g267409
inst:register_read/g267410
inst:register_read/g267411
inst:register_read/g267413
inst:register_read/g267414
inst:register_read/g267415
inst:register_read/g267416
inst:register_read/g267417
inst:register_read/g267418
inst:register_read/g267419
inst:register_read/g267421
inst:register_read/g267422
inst:register_read/g267423
inst:register_read/g267424
inst:register_read/g267425
inst:register_read/g267426
inst:register_read/g267427
inst:register_read/g267428
inst:register_read/g267432
inst:register_read/g267448
inst:register_read/g267455
inst:register_read/g267460
inst:register_read/g267465
inst:register_read/g267466
inst:register_read/g267467
inst:register_read/g267468
inst:register_read/g267470
inst:register_read/g267472
inst:register_read/g267473
inst:register_read/g267474
inst:register_read/g267475
inst:register_read/g267476
inst:register_read/g267477
inst:register_read/g267478
inst:register_read/g267479
inst:register_read/g267480
inst:register_read/g267481
inst:register_read/g267482
inst:register_read/g267483
inst:register_read/g267484
inst:register_read/g267485
inst:register_read/g267487
inst:register_read/g267488
inst:register_read/g267489
inst:register_read/g267490
inst:register_read/g267491
inst:register_read/g267492
inst:register_read/g267493
inst:register_read/g267494
inst:register_read/g267495
inst:register_read/g267496
inst:register_read/g267497
inst:register_read/g267498
inst:register_read/g267499
inst:register_read/g267500
inst:register_read/g267501
inst:register_read/g267502
inst:register_read/g267503
inst:register_read/g267504
inst:register_read/g267505
inst:register_read/g267506
inst:register_read/g267507
inst:register_read/g267508
inst:register_read/g267509
inst:register_read/g267510
inst:register_read/g267511
inst:register_read/g267513
inst:register_read/g267514
inst:register_read/g267515
inst:register_read/g267516
inst:register_read/g267518
inst:register_read/g267519
inst:register_read/g267520
inst:register_read/g267521
inst:register_read/g267522
inst:register_read/g267523
inst:register_read/g267524
inst:register_read/g267525
inst:register_read/g267526
inst:register_read/g267527
inst:register_read/g267528
inst:register_read/g267529
inst:register_read/g267530
inst:register_read/g267531
inst:register_read/g267532
inst:register_read/g267533
inst:register_read/g267534
inst:register_read/g267535
inst:register_read/g267536
inst:register_read/g267537
inst:register_read/g267538
inst:register_read/g267539
inst:register_read/g267540
inst:register_read/g267541
inst:register_read/g267542
inst:register_read/g267543
inst:register_read/g267545
inst:register_read/g267546
inst:register_read/g267547
inst:register_read/g267549
inst:register_read/g267550
inst:register_read/g267551
inst:register_read/g267552
inst:register_read/g267553
inst:register_read/g270589
inst:register_read/g269634
inst:register_read/g267556
inst:register_read/g267557
inst:register_read/g267558
inst:register_read/g267559
inst:register_read/g267560
inst:register_read/g267561
inst:register_read/g267562
inst:register_read/g267563
inst:register_read/g267564
inst:register_read/g267565
inst:register_read/g267567
inst:register_read/g267568
inst:register_read/g267569
inst:register_read/g267570
inst:register_read/g267571
inst:register_read/g267572
inst:register_read/g267573
inst:register_read/g267574
inst:register_read/g267575
inst:register_read/g267576
inst:register_read/g267577
inst:register_read/g267578
inst:register_read/g267581
inst:register_read/g267582
inst:register_read/g267583
inst:register_read/g267584
inst:register_read/g267585
inst:register_read/g267586
inst:register_read/g267587
inst:register_read/g267588
inst:register_read/g267589
inst:register_read/g267590
inst:register_read/g267591
inst:register_read/g267592
inst:register_read/g267593
inst:register_read/g267594
inst:register_read/g267595
inst:register_read/g267596
inst:register_read/g267597
inst:register_read/g267598
inst:register_read/g267599
inst:register_read/g267600
inst:register_read/g267601
inst:register_read/g267602
inst:register_read/g267603
inst:register_read/g267604
inst:register_read/g267605
inst:register_read/g267606
inst:register_read/g267607
inst:register_read/g267608
inst:register_read/g267609
inst:register_read/g267610
inst:register_read/g267611
inst:register_read/g267612
inst:register_read/g267613
inst:register_read/g267614
inst:register_read/g267625
inst:register_read/g267647
inst:register_read/g267648
inst:register_read/g267660
inst:register_read/g267685
inst:register_read/g267731
inst:register_read/g267736
inst:register_read/g267779
inst:register_read/g267780
inst:register_read/g267782
inst:register_read/g267786
inst:register_read/g267791
inst:register_read/g267792
inst:register_read/g267794
inst:register_read/g267816
inst:register_read/g267834
inst:register_read/g267865
inst:register_read/g267890
inst:register_read/g267962
inst:register_read/g267966
inst:register_read/g267969
inst:register_read/g267972
inst:register_read/g267975
inst:register_read/g267977
inst:register_read/g267979
inst:register_read/g267982
inst:register_read/g267985
inst:register_read/g267989
inst:register_read/g267994
inst:register_read/g267995
inst:register_read/g267997
inst:register_read/g267999
inst:register_read/g268001
inst:register_read/g268003
inst:register_read/g268005
inst:register_read/g268007
inst:register_read/g268009
inst:register_read/g268011
inst:register_read/g268013
inst:register_read/g268015
inst:register_read/g268016
inst:register_read/g268018
inst:register_read/g268020
inst:register_read/g268022
inst:register_read/g268025
inst:register_read/g268026
inst:register_read/g268028
inst:register_read/g268030
inst:register_read/g268033
inst:register_read/g268036
inst:register_read/g268039
inst:register_read/g268042
inst:register_read/g268043
inst:register_read/g268045
inst:register_read/g268053
inst:register_read/g268082
inst:register_read/g268085
inst:register_read/g268087
inst:register_read/g268126
inst:register_read/g268127
inst:register_read/g268128
inst:register_read/g268129
inst:register_read/g268130
inst:register_read/g268131
inst:register_read/g268132
inst:register_read/g268133
inst:register_read/g270588
inst:register_read/g270587
inst:register_read/g270586
inst:register_read/g270585
inst:register_read/g270584
inst:register_read/g270583
inst:register_read/g270582
inst:register_read/g270581
inst:register_read/g270580
inst:register_read/g270579
inst:register_read/g270578
inst:register_read/g269499
inst:register_read/g269500
inst:register_read/g269501
inst:register_read/g269502
inst:register_read/g269503
inst:register_read/g269504
inst:register_read/g269505
inst:register_read/g269506
inst:register_read/g269507
inst:register_read/g269508
inst:register_read/g269509
inst:register_read/g269510
inst:register_read/g269511
inst:register_read/g269512
inst:register_read/g269513
inst:register_read/g269514
inst:register_read/g269515
inst:register_read/g269516
inst:register_read/g269517
inst:register_read/g269518
inst:register_read/g269519
inst:register_read/g269520
inst:register_read/g269521
inst:register_read/g269522
inst:register_read/g269523
inst:register_read/g269524
inst:register_read/g269525
inst:register_read/g269563
inst:register_read/g269631
inst:register_read/g269632
inst:register_read/g269633
inst:register_read/g267555
inst:register_read/g269635
inst:register_read/g269636
inst:register_read/g269637
inst:register_read/g269638
inst:register_read/g269639
inst:register_read/g269640
inst:register_read/g269641
inst:register_read/g269642
inst:register_read/g269643
inst:register_read/g269644
inst:register_read/g269645
inst:register_read/g269646
inst:register_read/g269647
inst:register_read/g269648
inst:register_read/g269649
inst:register_read/g269650
inst:register_read/g269651
inst:register_read/g269652
inst:register_read/g269765
inst:register_read/g269766
inst:register_read/g269767
inst:register_read/g269768
inst:register_read/g269769
inst:register_read/g269917
inst:register_read/g269918
inst:register_read/g269919
inst:register_read/g269920
inst:register_read/g269921
inst:register_read/g269922
inst:register_read/g269923
inst:register_read/g269924
inst:register_read/g269925
inst:register_read/g269926
inst:register_read/g269927
inst:register_read/g269928
inst:register_read/g269929
inst:register_read/g269930
inst:register_read/g269931
inst:register_read/g269932
inst:register_read/g269933
inst:register_read/g269934
inst:register_read/g270061
inst:register_read/g270062
inst:register_read/g270063
inst:register_read/g270064
inst:register_read/g270065
inst:register_read/g270066
inst:register_read/g270067
inst:register_read/g270068
inst:register_read/g270069
inst:register_read/g270070
inst:register_read/g270071
inst:register_read/g270072
inst:register_read/g270073
inst:register_read/g270074
inst:register_read/g270075
inst:register_read/g270076
inst:register_read/g270077
inst:register_read/g270078
inst:register_read/g270079
inst:register_read/g270080
inst:register_read/g270081
inst:register_read/g270082
inst:register_read/g270083
inst:register_read/g270084
inst:register_read/g270085
inst:register_read/g270086
inst:register_read/g270087
inst:register_read/g270088
inst:register_read/g270089
inst:register_read/g270090
inst:register_read/g270091
inst:register_read/g270114
inst:register_read/g270115
inst:register_read/g270116
inst:register_read/g270117
inst:register_read/g270118
inst:register_read/g270119
inst:register_read/g270120
inst:register_read/g270121
inst:register_read/g270122
inst:register_read/g270123
inst:register_read/g270124
inst:register_read/g270125
inst:register_read/g270126
inst:register_read/g270127
inst:register_read/g270128
inst:register_read/g270129
inst:register_read/g270130
inst:register_read/g270131
inst:register_read/g270132
inst:register_read/g270133
inst:register_read/g270134
inst:register_read/g270135
inst:register_read/g270136
inst:register_read/g270137
inst:register_read/g270458
inst:register_read/g270459
inst:register_read/g270460
inst:register_read/g270461
inst:register_read/g270462
inst:register_read/g270463
inst:register_read/g270464
inst:register_read/g270465
inst:register_read/g270466
inst:register_read/g270467
inst:register_read/g270468
inst:register_read/g270469
inst:register_read/g270470
inst:register_read/g270471
inst:register_read/g270472
inst:register_read/g270473
inst:register_read/g270474
inst:register_read/g270475
inst:register_read/g270476
inst:register_read/g270477
inst:register_read/g270478
inst:register_read/g270479
inst:register_read/g270480
inst:register_read/g270481
inst:register_read/g270482
inst:register_read/g270483
inst:register_read/g270484
inst:register_read/g270485
inst:register_read/g270486
inst:register_read/g270487
inst:register_read/g270488
inst:register_read/g270489
inst:register_read/g270490
inst:register_read/g270491
inst:register_read/g270577
inst:register_read/g270492
inst:register_read/g270493
inst:register_read/g270494
inst:register_read/g270495
inst:register_read/g270496
inst:register_read/g270497
inst:register_read/g270498
inst:register_read/g270499
inst:register_read/g270500
inst:register_read/g270565
inst:register_read/g270566
inst:register_read/g270567
inst:register_read/g270568
inst:register_read/g270569
inst:register_read/g270570
inst:register_read/g270571
inst:register_read/g270572
inst:register_read/g270573
inst:register_read/g270574
inst:register_read/g270575
inst:register_read/g270576
inst:register_read/g266395
inst:register_read/g268213
inst:register_read/g268208
inst:register_read/g268199
inst:register_read/g269202
inst:register_read/g268471
inst:register_read/g268444
inst:register_read/g268421
inst:register_read/g267211
inst:register_read/g268420
inst:register_read/g267429
inst:register_read/g267430
inst:register_read/g267431
inst:register_read/g267433
inst:register_read/g267434
inst:register_read/g267435
inst:register_read/g267436
inst:register_read/g267437
inst:register_read/g267438
inst:register_read/g267439
inst:register_read/g267440
inst:register_read/g267441
inst:register_read/g267442
inst:register_read/g267444
inst:register_read/g267445
inst:register_read/g267446
inst:register_read/g267447
inst:register_read/g267449
inst:register_read/g267450
inst:register_read/g267451
inst:register_read/g267452
inst:register_read/g267453
inst:register_read/g267454
inst:register_read/g267456
inst:register_read/g267457
inst:register_read/g267458
inst:register_read/g267459
inst:register_read/g267461
inst:register_read/g267462
inst:register_read/g267463
inst:register_read/g267464
inst:register_read/g268443
inst:register_read/g268458
inst:register_read/g267699
inst:register_read/g267700
inst:register_read/g267701
inst:register_read/g267702
inst:register_read/g267703
inst:register_read/g267704
inst:register_read/g267705
inst:register_read/g267706
inst:register_read/g267707
inst:register_read/g267708
inst:register_read/g267709
inst:register_read/g267710
inst:register_read/g267711
inst:register_read/g267712
inst:register_read/g267713
inst:register_read/g267714
inst:register_read/g267715
inst:register_read/g267716
inst:register_read/g267717
inst:register_read/g267718
inst:register_read/g267719
inst:register_read/g267720
inst:register_read/g267721
inst:register_read/g267722
inst:register_read/g267723
inst:register_read/g267724
inst:register_read/g267725
inst:register_read/g268469
inst:register_read/g268425
inst:register_read/g268216
inst:register_read/g268217
inst:register_read/g268218
inst:register_read/g268219
inst:register_read/g268417
inst:register_read/g268220
inst:register_read/g268221
inst:register_read/g268222
inst:register_read/g268223
inst:register_read/g268224
inst:register_read/g268225
inst:register_read/g268226
inst:register_read/g268227
inst:register_read/g268228
inst:register_read/g268229
inst:register_read/g268230
inst:register_read/g268231
inst:register_read/g268232
inst:register_read/g268233
inst:register_read/g268234
inst:register_read/g268440
inst:register_read/g268235
inst:register_read/g268236
inst:register_read/g268237
inst:register_read/g268238
inst:register_read/g268239
inst:register_read/g268240
inst:register_read/g268241
inst:register_read/g268242
inst:register_read/g268243
inst:register_read/g268244
inst:register_read/g268245
inst:register_read/g268246
inst:register_read/g268247
inst:register_read/g268248
inst:register_read/g268249
inst:register_read/g268250
inst:register_read/g268251
inst:register_read/g268252
inst:register_read/g268253
inst:register_read/g268254
inst:register_read/g268255
inst:register_read/g268441
inst:register_read/g268416
inst:register_read/g269201
inst:register_read/g269200
inst:register_read/g269199
inst:register_read/g268453
inst:register_read/g269198
inst:register_read/g269197
inst:register_read/g269196
inst:register_read/g269195
inst:register_read/g269194
inst:register_read/g269193
inst:register_read/g269192
inst:register_read/g269191
inst:register_read/g269190
inst:register_read/g269189
inst:register_read/g268434
inst:register_read/g269188
inst:register_read/g269187
inst:register_read/g269186
inst:register_read/g269185
inst:register_read/g269184
inst:register_read/g269183
inst:register_read/g269182
inst:register_read/g268360
inst:register_read/g268361
inst:register_read/g268362
inst:register_read/g268363
inst:register_read/g268364
inst:register_read/g268365
inst:register_read/g268366
inst:register_read/g268367
inst:register_read/g268368
inst:register_read/g268369
inst:register_read/g268370
inst:register_read/g268371
inst:register_read/g268372
inst:register_read/g268373
inst:register_read/g268374
inst:register_read/g268375
inst:register_read/g268376
inst:register_read/g268377
inst:register_read/g268378
inst:register_read/g268379
inst:register_read/g268380
inst:register_read/g268381
inst:register_read/g268382
inst:register_read/g268383
inst:register_read/g268384
inst:register_read/g268385
inst:register_read/g268386
inst:register_read/g268387
inst:register_read/g268388
inst:register_read/g268389
inst:register_read/g268390
inst:register_read/g268391
inst:register_read/g268392
inst:register_read/g268393
inst:register_read/g268394
inst:register_read/g268395
inst:register_read/g268396
inst:register_read/g268415
inst:register_read/g268397
inst:register_read/g268398
inst:register_read/g268399
inst:register_read/g268400
inst:register_read/g268401
inst:register_read/g268402
inst:register_read/g268403
inst:register_read/g268404
inst:register_read/g268405
inst:register_read/g268406
inst:register_read/g268409
inst:register_read/g268412
inst:register_read/g268414
inst:register_read/g268418
inst:register_read/g268419
inst:register_read/g268422
inst:register_read/g268423
inst:register_read/g268424
inst:register_read/g268427
inst:register_read/g268428
inst:register_read/g268429
inst:register_read/g268433
inst:register_read/g268442
inst:register_read/g268445
inst:register_read/g268446
inst:register_read/g268447
inst:register_read/g268451
inst:register_read/g268452
inst:register_read/g268454
inst:register_read/g268456
inst:register_read/g268457
inst:register_read/g268459
inst:register_read/g268460
inst:register_read/g268461
inst:register_read/g268465
inst:register_read/g268470
inst:register_read/g268473
inst:register_read/g268474
inst:register_read/g268475
inst:register_read/g268467
inst:register_read/g268439
inst:register_read/g268466
inst:register_read/g268413
inst:register_read/g268476
inst:register_read/g268438
inst:register_read/g268455
inst:register_read/g268437
inst:register_read/g268411
inst:register_read/g268436
inst:register_read/g268435
inst:register_read/g268410
inst:register_read/g269174
inst:register_read/g269175
inst:register_read/g269176
inst:register_read/g269177
inst:register_read/g269178
inst:register_read/g269179
inst:register_read/g269180
inst:register_read/g269181
inst:register_read/g268358
inst:register_read/g268357
inst:register_read/g268354
inst:register_read/g268349
inst:register_read/g268343
inst:register_read/g268340
inst:register_read/g268337
inst:register_read/g268330
inst:register_read/g268328
inst:register_read/g268327
inst:register_read/g268323
inst:register_read/g268322
inst:register_read/g268318
inst:register_read/g268316
inst:register_read/g269203
inst:register_read/g269204
inst:register_read/g269205
inst:register_read/g269206
inst:register_read/g269207
inst:register_read/g269208
inst:register_read/g269209
inst:register_read/g269210
inst:register_read/g269211
inst:register_read/g269212
inst:register_read/g269213
inst:register_read/g269214
inst:register_read/g269215
inst:register_read/g269216
inst:register_read/g269217
inst:register_read/g269218
inst:register_read/g269219
inst:register_read/g269220
inst:register_read/g269221
inst:register_read/g269222
inst:register_read/g268464
inst:register_read/g269266
inst:register_read/g269267
inst:register_read/g269268
inst:register_read/g269269
inst:register_read/g269270
inst:register_read/g269271
inst:register_read/g269272
inst:register_read/g269273
inst:register_read/g269274
inst:register_read/g269275
inst:register_read/g269276
inst:register_read/g269277
inst:register_read/g269278
inst:register_read/g269279
inst:register_read/g269280
inst:register_read/g269281
inst:register_read/g269282
inst:register_read/g269283
inst:register_read/g269284
inst:register_read/g269285
inst:register_read/g269286
inst:register_read/g269287
inst:register_read/g269288
inst:register_read/g269289
inst:register_read/g269290
inst:register_read/g269306
inst:register_read/g269307
inst:register_read/g269308
inst:register_read/g269309
inst:register_read/g269310
inst:register_read/g269311
inst:register_read/g269312
inst:register_read/g269313
inst:register_read/g269314
inst:register_read/g269315
inst:register_read/g269316
inst:register_read/g269317
inst:register_read/g269318
inst:register_read/g268408
inst:register_read/g269319
inst:register_read/g269320
inst:register_read/g269321
inst:register_read/g269322
inst:register_read/g269323
inst:register_read/g269324
inst:register_read/g269325
inst:register_read/g269326
inst:register_read/g269327
inst:register_read/g269328
inst:register_read/g269329
inst:register_read/g269330
inst:register_read/g269331
inst:register_read/g269380
inst:register_read/g269381
inst:register_read/g269382
inst:register_read/g269383
inst:register_read/g269384
inst:register_read/g269385
inst:register_read/g269386
inst:register_read/g269387
inst:register_read/g269427
inst:register_read/g269428
inst:register_read/g269429
inst:register_read/g269430
inst:register_read/g269431
inst:register_read/g269432
inst:register_read/g269433
inst:register_read/g269434
inst:register_read/g268407
inst:register_read/g269435
inst:register_read/g269436
inst:register_read/g269437
inst:register_read/g269438
inst:register_read/g269439
inst:register_read/g269440
inst:register_read/g269441
inst:register_read/g269442
inst:register_read/g269443
inst:register_read/g269444
inst:register_read/g269445
inst:register_read/g269446
inst:register_read/g269447
inst:register_read/g269448
inst:register_read/g269449
inst:register_read/g269450
inst:register_read/g269451
inst:register_read/g269452
inst:register_read/g269453
inst:register_read/g269454
inst:register_read/g269455
inst:register_read/g269456
inst:register_read/g269457
inst:register_read/g269458
inst:register_read/g269459
inst:register_read/g269460
inst:register_read/g269461
inst:register_read/g269462
inst:register_read/g269463
inst:register_read/g268432
inst:register_read/g268468
inst:register_read/g268463
inst:register_read/g268431
inst:register_read/g269622
inst:register_read/g269623
inst:register_read/g269624
inst:register_read/g269625
inst:register_read/g269626
inst:register_read/g269627
inst:register_read/g269628
inst:register_read/g269629
inst:register_read/g269630
inst:register_read/g269684
inst:register_read/g269685
inst:register_read/g269686
inst:register_read/g269687
inst:register_read/g269688
inst:register_read/g269689
inst:register_read/g269690
inst:register_read/g269691
inst:register_read/g269692
inst:register_read/g269693
inst:register_read/g269694
inst:register_read/g269695
inst:register_read/g269696
inst:register_read/g269697
inst:register_read/g269698
inst:register_read/g269699
inst:register_read/g269700
inst:register_read/g269800
inst:register_read/g269801
inst:register_read/g269802
inst:register_read/g269803
inst:register_read/g268472
inst:register_read/g269804
inst:register_read/g269805
inst:register_read/g269806
inst:register_read/g269807
inst:register_read/g269808
inst:register_read/g269809
inst:register_read/g269810
inst:register_read/g269811
inst:register_read/g269812
inst:register_read/g268430
inst:register_read/g269813
inst:register_read/g269814
inst:register_read/g269815
inst:register_read/g268450
inst:register_read/g269816
inst:register_read/g269817
inst:register_read/g269818
inst:register_read/g269819
inst:register_read/g269820
inst:register_read/g269821
inst:register_read/g269822
inst:register_read/g269823
inst:register_read/g269824
inst:register_read/g269825
inst:register_read/g269826
inst:register_read/g269827
inst:register_read/g269828
inst:register_read/g268462
inst:register_read/g269893
inst:register_read/g269894
inst:register_read/g269895
inst:register_read/g269896
inst:register_read/g269897
inst:register_read/g269898
inst:register_read/g269899
inst:register_read/g269900
inst:register_read/g269901
inst:register_read/g269902
inst:register_read/g269903
inst:register_read/g269904
inst:register_read/g269905
inst:register_read/g269906
inst:register_read/g269907
inst:register_read/g269908
inst:register_read/g269909
inst:register_read/g269910
inst:register_read/g269911
inst:register_read/g269912
inst:register_read/g269913
inst:register_read/g269914
inst:register_read/g269915
inst:register_read/g269916
inst:register_read/g270025
inst:register_read/g270026
inst:register_read/g270027
inst:register_read/g270028
inst:register_read/g270029
inst:register_read/g270030
inst:register_read/g270031
inst:register_read/g270032
inst:register_read/g270033
inst:register_read/g270034
inst:register_read/g270035
inst:register_read/g270036
inst:register_read/g270037
inst:register_read/g270038
inst:register_read/g270039
inst:register_read/g270040
inst:register_read/g270041
inst:register_read/g268449
inst:register_read/g270231
inst:register_read/g270232
inst:register_read/g270233
inst:register_read/g270234
inst:register_read/g270235
inst:register_read/g270236
inst:register_read/g270237
inst:register_read/g270238
inst:register_read/g270239
inst:register_read/g270240
inst:register_read/g270241
inst:register_read/g270242
inst:register_read/g270243
inst:register_read/g270244
inst:register_read/g270245
inst:register_read/g270246
inst:register_read/g270247
inst:register_read/g270248
inst:register_read/g270249
inst:register_read/g270250
inst:register_read/g270251
inst:register_read/g270252
inst:register_read/g270253
inst:register_read/g270254
inst:register_read/g270255
inst:register_read/g270256
inst:register_read/g270257
inst:register_read/g270258
inst:register_read/g268426
inst:register_read/g268448
inst:register_read/g266394
inst:register_read/g269531
inst:register_read/g271631
inst:register_read/g271632
inst:register_read/g271633
inst:register_read/g271634
inst:register_read/g271635
inst:register_read/g271636
inst:register_read/g271637
inst:register_read/g271638
inst:register_read/g271639
inst:register_read/g271640
inst:register_read/g271641
inst:register_read/g271642
inst:register_read/g271643
inst:register_read/g271644
inst:register_read/g271645
inst:register_read/g271754
inst:register_read/g271755
inst:register_read/g271756
inst:register_read/g271757
inst:register_read/g271758
inst:register_read/g271759
inst:register_read/g271760
inst:register_read/g271761
inst:register_read/g271762
inst:register_read/g271763
inst:register_read/g271764
inst:register_read/g271765
inst:register_read/g271766
inst:register_read/g271767
inst:register_read/g271768
inst:register_read/g271769
inst:register_read/g271770
inst:register_read/g271771
inst:register_read/g271772
inst:register_read/g271773
inst:register_read/g271774
inst:register_read/g271775
inst:register_read/g271776
inst:register_read/g271777
inst:register_read/g271778
inst:register_read/g271779
inst:register_read/g271780
inst:register_read/g271781
inst:register_read/g271782
inst:register_read/g271783
inst:register_read/g271784
inst:register_read/g271785
inst:register_read/g272325
inst:register_read/g272324
inst:register_read/g272321
inst:register_read/g272320
inst:register_read/g272319
inst:register_read/g272317
inst:register_read/g272316
inst:register_read/g272313
inst:register_read/g272312
inst:register_read/g272309
inst:register_read/g272308
inst:register_read/g272305
inst:register_read/g272146
inst:register_read/g272147
inst:register_read/g272148
inst:register_read/g272149
inst:register_read/g272150
inst:register_read/g272151
inst:register_read/g272153
inst:register_read/g272154
inst:register_read/g272155
inst:register_read/g272156
inst:register_read/g272157
inst:register_read/g272158
inst:register_read/g272159
inst:register_read/g272160
inst:register_read/g272162
inst:register_read/g272163
inst:register_read/g272166
inst:register_read/g272168
inst:register_read/g272169
inst:register_read/g272170
inst:register_read/g272171
inst:register_read/g272173
inst:register_read/g272174
inst:register_read/g272175
inst:register_read/g272177
inst:register_read/g272178
inst:register_read/g272179
inst:register_read/g272182
inst:register_read/g272183
inst:register_read/g272185
inst:register_read/g272186
inst:register_read/g272187
inst:register_read/g272190
inst:register_read/g272191
inst:register_read/g272304
inst:register_read/g272235
inst:register_read/g272238
inst:register_read/g272239
inst:register_read/g272241
inst:register_read/g272242
inst:register_read/g272243
inst:register_read/g272246
inst:register_read/g272247
inst:register_read/g272249
inst:register_read/g272250
inst:register_read/g272251
inst:register_read/g272254
inst:register_read/g272255
inst:register_read/g272257
inst:register_read/g272258
inst:register_read/g272259
inst:register_read/g272262
inst:register_read/g272263
inst:register_read/g272265
inst:register_read/g272266
inst:register_read/g272267
inst:register_read/g272269
inst:register_read/g272270
inst:register_read/g272271
inst:register_read/g272274
inst:register_read/g272275
inst:register_read/g272278
inst:register_read/g272281
inst:register_read/g272282
inst:register_read/g272283
inst:register_read/g272286
inst:register_read/g272287
inst:register_read/g272289
inst:register_read/g272290
inst:register_read/g272291
inst:register_read/g272294
inst:register_read/g272295
inst:register_read/g272297
inst:register_read/g272298
inst:register_read/g272299
inst:register_read/g272302
inst:register_read/g272303
inst:register_read/g272306
inst:register_read/g272307
inst:register_read/g272310
inst:register_read/g272311
inst:register_read/g272314
inst:register_read/g272315
inst:register_read/g272318
inst:register_read/g272322
inst:register_read/g272323
inst:register_read/g272326
inst:register_read/g272327
inst:register_read/g272328
inst:register_read/g272301
inst:register_read/g272300
inst:register_read/g272279
inst:register_read/g272296
inst:register_read/g272293
inst:register_read/g272292
inst:register_read/g268135
inst:register_read/g268136
inst:register_read/g268137
inst:register_read/g268138
inst:register_read/g268139
inst:register_read/g268140
inst:register_read/g268141
inst:register_read/g268142
inst:register_read/g268143
inst:register_read/g268144
inst:register_read/g268145
inst:register_read/g268146
inst:register_read/g268147
inst:register_read/g268148
inst:register_read/g268149
inst:register_read/g268150
inst:register_read/g268151
inst:register_read/g268152
inst:register_read/g268153
inst:register_read/g268154
inst:register_read/g268155
inst:register_read/g268156
inst:register_read/g268157
inst:register_read/g272288
inst:register_read/g268158
inst:register_read/g268159
inst:register_read/g268160
inst:register_read/g268161
inst:register_read/g268162
inst:register_read/g268163
inst:register_read/g268164
inst:register_read/g268165
inst:register_read/g268166
inst:register_read/g268167
inst:register_read/g268168
inst:register_read/g268169
inst:register_read/g268170
inst:register_read/g268171
inst:register_read/g268172
inst:register_read/g268173
inst:register_read/g268174
inst:register_read/g268175
inst:register_read/g268176
inst:register_read/g268177
inst:register_read/g272285
inst:register_read/g268178
inst:register_read/g268179
inst:register_read/g268180
inst:register_read/g268181
inst:register_read/g268182
inst:register_read/g268183
inst:register_read/g272284
inst:register_read/g268184
inst:register_read/g268185
inst:register_read/g268186
inst:register_read/g268187
inst:register_read/g268188
inst:register_read/g268189
inst:register_read/g268190
inst:register_read/g268191
inst:register_read/g268192
inst:register_read/g268193
inst:register_read/g268194
inst:register_read/g268195
inst:register_read/g268196
inst:register_read/g268197
inst:register_read/g268198
inst:register_read/g272280
inst:register_read/g272277
inst:register_read/g272276
inst:register_read/g268256
inst:register_read/g268257
inst:register_read/g268258
inst:register_read/g268259
inst:register_read/g268260
inst:register_read/g268261
inst:register_read/g268287
inst:register_read/g272273
inst:register_read/g268299
inst:register_read/g268300
inst:register_read/g268301
inst:register_read/g268302
inst:register_read/g268303
inst:register_read/g272272
inst:register_read/g268304
inst:register_read/g268305
inst:register_read/g268306
inst:register_read/g268307
inst:register_read/g268308
inst:register_read/g268309
inst:register_read/g268310
inst:register_read/g268311
inst:register_read/g268312
inst:register_read/g269530
inst:register_read/g269529
inst:register_read/g269528
inst:register_read/g269527
inst:register_read/g269526
inst:register_read/g272152
inst:register_read/g269426
inst:register_read/g269425
inst:register_read/g269424
inst:register_read/g269423
inst:register_read/g269422
inst:register_read/g269421
inst:register_read/g269420
inst:register_read/g269419
inst:register_read/g269418
inst:register_read/g272268
inst:register_read/g272264
inst:register_read/g272261
inst:register_read/g272260
inst:register_read/g272256
inst:register_read/g272253
inst:register_read/g272252
inst:register_read/g272248
inst:register_read/g272245
inst:register_read/g272240
inst:register_read/g272244
inst:register_read/g272237
inst:register_read/g272236
inst:register_read/g270543
inst:register_read/g272192
inst:register_read/g269126
inst:register_read/g269127
inst:register_read/g272189
inst:register_read/g269128
inst:register_read/g269129
inst:register_read/g269130
inst:register_read/g269131
inst:register_read/g269132
inst:register_read/g269133
inst:register_read/g269134
inst:register_read/g269135
inst:register_read/g269136
inst:register_read/g269137
inst:register_read/g269138
inst:register_read/g269139
inst:register_read/g269140
inst:register_read/g269141
inst:register_read/g269142
inst:register_read/g269143
inst:register_read/g269144
inst:register_read/g269145
inst:register_read/g269146
inst:register_read/g269147
inst:register_read/g269148
inst:register_read/g269149
inst:register_read/g269150
inst:register_read/g272188
inst:register_read/g269151
inst:register_read/g269152
inst:register_read/g269153
inst:register_read/g269154
inst:register_read/g269155
inst:register_read/g269156
inst:register_read/g269157
inst:register_read/g269158
inst:register_read/g269159
inst:register_read/g269160
inst:register_read/g269161
inst:register_read/g269162
inst:register_read/g269163
inst:register_read/g269164
inst:register_read/g269165
inst:register_read/g269166
inst:register_read/g269167
inst:register_read/g269168
inst:register_read/g269169
inst:register_read/g269170
inst:register_read/g269171
inst:register_read/g269172
inst:register_read/g269173
inst:register_read/g272184
inst:register_read/g272181
inst:register_read/g272180
inst:register_read/g269223
inst:register_read/g269224
inst:register_read/g269225
inst:register_read/g269226
inst:register_read/g269227
inst:register_read/g269228
inst:register_read/g269229
inst:register_read/g269230
inst:register_read/g269231
inst:register_read/g269232
inst:register_read/g269233
inst:register_read/g269234
inst:register_read/g269235
inst:register_read/g269236
inst:register_read/g272176
inst:register_read/g269237
inst:register_read/g269238
inst:register_read/g269239
inst:register_read/g269240
inst:register_read/g269241
inst:register_read/g269242
inst:register_read/g269243
inst:register_read/g269244
inst:register_read/g269245
inst:register_read/g269246
inst:register_read/g269247
inst:register_read/g269248
inst:register_read/g269249
inst:register_read/g269250
inst:register_read/g269251
inst:register_read/g269252
inst:register_read/g269253
inst:register_read/g269254
inst:register_read/g269255
inst:register_read/g269256
inst:register_read/g269257
inst:register_read/g269258
inst:register_read/g269259
inst:register_read/g269260
inst:register_read/g269261
inst:register_read/g269262
inst:register_read/g269263
inst:register_read/g269264
inst:register_read/g269265
inst:register_read/g272172
inst:register_read/g269291
inst:register_read/g269292
inst:register_read/g269293
inst:register_read/g269294
inst:register_read/g269295
inst:register_read/g269296
inst:register_read/g269297
inst:register_read/g269298
inst:register_read/g269299
inst:register_read/g269300
inst:register_read/g269301
inst:register_read/g269302
inst:register_read/g269303
inst:register_read/g269304
inst:register_read/g272167
inst:register_read/g272165
inst:register_read/g269357
inst:register_read/g269358
inst:register_read/g269359
inst:register_read/g269360
inst:register_read/g269361
inst:register_read/g269362
inst:register_read/g269363
inst:register_read/g272164
inst:register_read/g269364
inst:register_read/g269365
inst:register_read/g269366
inst:register_read/g269367
inst:register_read/g269368
inst:register_read/g269369
inst:register_read/g269370
inst:register_read/g269371
inst:register_read/g269372
inst:register_read/g272161
inst:register_read/g269388
inst:register_read/g269389
inst:register_read/g269390
inst:register_read/g269391
inst:register_read/g269392
inst:register_read/g269393
inst:register_read/g269394
inst:register_read/g269395
inst:register_read/g269396
inst:register_read/g269397
inst:register_read/g269398
inst:register_read/g269399
inst:register_read/g269400
inst:register_read/g269401
inst:register_read/g269402
inst:register_read/g269403
inst:register_read/g269404
inst:register_read/g269405
inst:register_read/g269406
inst:register_read/g269407
inst:register_read/g269408
inst:register_read/g269409
inst:register_read/g269410
inst:register_read/g269411
inst:register_read/g269412
inst:register_read/g269413
inst:register_read/g269414
inst:register_read/g269415
inst:register_read/g269416
inst:register_read/g269417
inst:register_read/g268351
inst:register_read/g268350
inst:register_read/g268356
inst:register_read/g270564
inst:register_read/g269533
inst:register_read/g269534
inst:register_read/g269535
inst:register_read/g269536
inst:register_read/g269537
inst:register_read/g269538
inst:register_read/g269539
inst:register_read/g269540
inst:register_read/g269541
inst:register_read/g269542
inst:register_read/g269543
inst:register_read/g269544
inst:register_read/g269545
inst:register_read/g269546
inst:register_read/g269547
inst:register_read/g269548
inst:register_read/g269549
inst:register_read/g269550
inst:register_read/g269551
inst:register_read/g269552
inst:register_read/g269553
inst:register_read/g269554
inst:register_read/g269555
inst:register_read/g269556
inst:register_read/g269557
inst:register_read/g269571
inst:register_read/g269572
inst:register_read/g269573
inst:register_read/g269574
inst:register_read/g269575
inst:register_read/g269576
inst:register_read/g269577
inst:register_read/g269578
inst:register_read/g269579
inst:register_read/g269580
inst:register_read/g269581
inst:register_read/g269582
inst:register_read/g269583
inst:register_read/g269584
inst:register_read/g269585
inst:register_read/g269586
inst:register_read/g269587
inst:register_read/g269588
inst:register_read/g269589
inst:register_read/g269590
inst:register_read/g269591
inst:register_read/g269592
inst:register_read/g269593
inst:register_read/g269594
inst:register_read/g269595
inst:register_read/g269596
inst:register_read/g269597
inst:register_read/g269598
inst:register_read/g269599
inst:register_read/g269600
inst:register_read/g269601
inst:register_read/g269602
inst:register_read/g269653
inst:register_read/g269654
inst:register_read/g269655
inst:register_read/g269701
inst:register_read/g269702
inst:register_read/g269703
inst:register_read/g269704
inst:register_read/g269705
inst:register_read/g269706
inst:register_read/g269707
inst:register_read/g269708
inst:register_read/g269709
inst:register_read/g269710
inst:register_read/g269711
inst:register_read/g269712
inst:register_read/g269713
inst:register_read/g269714
inst:register_read/g269715
inst:register_read/g269716
inst:register_read/g269717
inst:register_read/g269718
inst:register_read/g269719
inst:register_read/g269720
inst:register_read/g269721
inst:register_read/g269722
inst:register_read/g269723
inst:register_read/g269724
inst:register_read/g269725
inst:register_read/g269726
inst:register_read/g269727
inst:register_read/g269728
inst:register_read/g269729
inst:register_read/g269730
inst:register_read/g269731
inst:register_read/g269732
inst:register_read/g269733
inst:register_read/g269734
inst:register_read/g269735
inst:register_read/g269736
inst:register_read/g269737
inst:register_read/g269738
inst:register_read/g269739
inst:register_read/g269740
inst:register_read/g269741
inst:register_read/g269742
inst:register_read/g269743
inst:register_read/g269744
inst:register_read/g269745
inst:register_read/g269746
inst:register_read/g269747
inst:register_read/g269748
inst:register_read/g269749
inst:register_read/g269750
inst:register_read/g269751
inst:register_read/g269752
inst:register_read/g269753
inst:register_read/g269754
inst:register_read/g269755
inst:register_read/g269756
inst:register_read/g269757
inst:register_read/g269758
inst:register_read/g269759
inst:register_read/g269760
inst:register_read/g269761
inst:register_read/g269762
inst:register_read/g269763
inst:register_read/g269764
inst:register_read/g269770
inst:register_read/g269771
inst:register_read/g269772
inst:register_read/g269773
inst:register_read/g269774
inst:register_read/g269775
inst:register_read/g269776
inst:register_read/g269777
inst:register_read/g269778
inst:register_read/g269779
inst:register_read/g269780
inst:register_read/g269781
inst:register_read/g269782
inst:register_read/g269783
inst:register_read/g269784
inst:register_read/g269785
inst:register_read/g269786
inst:register_read/g269787
inst:register_read/g269788
inst:register_read/g269789
inst:register_read/g269790
inst:register_read/g269791
inst:register_read/g269792
inst:register_read/g269793
inst:register_read/g269861
inst:register_read/g269862
inst:register_read/g269863
inst:register_read/g269864
inst:register_read/g269865
inst:register_read/g269866
inst:register_read/g269867
inst:register_read/g269868
inst:register_read/g269869
inst:register_read/g269870
inst:register_read/g269871
inst:register_read/g269872
inst:register_read/g269873
inst:register_read/g269874
inst:register_read/g269875
inst:register_read/g269876
inst:register_read/g269877
inst:register_read/g269878
inst:register_read/g269879
inst:register_read/g269880
inst:register_read/g269881
inst:register_read/g269882
inst:register_read/g269883
inst:register_read/g269884
inst:register_read/g269885
inst:register_read/g269886
inst:register_read/g269887
inst:register_read/g269888
inst:register_read/g269889
inst:register_read/g269890
inst:register_read/g269891
inst:register_read/g269892
inst:register_read/g269935
inst:register_read/g269936
inst:register_read/g269937
inst:register_read/g269938
inst:register_read/g269939
inst:register_read/g269940
inst:register_read/g269941
inst:register_read/g269942
inst:register_read/g269943
inst:register_read/g269944
inst:register_read/g269945
inst:register_read/g269946
inst:register_read/g269947
inst:register_read/g269948
inst:register_read/g269949
inst:register_read/g269950
inst:register_read/g269951
inst:register_read/g269952
inst:register_read/g269953
inst:register_read/g269954
inst:register_read/g269955
inst:register_read/g269956
inst:register_read/g269957
inst:register_read/g269958
inst:register_read/g269959
inst:register_read/g269960
inst:register_read/g269961
inst:register_read/g269962
inst:register_read/g269963
inst:register_read/g269964
inst:register_read/g269965
inst:register_read/g269966
inst:register_read/g269993
inst:register_read/g269994
inst:register_read/g269995
inst:register_read/g269996
inst:register_read/g269997
inst:register_read/g269998
inst:register_read/g269999
inst:register_read/g270000
inst:register_read/g270001
inst:register_read/g270002
inst:register_read/g270003
inst:register_read/g270004
inst:register_read/g270005
inst:register_read/g270006
inst:register_read/g270007
inst:register_read/g270008
inst:register_read/g270009
inst:register_read/g270010
inst:register_read/g270011
inst:register_read/g270012
inst:register_read/g270013
inst:register_read/g270014
inst:register_read/g270015
inst:register_read/g270016
inst:register_read/g270017
inst:register_read/g270018
inst:register_read/g270019
inst:register_read/g270020
inst:register_read/g270021
inst:register_read/g270022
inst:register_read/g270023
inst:register_read/g270024
inst:register_read/g270093
inst:register_read/g270094
inst:register_read/g270095
inst:register_read/g270096
inst:register_read/g270097
inst:register_read/g270098
inst:register_read/g270099
inst:register_read/g270100
inst:register_read/g270101
inst:register_read/g270102
inst:register_read/g270103
inst:register_read/g270104
inst:register_read/g270105
inst:register_read/g270106
inst:register_read/g270107
inst:register_read/g270108
inst:register_read/g270109
inst:register_read/g270110
inst:register_read/g270111
inst:register_read/g270112
inst:register_read/g270113
inst:register_read/g270138
inst:register_read/g270139
inst:register_read/g270140
inst:register_read/g270141
inst:register_read/g270142
inst:register_read/g270143
inst:register_read/g270144
inst:register_read/g270145
inst:register_read/g270146
inst:register_read/g270147
inst:register_read/g270148
inst:register_read/g270149
inst:register_read/g270150
inst:register_read/g270151
inst:register_read/g270152
inst:register_read/g270153
inst:register_read/g270154
inst:register_read/g270155
inst:register_read/g270156
inst:register_read/g270157
inst:register_read/g270158
inst:register_read/g270159
inst:register_read/g270160
inst:register_read/g270161
inst:register_read/g270162
inst:register_read/g270163
inst:register_read/g270164
inst:register_read/g270165
inst:register_read/g270166
inst:register_read/g270167
inst:register_read/g270168
inst:register_read/g270169
inst:register_read/g270170
inst:register_read/g270171
inst:register_read/g270172
inst:register_read/g270173
inst:register_read/g270174
inst:register_read/g270175
inst:register_read/g270176
inst:register_read/g270177
inst:register_read/g270178
inst:register_read/g270179
inst:register_read/g270180
inst:register_read/g270181
inst:register_read/g270182
inst:register_read/g270183
inst:register_read/g270184
inst:register_read/g270198
inst:register_read/g270199
inst:register_read/g270200
inst:register_read/g270201
inst:register_read/g270202
inst:register_read/g270203
inst:register_read/g270204
inst:register_read/g270205
inst:register_read/g270206
inst:register_read/g270207
inst:register_read/g270208
inst:register_read/g270209
inst:register_read/g270210
inst:register_read/g270211
inst:register_read/g270212
inst:register_read/g270213
inst:register_read/g270214
inst:register_read/g270215
inst:register_read/g270216
inst:register_read/g270217
inst:register_read/g270218
inst:register_read/g270219
inst:register_read/g270220
inst:register_read/g270221
inst:register_read/g270222
inst:register_read/g270223
inst:register_read/g270224
inst:register_read/g270225
inst:register_read/g270226
inst:register_read/g270227
inst:register_read/g270228
inst:register_read/g270229
inst:register_read/g270230
inst:register_read/g270291
inst:register_read/g270292
inst:register_read/g270293
inst:register_read/g270294
inst:register_read/g270295
inst:register_read/g270296
inst:register_read/g270297
inst:register_read/g270298
inst:register_read/g270299
inst:register_read/g270300
inst:register_read/g270301
inst:register_read/g270302
inst:register_read/g270303
inst:register_read/g270304
inst:register_read/g270305
inst:register_read/g270306
inst:register_read/g270307
inst:register_read/g270308
inst:register_read/g270309
inst:register_read/g270310
inst:register_read/g270311
inst:register_read/g270312
inst:register_read/g270313
inst:register_read/g270314
inst:register_read/g270315
inst:register_read/g270316
inst:register_read/g270317
inst:register_read/g270318
inst:register_read/g270319
inst:register_read/g270320
inst:register_read/g270321
inst:register_read/g270322
inst:register_read/g270323
inst:register_read/g270324
inst:register_read/g270325
inst:register_read/g270326
inst:register_read/g270327
inst:register_read/g270328
inst:register_read/g270329
inst:register_read/g270330
inst:register_read/g270331
inst:register_read/g270332
inst:register_read/g270333
inst:register_read/g270334
inst:register_read/g270335
inst:register_read/g270336
inst:register_read/g270337
inst:register_read/g270338
inst:register_read/g270339
inst:register_read/g270340
inst:register_read/g270341
inst:register_read/g270342
inst:register_read/g270343
inst:register_read/g270344
inst:register_read/g270345
inst:register_read/g270346
inst:register_read/g270347
inst:register_read/g270348
inst:register_read/g270349
inst:register_read/g270350
inst:register_read/g270351
inst:register_read/g270352
inst:register_read/g270353
inst:register_read/g270354
inst:register_read/g270355
inst:register_read/g270356
inst:register_read/g270357
inst:register_read/g270358
inst:register_read/g270359
inst:register_read/g270360
inst:register_read/g270361
inst:register_read/g270362
inst:register_read/g270363
inst:register_read/g270364
inst:register_read/g270365
inst:register_read/g270366
inst:register_read/g270367
inst:register_read/g270368
inst:register_read/g270369
inst:register_read/g270370
inst:register_read/g270371
inst:register_read/g270372
inst:register_read/g270373
inst:register_read/g270374
inst:register_read/g270375
inst:register_read/g270376
inst:register_read/g270377
inst:register_read/g270378
inst:register_read/g270379
inst:register_read/g270455
inst:register_read/g270456
inst:register_read/g270457
inst:register_read/g270533
inst:register_read/g270534
inst:register_read/g270535
inst:register_read/g270536
inst:register_read/g270537
inst:register_read/g270538
inst:register_read/g270539
inst:register_read/g270540
inst:register_read/g270541
inst:register_read/g270542
inst:register_read/g270544
inst:register_read/g270545
inst:register_read/g270546
inst:register_read/g270547
inst:register_read/g270548
inst:register_read/g270549
inst:register_read/g270550
inst:register_read/g270551
inst:register_read/g270552
inst:register_read/g270553
inst:register_read/g270554
inst:register_read/g270555
inst:register_read/g270556
inst:register_read/g270557
inst:register_read/g270558
inst:register_read/g270559
inst:register_read/g270560
inst:register_read/g270561
inst:register_read/g270562
inst:register_read/g270563
inst:register_read/g269532
inst:register_read/g272107
inst:register_read/g272024
inst:register_read/g272017
inst:register_read/g272001
inst:register_read/g268888
inst:register_read/g268887
inst:register_read/g271993
inst:register_read/g271992
inst:register_read/g271991
inst:register_read/g271984
inst:register_read/g272361
inst:register_read/g272360
inst:register_read/g272357
inst:register_read/g272356
inst:register_read/g272353
inst:register_read/g271976
inst:register_read/g272352
inst:register_read/g272350
inst:register_read/g271496
inst:register_read/g272349
inst:register_read/g271955
inst:register_read/g272348
inst:register_read/g271969
inst:register_read/g271596
inst:register_read/g271597
inst:register_read/g271598
inst:register_read/g271599
inst:register_read/g271600
inst:register_read/g271601
inst:register_read/g271602
inst:register_read/g271603
inst:register_read/g271604
inst:register_read/g271605
inst:register_read/g271606
inst:register_read/g271607
inst:register_read/g271608
inst:register_read/g272341
inst:register_read/g271610
inst:register_read/g271611
inst:register_read/g271612
inst:register_read/g271613
inst:register_read/g271614
inst:register_read/g271615
inst:register_read/g272340
inst:register_read/g271617
inst:register_read/g271618
inst:register_read/g271619
inst:register_read/g271620
inst:register_read/g271621
inst:register_read/g271622
inst:register_read/g271623
inst:register_read/g271624
inst:register_read/g271655
inst:register_read/g272336
inst:register_read/g271685
inst:register_read/g271687
inst:register_read/g271693
inst:register_read/g271694
inst:register_read/g271696
inst:register_read/g271697
inst:register_read/g271698
inst:register_read/g271699
inst:register_read/g272333
inst:register_read/g271721
inst:register_read/g272332
inst:register_read/g271960
inst:register_read/g271729
inst:register_read/g271730
inst:register_read/g271731
inst:register_read/g271732
inst:register_read/g271733
inst:register_read/g272329
inst:register_read/g271956
inst:register_read/g271799
inst:register_read/g271800
inst:register_read/g271801
inst:register_read/g271802
inst:register_read/g271803
inst:register_read/g271804
inst:register_read/g271805
inst:register_read/g271806
inst:register_read/g271807
inst:register_read/g271808
inst:register_read/g271809
inst:register_read/g271810
inst:register_read/g271953
inst:register_read/g271811
inst:register_read/g271812
inst:register_read/g271813
inst:register_read/g271814
inst:register_read/g271815
inst:register_read/g271952
inst:register_read/g271951
inst:register_read/g271867
inst:register_read/g271868
inst:register_read/g271869
inst:register_read/g271870
inst:register_read/g271871
inst:register_read/g271873
inst:register_read/g271874
inst:register_read/g271875
inst:register_read/g271876
inst:register_read/g271878
inst:register_read/g271879
inst:register_read/g271880
inst:register_read/g271881
inst:register_read/g271882
inst:register_read/g271883
inst:register_read/g271885
inst:register_read/g271886
inst:register_read/g271887
inst:register_read/g271888
inst:register_read/g271889
inst:register_read/g271890
inst:register_read/g271891
inst:register_read/g271892
inst:register_read/g271893
inst:register_read/g271894
inst:register_read/g271895
inst:register_read/g271896
inst:register_read/g271898
inst:register_read/g271899
inst:register_read/g271900
inst:register_read/g271902
inst:register_read/g271903
inst:register_read/g271904
inst:register_read/g271905
inst:register_read/g271906
inst:register_read/g271907
inst:register_read/g271909
inst:register_read/g271910
inst:register_read/g271911
inst:register_read/g271912
inst:register_read/g271914
inst:register_read/g271915
inst:register_read/g271916
inst:register_read/g271917
inst:register_read/g271918
inst:register_read/g271919
inst:register_read/g271921
inst:register_read/g271922
inst:register_read/g271923
inst:register_read/g271924
inst:register_read/g271926
inst:register_read/g271927
inst:register_read/g271928
inst:register_read/g271929
inst:register_read/g271931
inst:register_read/g271932
inst:register_read/g271933
inst:register_read/g271934
inst:register_read/g271935
inst:register_read/g271936
inst:register_read/g271937
inst:register_read/g271938
inst:register_read/g271939
inst:register_read/g271940
inst:register_read/g271941
inst:register_read/g271942
inst:register_read/g271943
inst:register_read/g271944
inst:register_read/g271945
inst:register_read/g271946
inst:register_read/g271947
inst:register_read/g271948
inst:register_read/g271949
inst:register_read/g271950
inst:register_read/g271954
inst:register_read/g271957
inst:register_read/g271958
inst:register_read/g271959
inst:register_read/g271961
inst:register_read/g271962
inst:register_read/g271963
inst:register_read/g271964
inst:register_read/g271965
inst:register_read/g271966
inst:register_read/g271967
inst:register_read/g271968
inst:register_read/g271970
inst:register_read/g271971
inst:register_read/g271972
inst:register_read/g271973
inst:register_read/g271974
inst:register_read/g271975
inst:register_read/g271977
inst:register_read/g271978
inst:register_read/g271979
inst:register_read/g271980
inst:register_read/g271981
inst:register_read/g271982
inst:register_read/g271983
inst:register_read/g271985
inst:register_read/g271986
inst:register_read/g271987
inst:register_read/g271988
inst:register_read/g271989
inst:register_read/g271990
inst:register_read/g271994
inst:register_read/g271995
inst:register_read/g271996
inst:register_read/g271997
inst:register_read/g271998
inst:register_read/g271999
inst:register_read/g272000
inst:register_read/g272002
inst:register_read/g272003
inst:register_read/g272004
inst:register_read/g272005
inst:register_read/g272006
inst:register_read/g272007
inst:register_read/g272008
inst:register_read/g272009
inst:register_read/g272010
inst:register_read/g272011
inst:register_read/g272012
inst:register_read/g272013
inst:register_read/g272014
inst:register_read/g272015
inst:register_read/g272016
inst:register_read/g272018
inst:register_read/g272019
inst:register_read/g272020
inst:register_read/g272021
inst:register_read/g272022
inst:register_read/g272023
inst:register_read/g272025
inst:register_read/g272026
inst:register_read/g272027
inst:register_read/g272028
inst:register_read/g272029
inst:register_read/g272031
inst:register_read/g272032
inst:register_read/g272034
inst:register_read/g272035
inst:register_read/g272037
inst:register_read/g272038
inst:register_read/g272039
inst:register_read/g272041
inst:register_read/g272042
inst:register_read/g272043
inst:register_read/g272044
inst:register_read/g272046
inst:register_read/g272047
inst:register_read/g272049
inst:register_read/g272050
inst:register_read/g272051
inst:register_read/g272054
inst:register_read/g272055
inst:register_read/g272056
inst:register_read/g272058
inst:register_read/g272059
inst:register_read/g272061
inst:register_read/g272063
inst:register_read/g272066
inst:register_read/g272067
inst:register_read/g272068
inst:register_read/g272070
inst:register_read/g272071
inst:register_read/g272073
inst:register_read/g272074
inst:register_read/g272075
inst:register_read/g272078
inst:register_read/g272079
inst:register_read/g272080
inst:register_read/g272081
inst:register_read/g272082
inst:register_read/g272083
inst:register_read/g272084
inst:register_read/g272085
inst:register_read/g272086
inst:register_read/g272089
inst:register_read/g272090
inst:register_read/g272091
inst:register_read/g272092
inst:register_read/g272093
inst:register_read/g272095
inst:register_read/g272096
inst:register_read/g272097
inst:register_read/g272098
inst:register_read/g272099
inst:register_read/g272100
inst:register_read/g272101
inst:register_read/g272102
inst:register_read/g272104
inst:register_read/g272105
inst:register_read/g272106
inst:register_read/g272030
inst:register_read/g272108
inst:register_read/g272109
inst:register_read/g272193
inst:register_read/g272194
inst:register_read/g272195
inst:register_read/g272198
inst:register_read/g272199
inst:register_read/g272201
inst:register_read/g272202
inst:register_read/g272203
inst:register_read/g272206
inst:register_read/g272207
inst:register_read/g272209
inst:register_read/g272210
inst:register_read/g272211
inst:register_read/g272214
inst:register_read/g272215
inst:register_read/g272217
inst:register_read/g272218
inst:register_read/g272219
inst:register_read/g272222
inst:register_read/g272223
inst:register_read/g272224
inst:register_read/g272225
inst:register_read/g272226
inst:register_read/g272227
inst:register_read/g272230
inst:register_read/g272231
inst:register_read/g272232
inst:register_read/g272233
inst:register_read/g272234
inst:register_read/g272330
inst:register_read/g272331
inst:register_read/g272334
inst:register_read/g272335
inst:register_read/g272337
inst:register_read/g272338
inst:register_read/g272339
inst:register_read/g272342
inst:register_read/g272343
inst:register_read/g272344
inst:register_read/g272345
inst:register_read/g272346
inst:register_read/g272347
inst:register_read/g272351
inst:register_read/g272354
inst:register_read/g272355
inst:register_read/g272358
inst:register_read/g272359
inst:register_read/g272362
inst:register_read/g272363
inst:register_read/g272364
inst:register_read/g272213
inst:register_read/g268886
inst:register_read/g272088
inst:register_read/g271925
inst:register_read/g268215
inst:register_read/g268262
inst:register_read/g268263
inst:register_read/g268264
inst:register_read/g268265
inst:register_read/g268266
inst:register_read/g268267
inst:register_read/g268268
inst:register_read/g268269
inst:register_read/g268270
inst:register_read/g268271
inst:register_read/g268272
inst:register_read/g268273
inst:register_read/g268274
inst:register_read/g268275
inst:register_read/g268276
inst:register_read/g268277
inst:register_read/g268278
inst:register_read/g268279
inst:register_read/g268280
inst:register_read/g268281
inst:register_read/g268282
inst:register_read/g268283
inst:register_read/g268284
inst:register_read/g268285
inst:register_read/g268286
inst:register_read/g268288
inst:register_read/g268289
inst:register_read/g268290
inst:register_read/g268291
inst:register_read/g268292
inst:register_read/g268293
inst:register_read/g268294
inst:register_read/g268295
inst:register_read/g268296
inst:register_read/g268297
inst:register_read/g268298
inst:register_read/g268885
inst:register_read/g271920
inst:register_read/g271616
inst:register_read/g271609
inst:register_read/g271913
inst:register_read/g268506
inst:register_read/g271908
inst:register_read/g268549
inst:register_read/g268550
inst:register_read/g268551
inst:register_read/g268552
inst:register_read/g268553
inst:register_read/g268554
inst:register_read/g268555
inst:register_read/g268556
inst:register_read/g268557
inst:register_read/g268558
inst:register_read/g268559
inst:register_read/g268560
inst:register_read/g268561
inst:register_read/g268562
inst:register_read/g268563
inst:register_read/g268564
inst:register_read/g268565
inst:register_read/g268566
inst:register_read/g268567
inst:register_read/g268568
inst:register_read/g268569
inst:register_read/g268570
inst:register_read/g268571
inst:register_read/g268572
inst:register_read/g268573
inst:register_read/g268574
inst:register_read/g268575
inst:register_read/g268576
inst:register_read/g268577
inst:register_read/g268578
inst:register_read/g268579
inst:register_read/g268580
inst:register_read/g268581
inst:register_read/g268582
inst:register_read/g268583
inst:register_read/g268584
inst:register_read/g268585
inst:register_read/g268586
inst:register_read/g268587
inst:register_read/g268588
inst:register_read/g268589
inst:register_read/g268590
inst:register_read/g268591
inst:register_read/g268592
inst:register_read/g268593
inst:register_read/g268594
inst:register_read/g268595
inst:register_read/g268596
inst:register_read/g268597
inst:register_read/g268598
inst:register_read/g268599
inst:register_read/g268600
inst:register_read/g268601
inst:register_read/g268602
inst:register_read/g268603
inst:register_read/g268604
inst:register_read/g268605
inst:register_read/g268606
inst:register_read/g268607
inst:register_read/g268608
inst:register_read/g268609
inst:register_read/g268610
inst:register_read/g268611
inst:register_read/g268612
inst:register_read/g271901
inst:register_read/g271897
inst:register_read/g268683
inst:register_read/g268684
inst:register_read/g268685
inst:register_read/g268686
inst:register_read/g268687
inst:register_read/g268688
inst:register_read/g268689
inst:register_read/g268690
inst:register_read/g268691
inst:register_read/g268692
inst:register_read/g268693
inst:register_read/g268694
inst:register_read/g268695
inst:register_read/g268696
inst:register_read/g268697
inst:register_read/g268698
inst:register_read/g268699
inst:register_read/g268700
inst:register_read/g268701
inst:register_read/g268702
inst:register_read/g272033
inst:register_read/g268703
inst:register_read/g268704
inst:register_read/g268705
inst:register_read/g268706
inst:register_read/g268707
inst:register_read/g272229
inst:register_read/g268708
inst:register_read/g272228
inst:register_read/g268709
inst:register_read/g268710
inst:register_read/g268711
inst:register_read/g268712
inst:register_read/g268713
inst:register_read/g268714
inst:register_read/g268715
inst:register_read/g268716
inst:register_read/g268717
inst:register_read/g268718
inst:register_read/g268719
inst:register_read/g268720
inst:register_read/g268721
inst:register_read/g268722
inst:register_read/g268723
inst:register_read/g268724
inst:register_read/g268725
inst:register_read/g268726
inst:register_read/g268727
inst:register_read/g268728
inst:register_read/g268729
inst:register_read/g268730
inst:register_read/g268731
inst:register_read/g268732
inst:register_read/g268733
inst:register_read/g268734
inst:register_read/g268735
inst:register_read/g268736
inst:register_read/g268737
inst:register_read/g268738
inst:register_read/g268739
inst:register_read/g268764
inst:register_read/g268765
inst:register_read/g268766
inst:register_read/g268767
inst:register_read/g268768
inst:register_read/g268769
inst:register_read/g268770
inst:register_read/g268771
inst:register_read/g268772
inst:register_read/g268773
inst:register_read/g268774
inst:register_read/g268775
inst:register_read/g268776
inst:register_read/g268777
inst:register_read/g268778
inst:register_read/g268779
inst:register_read/g268780
inst:register_read/g268781
inst:register_read/g268782
inst:register_read/g268783
inst:register_read/g268784
inst:register_read/g268785
inst:register_read/g268786
inst:register_read/g268787
inst:register_read/g268788
inst:register_read/g268789
inst:register_read/g268790
inst:register_read/g268791
inst:register_read/g272221
inst:register_read/g268806
inst:register_read/g268807
inst:register_read/g268808
inst:register_read/g268809
inst:register_read/g268810
inst:register_read/g272220
inst:register_read/g272216
inst:register_read/g268859
inst:register_read/g268860
inst:register_read/g268861
inst:register_read/g268862
inst:register_read/g268863
inst:register_read/g268864
inst:register_read/g268865
inst:register_read/g268866
inst:register_read/g268867
inst:register_read/g268868
inst:register_read/g268869
inst:register_read/g268870
inst:register_read/g268871
inst:register_read/g268872
inst:register_read/g268873
inst:register_read/g268874
inst:register_read/g268875
inst:register_read/g268876
inst:register_read/g268877
inst:register_read/g268878
inst:register_read/g268879
inst:register_read/g268880
inst:register_read/g268881
inst:register_read/g268882
inst:register_read/g268883
inst:register_read/g268884
inst:register_read/g272424
inst:register_read/g272421
inst:register_read/g272422
inst:register_read/g272423
inst:register_read/g269605
inst:register_read/g268890
inst:register_read/g268891
inst:register_read/g268892
inst:register_read/g268893
inst:register_read/g268894
inst:register_read/g268895
inst:register_read/g268896
inst:register_read/g268897
inst:register_read/g268898
inst:register_read/g272212
inst:register_read/g268899
inst:register_read/g268900
inst:register_read/g268901
inst:register_read/g268902
inst:register_read/g268903
inst:register_read/g268904
inst:register_read/g268905
inst:register_read/g268906
inst:register_read/g268907
inst:register_read/g268908
inst:register_read/g268909
inst:register_read/g268910
inst:register_read/g268911
inst:register_read/g268912
inst:register_read/g268913
inst:register_read/g268914
inst:register_read/g268915
inst:register_read/g268916
inst:register_read/g268917
inst:register_read/g268918
inst:register_read/g268919
inst:register_read/g268920
inst:register_read/g268921
inst:register_read/g268922
inst:register_read/g268923
inst:register_read/g268924
inst:register_read/g268925
inst:register_read/g268926
inst:register_read/g268927
inst:register_read/g268928
inst:register_read/g268929
inst:register_read/g268930
inst:register_read/g268931
inst:register_read/g268932
inst:register_read/g268933
inst:register_read/g268934
inst:register_read/g268935
inst:register_read/g268936
inst:register_read/g268937
inst:register_read/g268938
inst:register_read/g268939
inst:register_read/g268940
inst:register_read/g268941
inst:register_read/g271884
inst:register_read/g268942
inst:register_read/g268943
inst:register_read/g268944
inst:register_read/g272208
inst:register_read/g268976
inst:register_read/g268977
inst:register_read/g268978
inst:register_read/g268979
inst:register_read/g268980
inst:register_read/g268981
inst:register_read/g268982
inst:register_read/g268983
inst:register_read/g268984
inst:register_read/g268985
inst:register_read/g272205
inst:register_read/g268986
inst:register_read/g268987
inst:register_read/g268988
inst:register_read/g268989
inst:register_read/g268990
inst:register_read/g268991
inst:register_read/g268992
inst:register_read/g268993
inst:register_read/g268994
inst:register_read/g268995
inst:register_read/g268996
inst:register_read/g272204
inst:register_read/g268997
inst:register_read/g268998
inst:register_read/g268999
inst:register_read/g269000
inst:register_read/g269001
inst:register_read/g269002
inst:register_read/g269003
inst:register_read/g269004
inst:register_read/g269005
inst:register_read/g269006
inst:register_read/g269007
inst:register_read/g269008
inst:register_read/g269009
inst:register_read/g269010
inst:register_read/g269011
inst:register_read/g269012
inst:register_read/g269013
inst:register_read/g269014
inst:register_read/g269015
inst:register_read/g269016
inst:register_read/g269017
inst:register_read/g269018
inst:register_read/g269019
inst:register_read/g269020
inst:register_read/g269021
inst:register_read/g269022
inst:register_read/g269023
inst:register_read/g269024
inst:register_read/g269025
inst:register_read/g269026
inst:register_read/g269027
inst:register_read/g269028
inst:register_read/g269029
inst:register_read/g269030
inst:register_read/g269031
inst:register_read/g269032
inst:register_read/g269033
inst:register_read/g269034
inst:register_read/g269035
inst:register_read/g269036
inst:register_read/g269037
inst:register_read/g272200
inst:register_read/g269038
inst:register_read/g269039
inst:register_read/g269040
inst:register_read/g269041
inst:register_read/g269042
inst:register_read/g269043
inst:register_read/g269044
inst:register_read/g269045
inst:register_read/g269046
inst:register_read/g269047
inst:register_read/g271877
inst:register_read/g269048
inst:register_read/g269049
inst:register_read/g269050
inst:register_read/g269051
inst:register_read/g269052
inst:register_read/g269053
inst:register_read/g269054
inst:register_read/g269055
inst:register_read/g269056
inst:register_read/g269057
inst:register_read/g269058
inst:register_read/g269059
inst:register_read/g269060
inst:register_read/g269061
inst:register_read/g269062
inst:register_read/g269063
inst:register_read/g269064
inst:register_read/g269065
inst:register_read/g269066
inst:register_read/g272197
inst:register_read/g269067
inst:register_read/g269068
inst:register_read/g269069
inst:register_read/g269070
inst:register_read/g269071
inst:register_read/g269072
inst:register_read/g269073
inst:register_read/g269074
inst:register_read/g269075
inst:register_read/g272196
inst:register_read/g269076
inst:register_read/g269077
inst:register_read/g269078
inst:register_read/g269079
inst:register_read/g269080
inst:register_read/g269081
inst:register_read/g269082
inst:register_read/g269083
inst:register_read/g269084
inst:register_read/g269085
inst:register_read/g269086
inst:register_read/g269087
inst:register_read/g269088
inst:register_read/g269089
inst:register_read/g269090
inst:register_read/g269091
inst:register_read/g269092
inst:register_read/g269093
inst:register_read/g269094
inst:register_read/g269095
inst:register_read/g269096
inst:register_read/g269097
inst:register_read/g269098
inst:register_read/g269099
inst:register_read/g269100
inst:register_read/g271872
inst:register_read/g269101
inst:register_read/g269102
inst:register_read/g269103
inst:register_read/g269104
inst:register_read/g269105
inst:register_read/g269106
inst:register_read/g269107
inst:register_read/g269108
inst:register_read/g269109
inst:register_read/g269110
inst:register_read/g269111
inst:register_read/g269112
inst:register_read/g269113
inst:register_read/g269114
inst:register_read/g269115
inst:register_read/g269116
inst:register_read/g269117
inst:register_read/g269118
inst:register_read/g269119
inst:register_read/g269120
inst:register_read/g269121
inst:register_read/g269122
inst:register_read/g269123
inst:register_read/g269124
inst:register_read/g269125
inst:register_read/g270526
inst:register_read/g269305
inst:register_read/g269332
inst:register_read/g269333
inst:register_read/g269334
inst:register_read/g269335
inst:register_read/g269336
inst:register_read/g269337
inst:register_read/g269338
inst:register_read/g269339
inst:register_read/g269340
inst:register_read/g269341
inst:register_read/g269342
inst:register_read/g269343
inst:register_read/g269344
inst:register_read/g269345
inst:register_read/g269346
inst:register_read/g269347
inst:register_read/g269348
inst:register_read/g269349
inst:register_read/g269350
inst:register_read/g269351
inst:register_read/g269352
inst:register_read/g269353
inst:register_read/g269354
inst:register_read/g269355
inst:register_read/g269356
inst:register_read/g269373
inst:register_read/g269374
inst:register_read/g269375
inst:register_read/g269376
inst:register_read/g269377
inst:register_read/g269378
inst:register_read/g269379
inst:register_read/g269464
inst:register_read/g269465
inst:register_read/g269466
inst:register_read/g269467
inst:register_read/g269468
inst:register_read/g269469
inst:register_read/g269470
inst:register_read/g269471
inst:register_read/g269472
inst:register_read/g269473
inst:register_read/g269474
inst:register_read/g269475
inst:register_read/g269476
inst:register_read/g269477
inst:register_read/g269478
inst:register_read/g269479
inst:register_read/g269480
inst:register_read/g269481
inst:register_read/g269482
inst:register_read/g269483
inst:register_read/g269484
inst:register_read/g269485
inst:register_read/g269486
inst:register_read/g269487
inst:register_read/g269488
inst:register_read/g269489
inst:register_read/g269490
inst:register_read/g269491
inst:register_read/g269492
inst:register_read/g269493
inst:register_read/g269494
inst:register_read/g269495
inst:register_read/g269496
inst:register_read/g269497
inst:register_read/g269498
inst:register_read/g269558
inst:register_read/g269559
inst:register_read/g269560
inst:register_read/g269561
inst:register_read/g269564
inst:register_read/g269565
inst:register_read/g269566
inst:register_read/g269567
inst:register_read/g269568
inst:register_read/g269569
inst:register_read/g269570
inst:register_read/g269603
inst:register_read/g269604
inst:register_read/g268889
inst:register_read/g269606
inst:register_read/g269607
inst:register_read/g269608
inst:register_read/g269609
inst:register_read/g269610
inst:register_read/g269611
inst:register_read/g269612
inst:register_read/g269613
inst:register_read/g269614
inst:register_read/g269615
inst:register_read/g269616
inst:register_read/g269617
inst:register_read/g269618
inst:register_read/g269619
inst:register_read/g269620
inst:register_read/g269621
inst:register_read/g269656
inst:register_read/g269657
inst:register_read/g269658
inst:register_read/g269659
inst:register_read/g269660
inst:register_read/g269661
inst:register_read/g269662
inst:register_read/g269663
inst:register_read/g269664
inst:register_read/g269665
inst:register_read/g269666
inst:register_read/g269667
inst:register_read/g269668
inst:register_read/g269669
inst:register_read/g269670
inst:register_read/g269671
inst:register_read/g269672
inst:register_read/g269673
inst:register_read/g269674
inst:register_read/g269675
inst:register_read/g269676
inst:register_read/g269677
inst:register_read/g269678
inst:register_read/g269679
inst:register_read/g269680
inst:register_read/g269681
inst:register_read/g269682
inst:register_read/g269683
inst:register_read/g269794
inst:register_read/g269795
inst:register_read/g269796
inst:register_read/g269797
inst:register_read/g269798
inst:register_read/g269799
inst:register_read/g269829
inst:register_read/g269830
inst:register_read/g269831
inst:register_read/g269832
inst:register_read/g269833
inst:register_read/g269834
inst:register_read/g269835
inst:register_read/g269836
inst:register_read/g269837
inst:register_read/g269838
inst:register_read/g269839
inst:register_read/g269840
inst:register_read/g269841
inst:register_read/g269842
inst:register_read/g269843
inst:register_read/g269844
inst:register_read/g269845
inst:register_read/g269846
inst:register_read/g269847
inst:register_read/g269848
inst:register_read/g269849
inst:register_read/g269850
inst:register_read/g269851
inst:register_read/g269852
inst:register_read/g269853
inst:register_read/g269854
inst:register_read/g269855
inst:register_read/g269856
inst:register_read/g269857
inst:register_read/g269858
inst:register_read/g269859
inst:register_read/g269860
inst:register_read/g272103
inst:register_read/g269967
inst:register_read/g269968
inst:register_read/g269969
inst:register_read/g269970
inst:register_read/g269971
inst:register_read/g269972
inst:register_read/g269973
inst:register_read/g269974
inst:register_read/g269975
inst:register_read/g269976
inst:register_read/g269977
inst:register_read/g269978
inst:register_read/g269979
inst:register_read/g269980
inst:register_read/g269981
inst:register_read/g269982
inst:register_read/g269983
inst:register_read/g269984
inst:register_read/g269985
inst:register_read/g272094
inst:register_read/g269986
inst:register_read/g269987
inst:register_read/g269988
inst:register_read/g269989
inst:register_read/g269990
inst:register_read/g269991
inst:register_read/g269992
inst:register_read/g272087
inst:register_read/g270042
inst:register_read/g270043
inst:register_read/g270044
inst:register_read/g270045
inst:register_read/g270046
inst:register_read/g270047
inst:register_read/g270048
inst:register_read/g270049
inst:register_read/g270050
inst:register_read/g270051
inst:register_read/g270052
inst:register_read/g270053
inst:register_read/g270054
inst:register_read/g270055
inst:register_read/g270056
inst:register_read/g270057
inst:register_read/g270058
inst:register_read/g270059
inst:register_read/g270060
inst:register_read/g270092
inst:register_read/g272076
inst:register_read/g272077
inst:register_read/g270439
inst:register_read/g272072
inst:register_read/g270185
inst:register_read/g270186
inst:register_read/g270187
inst:register_read/g270188
inst:register_read/g270189
inst:register_read/g270190
inst:register_read/g270191
inst:register_read/g270192
inst:register_read/g270193
inst:register_read/g270194
inst:register_read/g270195
inst:register_read/g270196
inst:register_read/g270197
inst:register_read/g272069
inst:register_read/g272062
inst:register_read/g272065
inst:register_read/g272064
inst:register_read/g270259
inst:register_read/g270260
inst:register_read/g270261
inst:register_read/g270262
inst:register_read/g270263
inst:register_read/g270264
inst:register_read/g270265
inst:register_read/g270266
inst:register_read/g270267
inst:register_read/g270268
inst:register_read/g270269
inst:register_read/g270270
inst:register_read/g270271
inst:register_read/g270272
inst:register_read/g270273
inst:register_read/g270274
inst:register_read/g270275
inst:register_read/g270276
inst:register_read/g270277
inst:register_read/g270278
inst:register_read/g270279
inst:register_read/g272060
inst:register_read/g270280
inst:register_read/g270281
inst:register_read/g270282
inst:register_read/g270283
inst:register_read/g270284
inst:register_read/g270285
inst:register_read/g270286
inst:register_read/g270287
inst:register_read/g270288
inst:register_read/g270289
inst:register_read/g270290
inst:register_read/g272057
inst:register_read/g272053
inst:register_read/g272052
inst:register_read/g270380
inst:register_read/g270381
inst:register_read/g270382
inst:register_read/g270383
inst:register_read/g270384
inst:register_read/g270385
inst:register_read/g270386
inst:register_read/g270387
inst:register_read/g270388
inst:register_read/g270389
inst:register_read/g270390
inst:register_read/g270391
inst:register_read/g270392
inst:register_read/g270393
inst:register_read/g270394
inst:register_read/g270395
inst:register_read/g270396
inst:register_read/g270397
inst:register_read/g270398
inst:register_read/g270399
inst:register_read/g270400
inst:register_read/g270401
inst:register_read/g270402
inst:register_read/g270403
inst:register_read/g270404
inst:register_read/g270405
inst:register_read/g272048
inst:register_read/g270406
inst:register_read/g270407
inst:register_read/g270408
inst:register_read/g270409
inst:register_read/g270410
inst:register_read/g270411
inst:register_read/g270412
inst:register_read/g270413
inst:register_read/g270414
inst:register_read/g270415
inst:register_read/g270416
inst:register_read/g270417
inst:register_read/g270418
inst:register_read/g270419
inst:register_read/g270420
inst:register_read/g270421
inst:register_read/g270422
inst:register_read/g270423
inst:register_read/g270424
inst:register_read/g270425
inst:register_read/g270426
inst:register_read/g270427
inst:register_read/g270428
inst:register_read/g270429
inst:register_read/g270430
inst:register_read/g270431
inst:register_read/g270432
inst:register_read/g270433
inst:register_read/g270434
inst:register_read/g270435
inst:register_read/g270436
inst:register_read/g270437
inst:register_read/g270438
inst:register_read/g270440
inst:register_read/g272045
inst:register_read/g270441
inst:register_read/g270442
inst:register_read/g270443
inst:register_read/g270444
inst:register_read/g270445
inst:register_read/g270446
inst:register_read/g270447
inst:register_read/g270448
inst:register_read/g270449
inst:register_read/g270450
inst:register_read/g270451
inst:register_read/g270452
inst:register_read/g270453
inst:register_read/g270454
inst:register_read/g272040
inst:register_read/g270501
inst:register_read/g270502
inst:register_read/g270503
inst:register_read/g270504
inst:register_read/g270505
inst:register_read/g270506
inst:register_read/g270507
inst:register_read/g270508
inst:register_read/g270509
inst:register_read/g270510
inst:register_read/g270511
inst:register_read/g270512
inst:register_read/g270513
inst:register_read/g270514
inst:register_read/g270515
inst:register_read/g270516
inst:register_read/g272036
inst:register_read/g270517
inst:register_read/g270518
inst:register_read/g270519
inst:register_read/g270520
inst:register_read/g270521
inst:register_read/g270522
inst:register_read/g270523
inst:register_read/g270524
inst:register_read/g270525
inst:register_read/g270527
inst:register_read/g270528
inst:register_read/g270529
inst:register_read/g270530
inst:register_read/g270531
inst:register_read/g270532
inst:register_read/g270628
inst:register_read/g270645
inst:register_read/g270646
inst:register_read/g270647
inst:register_read/g270648
inst:register_read/g270650
inst:register_read/g270651
inst:register_read/g270652
inst:register_read/g270653
inst:register_read/g270660
inst:register_read/g270661
inst:register_read/g270662
inst:register_read/g270663
inst:register_read/g270664
inst:register_read/g270665
inst:register_read/g270666
inst:register_read/g270667
inst:register_read/g270668
inst:register_read/g270669
inst:register_read/g270670
inst:register_read/g270671
inst:register_read/g270672
inst:register_read/g270673
inst:register_read/g270674
inst:register_read/g270675
inst:register_read/g270676
inst:register_read/g270693
inst:register_read/g270694
inst:register_read/g270695
inst:register_read/g270696
inst:register_read/g270697
inst:register_read/g270698
inst:register_read/g270699
inst:register_read/g270700
inst:register_read/g270701
inst:register_read/g270702
inst:register_read/g270703
inst:register_read/g270704
inst:register_read/g270705
inst:register_read/g270706
inst:register_read/g270707
inst:register_read/g270708
inst:register_read/g270709
inst:register_read/g270710
inst:register_read/g270711
inst:register_read/g270712
inst:register_read/g270713
inst:register_read/g270714
inst:register_read/g270715
inst:register_read/g270716
inst:register_read/g270717
inst:register_read/g270718
inst:register_read/g271004
inst:register_read/g270719
inst:register_read/g270720
inst:register_read/g270721
inst:register_read/g270722
inst:register_read/g270723
inst:register_read/g270724
inst:register_read/g270725
inst:register_read/g270726
inst:register_read/g270727
inst:register_read/g270728
inst:register_read/g270729
inst:register_read/g270730
inst:register_read/g270731
inst:register_read/g270732
inst:register_read/g270733
inst:register_read/g270734
inst:register_read/g270735
inst:register_read/g270736
inst:register_read/g270737
inst:register_read/g270738
inst:register_read/g270739
inst:register_read/g270779
inst:register_read/g270780
inst:register_read/g270781
inst:register_read/g270783
inst:register_read/g270784
inst:register_read/g270785
inst:register_read/g270786
inst:register_read/g270787
inst:register_read/g270788
inst:register_read/g270789
inst:register_read/g270790
inst:register_read/g270791
inst:register_read/g270792
inst:register_read/g270793
inst:register_read/g270794
inst:register_read/g270795
inst:register_read/g270796
inst:register_read/g270815
inst:register_read/g270816
inst:register_read/g270817
inst:register_read/g270819
inst:register_read/g270820
inst:register_read/g270821
inst:register_read/g270822
inst:register_read/g270823
inst:register_read/g270824
inst:register_read/g270825
inst:register_read/g270826
inst:register_read/g270827
inst:register_read/g270828
inst:register_read/g270829
inst:register_read/g270830
inst:register_read/g270831
inst:register_read/g270832
inst:register_read/g270833
inst:register_read/g270834
inst:register_read/g270835
inst:register_read/g270836
inst:register_read/g270837
inst:register_read/g270838
inst:register_read/g270839
inst:register_read/g270840
inst:register_read/g270841
inst:register_read/g270842
inst:register_read/g270843
inst:register_read/g270844
inst:register_read/g271712
inst:register_read/g270845
inst:register_read/g270846
inst:register_read/g270847
inst:register_read/g270848
inst:register_read/g270849
inst:register_read/g270850
inst:register_read/g270851
inst:register_read/g270852
inst:register_read/g270853
inst:register_read/g270854
inst:register_read/g270855
inst:register_read/g270856
inst:register_read/g270857
inst:register_read/g270858
inst:register_read/g270859
inst:register_read/g270860
inst:register_read/g270861
inst:register_read/g270862
inst:register_read/g270863
inst:register_read/g270864
inst:register_read/g270865
inst:register_read/g270866
inst:register_read/g270867
inst:register_read/g270868
inst:register_read/g270869
inst:register_read/g270870
inst:register_read/g270871
inst:register_read/g270872
inst:register_read/g270873
inst:register_read/g270874
inst:register_read/g270875
inst:register_read/g270876
inst:register_read/g270877
inst:register_read/g270878
inst:register_read/g270879
inst:register_read/g270880
inst:register_read/g270881
inst:register_read/g270883
inst:register_read/g270884
inst:register_read/g270885
inst:register_read/g270886
inst:register_read/g270887
inst:register_read/g270888
inst:register_read/g270889
inst:register_read/g270890
inst:register_read/g270891
inst:register_read/g270892
inst:register_read/g270893
inst:register_read/g270894
inst:register_read/g270895
inst:register_read/g270896
inst:register_read/g270897
inst:register_read/g270899
inst:register_read/g270900
inst:register_read/g270901
inst:register_read/g270902
inst:register_read/g270903
inst:register_read/g270904
inst:register_read/g270905
inst:register_read/g270906
inst:register_read/g270907
inst:register_read/g270908
inst:register_read/g270909
inst:register_read/g270910
inst:register_read/g270911
inst:register_read/g270912
inst:register_read/g270913
inst:register_read/g270914
inst:register_read/g270915
inst:register_read/g270916
inst:register_read/g270917
inst:register_read/g270918
inst:register_read/g270919
inst:register_read/g270920
inst:register_read/g270921
inst:register_read/g270922
inst:register_read/g270923
inst:register_read/g270924
inst:register_read/g270925
inst:register_read/g270926
inst:register_read/g270927
inst:register_read/g270928
inst:register_read/g270929
inst:register_read/g270930
inst:register_read/g270931
inst:register_read/g270933
inst:register_read/g270934
inst:register_read/g270935
inst:register_read/g270936
inst:register_read/g270937
inst:register_read/g270938
inst:register_read/g270939
inst:register_read/g270940
inst:register_read/g270999
inst:register_read/g271000
inst:register_read/g271001
inst:register_read/g271002
inst:register_read/g271003
inst:register_read/g271005
inst:register_read/g271006
inst:register_read/g271007
inst:register_read/g271008
inst:register_read/g271009
inst:register_read/g271010
inst:register_read/g271011
inst:register_read/g271012
inst:register_read/g271014
inst:register_read/g271015
inst:register_read/g271016
inst:register_read/g271017
inst:register_read/g271018
inst:register_read/g271019
inst:register_read/g271021
inst:register_read/g271023
inst:register_read/g271024
inst:register_read/g271025
inst:register_read/g271026
inst:register_read/g271027
inst:register_read/g271028
inst:register_read/g271030
inst:register_read/g271031
inst:register_read/g271032
inst:register_read/g271033
inst:register_read/g271034
inst:register_read/g271035
inst:register_read/g271037
inst:register_read/g271038
inst:register_read/g271039
inst:register_read/g271040
inst:register_read/g271041
inst:register_read/g271058
inst:register_read/g271059
inst:register_read/g271060
inst:register_read/g271061
inst:register_read/g271062
inst:register_read/g271063
inst:register_read/g271064
inst:register_read/g271065
inst:register_read/g271066
inst:register_read/g271067
inst:register_read/g271068
inst:register_read/g271070
inst:register_read/g271071
inst:register_read/g271072
inst:register_read/g271073
inst:register_read/g271074
inst:register_read/g271075
inst:register_read/g271077
inst:register_read/g271078
inst:register_read/g271079
inst:register_read/g271080
inst:register_read/g271082
inst:register_read/g271083
inst:register_read/g271084
inst:register_read/g271085
inst:register_read/g271086
inst:register_read/g271087
inst:register_read/g271089
inst:register_read/g271090
inst:register_read/g271091
inst:register_read/g271092
inst:register_read/g271094
inst:register_read/g271476
inst:register_read/g271095
inst:register_read/g271096
inst:register_read/g271097
inst:register_read/g271098
inst:register_read/g271099
inst:register_read/g271101
inst:register_read/g271102
inst:register_read/g271103
inst:register_read/g271104
inst:register_read/g271105
inst:register_read/g271106
inst:register_read/g271107
inst:register_read/g271108
inst:register_read/g271109
inst:register_read/g271110
inst:register_read/g271111
inst:register_read/g271113
inst:register_read/g271114
inst:register_read/g271115
inst:register_read/g271116
inst:register_read/g271118
inst:register_read/g271119
inst:register_read/g271120
inst:register_read/g271121
inst:register_read/g271122
inst:register_read/g271123
inst:register_read/g271125
inst:register_read/g271126
inst:register_read/g271127
inst:register_read/g271128
inst:register_read/g271448
inst:register_read/g271129
inst:register_read/g271130
inst:register_read/g271131
inst:register_read/g271132
inst:register_read/g271447
inst:register_read/g271133
inst:register_read/g271134
inst:register_read/g271135
inst:register_read/g271136
inst:register_read/g271137
inst:register_read/g271138
inst:register_read/g271139
inst:register_read/g271140
inst:register_read/g271141
inst:register_read/g271142
inst:register_read/g271143
inst:register_read/g271144
inst:register_read/g271145
inst:register_read/g271146
inst:register_read/g271147
inst:register_read/g271149
inst:register_read/g271150
inst:register_read/g271151
inst:register_read/g271152
inst:register_read/g271153
inst:register_read/g271154
inst:register_read/g271155
inst:register_read/g271156
inst:register_read/g271158
inst:register_read/g271159
inst:register_read/g271160
inst:register_read/g271161
inst:register_read/g271162
inst:register_read/g271163
inst:register_read/g271446
inst:register_read/g271165
inst:register_read/g271166
inst:register_read/g271167
inst:register_read/g271169
inst:register_read/g271170
inst:register_read/g271171
inst:register_read/g271172
inst:register_read/g271174
inst:register_read/g271175
inst:register_read/g271176
inst:register_read/g271177
inst:register_read/g271178
inst:register_read/g271179
inst:register_read/g271181
inst:register_read/g271182
inst:register_read/g271183
inst:register_read/g271184
inst:register_read/g271185
inst:register_read/g271186
inst:register_read/g271187
inst:register_read/g271188
inst:register_read/g271189
inst:register_read/g271190
inst:register_read/g271191
inst:register_read/g271192
inst:register_read/g271193
inst:register_read/g271194
inst:register_read/g271195
inst:register_read/g271196
inst:register_read/g271198
inst:register_read/g271199
inst:register_read/g271200
inst:register_read/g271201
inst:register_read/g271202
inst:register_read/g271203
inst:register_read/g271205
inst:register_read/g271207
inst:register_read/g271208
inst:register_read/g271209
inst:register_read/g271210
inst:register_read/g271211
inst:register_read/g271212
inst:register_read/g271214
inst:register_read/g271215
inst:register_read/g271216
inst:register_read/g271217
inst:register_read/g271218
inst:register_read/g271219
inst:register_read/g271221
inst:register_read/g271222
inst:register_read/g271223
inst:register_read/g271224
inst:register_read/g271225
inst:register_read/g271226
inst:register_read/g271227
inst:register_read/g271228
inst:register_read/g271229
inst:register_read/g271230
inst:register_read/g271231
inst:register_read/g271232
inst:register_read/g271233
inst:register_read/g271234
inst:register_read/g271235
inst:register_read/g271236
inst:register_read/g271237
inst:register_read/g271239
inst:register_read/g271240
inst:register_read/g271241
inst:register_read/g271242
inst:register_read/g271243
inst:register_read/g271244
inst:register_read/g271245
inst:register_read/g271246
inst:register_read/g271247
inst:register_read/g271248
inst:register_read/g271249
inst:register_read/g271250
inst:register_read/g271251
inst:register_read/g271252
inst:register_read/g271253
inst:register_read/g271254
inst:register_read/g271255
inst:register_read/g271256
inst:register_read/g271257
inst:register_read/g271258
inst:register_read/g271259
inst:register_read/g271260
inst:register_read/g271261
inst:register_read/g271262
inst:register_read/g271263
inst:register_read/g271264
inst:register_read/g271265
inst:register_read/g271266
inst:register_read/g271267
inst:register_read/g271268
inst:register_read/g271269
inst:register_read/g271270
inst:register_read/g271271
inst:register_read/g271272
inst:register_read/g271273
inst:register_read/g271274
inst:register_read/g271275
inst:register_read/g271276
inst:register_read/g271277
inst:register_read/g271278
inst:register_read/g271279
inst:register_read/g271280
inst:register_read/g271281
inst:register_read/g271282
inst:register_read/g271283
inst:register_read/g271284
inst:register_read/g271285
inst:register_read/g271286
inst:register_read/g271287
inst:register_read/g271288
inst:register_read/g271290
inst:register_read/g271291
inst:register_read/g271293
inst:register_read/g271294
inst:register_read/g271295
inst:register_read/g271296
inst:register_read/g271297
inst:register_read/g271299
inst:register_read/g271300
inst:register_read/g271301
inst:register_read/g271302
inst:register_read/g271303
inst:register_read/g271304
inst:register_read/g271305
inst:register_read/g271306
inst:register_read/g271307
inst:register_read/g271309
inst:register_read/g271310
inst:register_read/g271311
inst:register_read/g271312
inst:register_read/g271313
inst:register_read/g271314
inst:register_read/g271315
inst:register_read/g271317
inst:register_read/g271318
inst:register_read/g271319
inst:register_read/g271320
inst:register_read/g271321
inst:register_read/g271323
inst:register_read/g271324
inst:register_read/g271327
inst:register_read/g271329
inst:register_read/g271330
inst:register_read/g271331
inst:register_read/g271333
inst:register_read/g271334
inst:register_read/g271335
inst:register_read/g271336
inst:register_read/g271337
inst:register_read/g271338
inst:register_read/g271339
inst:register_read/g271340
inst:register_read/g271341
inst:register_read/g271342
inst:register_read/g271343
inst:register_read/g271344
inst:register_read/g271345
inst:register_read/g271346
inst:register_read/g271347
inst:register_read/g271348
inst:register_read/g271349
inst:register_read/g271350
inst:register_read/g271351
inst:register_read/g271352
inst:register_read/g271353
inst:register_read/g271354
inst:register_read/g271355
inst:register_read/g271356
inst:register_read/g271357
inst:register_read/g271358
inst:register_read/g271359
inst:register_read/g271360
inst:register_read/g271361
inst:register_read/g271362
inst:register_read/g271363
inst:register_read/g271364
inst:register_read/g271365
inst:register_read/g271366
inst:register_read/g271367
inst:register_read/g271368
inst:register_read/g271369
inst:register_read/g271370
inst:register_read/g271371
inst:register_read/g271372
inst:register_read/g271373
inst:register_read/g271374
inst:register_read/g271375
inst:register_read/g271376
inst:register_read/g271378
inst:register_read/g271379
inst:register_read/g271380
inst:register_read/g271381
inst:register_read/g271382
inst:register_read/g271383
inst:register_read/g271384
inst:register_read/g271385
inst:register_read/g271386
inst:register_read/g271387
inst:register_read/g271388
inst:register_read/g271389
inst:register_read/g271390
inst:register_read/g271391
inst:register_read/g271392
inst:register_read/g271393
inst:register_read/g271394
inst:register_read/g271395
inst:register_read/g271396
inst:register_read/g271398
inst:register_read/g271399
inst:register_read/g271400
inst:register_read/g271401
inst:register_read/g271402
inst:register_read/g271403
inst:register_read/g271405
inst:register_read/g271406
inst:register_read/g271407
inst:register_read/g271408
inst:register_read/g271409
inst:register_read/g271410
inst:register_read/g271411
inst:register_read/g271412
inst:register_read/g271413
inst:register_read/g271414
inst:register_read/g271415
inst:register_read/g271416
inst:register_read/g271417
inst:register_read/g271418
inst:register_read/g271419
inst:register_read/g271420
inst:register_read/g271423
inst:register_read/g271424
inst:register_read/g271425
inst:register_read/g271426
inst:register_read/g271427
inst:register_read/g271429
inst:register_read/g271430
inst:register_read/g271431
inst:register_read/g271432
inst:register_read/g271433
inst:register_read/g271434
inst:register_read/g271435
inst:register_read/g271436
inst:register_read/g271437
inst:register_read/g271438
inst:register_read/g271439
inst:register_read/g271440
inst:register_read/g271441
inst:register_read/g271442
inst:register_read/g271443
inst:register_read/g271444
inst:register_read/g271469
inst:register_read/g272411
inst:register_read/g272418
inst:register_read/g272419
inst:register_read/g271481
inst:register_read/g271450
inst:register_read/g271451
inst:register_read/g271454
inst:register_read/g271455
inst:register_read/g271457
inst:register_read/g271458
inst:register_read/g271459
inst:register_read/g271460
inst:register_read/g271461
inst:register_read/g271462
inst:register_read/g271463
inst:register_read/g271464
inst:register_read/g271465
inst:register_read/g271466
inst:register_read/g271467
inst:register_read/g271468
inst:register_read/g271470
inst:register_read/g271471
inst:register_read/g271472
inst:register_read/g271473
inst:register_read/g271474
inst:register_read/g271475
inst:register_read/g271477
inst:register_read/g271478
inst:register_read/g271479
inst:register_read/g271480
inst:register_read/g271482
inst:register_read/g271483
inst:register_read/g271484
inst:register_read/g271485
inst:register_read/g271497
inst:register_read/g271498
inst:register_read/g271499
inst:register_read/g271501
inst:register_read/g271502
inst:register_read/g271503
inst:register_read/g271504
inst:register_read/g271506
inst:register_read/g271507
inst:register_read/g271508
inst:register_read/g271510
inst:register_read/g271511
inst:register_read/g271512
inst:register_read/g271513
inst:register_read/g271515
inst:register_read/g271516
inst:register_read/g271518
inst:register_read/g271519
inst:register_read/g271520
inst:register_read/g271521
inst:register_read/g271522
inst:register_read/g271523
inst:register_read/g271525
inst:register_read/g271526
inst:register_read/g271527
inst:register_read/g271528
inst:register_read/g271529
inst:register_read/g271530
inst:register_read/g271531
inst:register_read/g271532
inst:register_read/g271533
inst:register_read/g271534
inst:register_read/g271535
inst:register_read/g271537
inst:register_read/g271539
inst:register_read/g271540
inst:register_read/g271542
inst:register_read/g271543
inst:register_read/g271544
inst:register_read/g271545
inst:register_read/g271546
inst:register_read/g271547
inst:register_read/g271550
inst:register_read/g271551
inst:register_read/g271552
inst:register_read/g271553
inst:register_read/g271554
inst:register_read/g271555
inst:register_read/g271556
inst:register_read/g271557
inst:register_read/g271558
inst:register_read/g271559
inst:register_read/g271560
inst:register_read/g271561
inst:register_read/g271562
inst:register_read/g271563
inst:register_read/g271564
inst:register_read/g271565
inst:register_read/g271566
inst:register_read/g271567
inst:register_read/g271568
inst:register_read/g271569
inst:register_read/g271570
inst:register_read/g271571
inst:register_read/g271572
inst:register_read/g271573
inst:register_read/g271574
inst:register_read/g271575
inst:register_read/g271576
inst:register_read/g271577
inst:register_read/g271578
inst:register_read/g271579
inst:register_read/g271580
inst:register_read/g271581
inst:register_read/g271582
inst:register_read/g271583
inst:register_read/g271585
inst:register_read/g271586
inst:register_read/g271587
inst:register_read/g271588
inst:register_read/g271589
inst:register_read/g271590
inst:register_read/g271591
inst:register_read/g271592
inst:register_read/g271593
inst:register_read/g271594
inst:register_read/g271595
inst:register_read/g271626
inst:register_read/g271627
inst:register_read/g271628
inst:register_read/g271629
inst:register_read/g271630
inst:register_read/g271646
inst:register_read/g271647
inst:register_read/g271648
inst:register_read/g271649
inst:register_read/g271650
inst:register_read/g271651
inst:register_read/g271652
inst:register_read/g271653
inst:register_read/g271654
inst:register_read/g271656
inst:register_read/g271657
inst:register_read/g271658
inst:register_read/g271659
inst:register_read/g271660
inst:register_read/g271661
inst:register_read/g271662
inst:register_read/g271663
inst:register_read/g271664
inst:register_read/g271665
inst:register_read/g271666
inst:register_read/g271667
inst:register_read/g271668
inst:register_read/g271669
inst:register_read/g271670
inst:register_read/g271671
inst:register_read/g271672
inst:register_read/g271673
inst:register_read/g271674
inst:register_read/g271675
inst:register_read/g271676
inst:register_read/g271677
inst:register_read/g271679
inst:register_read/g271680
inst:register_read/g271681
inst:register_read/g271682
inst:register_read/g271683
inst:register_read/g271684
inst:register_read/g271686
inst:register_read/g271688
inst:register_read/g271689
inst:register_read/g271690
inst:register_read/g271691
inst:register_read/g271692
inst:register_read/g271695
inst:register_read/g271700
inst:register_read/g271701
inst:register_read/g271702
inst:register_read/g271703
inst:register_read/g271704
inst:register_read/g271705
inst:register_read/g271706
inst:register_read/g271707
inst:register_read/g271708
inst:register_read/g271709
inst:register_read/g271710
inst:register_read/g271711
inst:register_read/g271713
inst:register_read/g271714
inst:register_read/g271715
inst:register_read/g271716
inst:register_read/g271717
inst:register_read/g271718
inst:register_read/g271719
inst:register_read/g271720
inst:register_read/g271722
inst:register_read/g271723
inst:register_read/g271724
inst:register_read/g271725
inst:register_read/g271726
inst:register_read/g271727
inst:register_read/g271728
inst:register_read/g271734
inst:register_read/g271735
inst:register_read/g271737
inst:register_read/g271738
inst:register_read/g271739
inst:register_read/g271740
inst:register_read/g271742
inst:register_read/g271743
inst:register_read/g271744
inst:register_read/g271745
inst:register_read/g271746
inst:register_read/g271747
inst:register_read/g271749
inst:register_read/g271750
inst:register_read/g271751
inst:register_read/g271752
inst:register_read/g271753
inst:register_read/g270649
inst:register_read/g271786
inst:register_read/g271787
inst:register_read/g271788
inst:register_read/g271790
inst:register_read/g271791
inst:register_read/g271792
inst:register_read/g271793
inst:register_read/g271794
inst:register_read/g271795
inst:register_read/g271796
inst:register_read/g271797
inst:register_read/g271798
inst:register_read/g271816
inst:register_read/g271817
inst:register_read/g271818
inst:register_read/g271819
inst:register_read/g271820
inst:register_read/g271821
inst:register_read/g271822
inst:register_read/g271823
inst:register_read/g271824
inst:register_read/g271825
inst:register_read/g271826
inst:register_read/g271827
inst:register_read/g271828
inst:register_read/g271829
inst:register_read/g271830
inst:register_read/g271831
inst:register_read/g271832
inst:register_read/g271833
inst:register_read/g271834
inst:register_read/g271835
inst:register_read/g271837
inst:register_read/g271838
inst:register_read/g271839
inst:register_read/g271840
inst:register_read/g271842
inst:register_read/g271843
inst:register_read/g271844
inst:register_read/g271845
inst:register_read/g271846
inst:register_read/g271847
inst:register_read/g271848
inst:register_read/g271849
inst:register_read/g271850
inst:register_read/g271851
inst:register_read/g271852
inst:register_read/g271853
inst:register_read/g271854
inst:register_read/g271855
inst:register_read/g271856
inst:register_read/g271857
inst:register_read/g271859
inst:register_read/g271860
inst:register_read/g271861
inst:register_read/g271862
inst:register_read/g271863
inst:register_read/g271864
inst:register_read/g271865
inst:register_read/g270932
inst:register_read/g271930
inst:register_read/g271678
inst:register_read/g272111
inst:register_read/g271456
inst:register_read/g272113
inst:register_read/g272115
inst:register_read/g272116
inst:register_read/g272117
inst:register_read/g272118
inst:register_read/g272122
inst:register_read/g272123
inst:register_read/g272124
inst:register_read/g272125
inst:register_read/g272127
inst:register_read/g272129
inst:register_read/g272130
inst:register_read/g272131
inst:register_read/g272132
inst:register_read/g272133
inst:register_read/g272134
inst:register_read/g272138
inst:register_read/g272139
inst:register_read/g272140
inst:register_read/g272141
inst:register_read/g272142
inst:register_read/g271453
inst:register_read/g272143
inst:register_read/g272145
inst:register_read/g271452
inst:register_read/g271445
inst:register_read/g271449
inst:register_read/g271428
inst:register_read/g271422
inst:register_read/g271421
inst:register_read/g271625
inst:register_read/g271404
inst:register_read/g271397
inst:register_read/g271220
inst:register_read/g271213
inst:register_read/g271206
inst:register_read/g271204
inst:register_read/g271197
inst:register_read/g271180
inst:register_read/g268507
inst:register_read/g268508
inst:register_read/g268509
inst:register_read/g268510
inst:register_read/g268511
inst:register_read/g268512
inst:register_read/g268513
inst:register_read/g268514
inst:register_read/g268515
inst:register_read/g268516
inst:register_read/g268517
inst:register_read/g268518
inst:register_read/g268519
inst:register_read/g268520
inst:register_read/g268521
inst:register_read/g268522
inst:register_read/g268523
inst:register_read/g268524
inst:register_read/g268525
inst:register_read/g268526
inst:register_read/g268527
inst:register_read/g268528
inst:register_read/g268529
inst:register_read/g268530
inst:register_read/g268531
inst:register_read/g268532
inst:register_read/g268533
inst:register_read/g268534
inst:register_read/g268535
inst:register_read/g268536
inst:register_read/g268537
inst:register_read/g268538
inst:register_read/g268539
inst:register_read/g268540
inst:register_read/g268541
inst:register_read/g268542
inst:register_read/g268543
inst:register_read/g268544
inst:register_read/g268545
inst:register_read/g268546
inst:register_read/g268547
inst:register_read/g268548
inst:register_read/g271173
inst:register_read/g268613
inst:register_read/g268614
inst:register_read/g268615
inst:register_read/g268616
inst:register_read/g268617
inst:register_read/g268618
inst:register_read/g268619
inst:register_read/g268620
inst:register_read/g268621
inst:register_read/g268622
inst:register_read/g268623
inst:register_read/g268624
inst:register_read/g268625
inst:register_read/g268626
inst:register_read/g268627
inst:register_read/g268628
inst:register_read/g268629
inst:register_read/g268630
inst:register_read/g268631
inst:register_read/g268632
inst:register_read/g268633
inst:register_read/g268634
inst:register_read/g268635
inst:register_read/g268636
inst:register_read/g268637
inst:register_read/g268638
inst:register_read/g268639
inst:register_read/g268640
inst:register_read/g268641
inst:register_read/g268642
inst:register_read/g268643
inst:register_read/g268644
inst:register_read/g268645
inst:register_read/g268646
inst:register_read/g268647
inst:register_read/g268648
inst:register_read/g268649
inst:register_read/g268650
inst:register_read/g271164
inst:register_read/g268651
inst:register_read/g271584
inst:register_read/g268652
inst:register_read/g268653
inst:register_read/g268654
inst:register_read/g268655
inst:register_read/g268656
inst:register_read/g268657
inst:register_read/g268658
inst:register_read/g268659
inst:register_read/g268660
inst:register_read/g268661
inst:register_read/g268662
inst:register_read/g268663
inst:register_read/g268664
inst:register_read/g268665
inst:register_read/g268666
inst:register_read/g268667
inst:register_read/g268668
inst:register_read/g268669
inst:register_read/g268670
inst:register_read/g268671
inst:register_read/g268672
inst:register_read/g268673
inst:register_read/g268674
inst:register_read/g268675
inst:register_read/g270898
inst:register_read/g268676
inst:register_read/g268677
inst:register_read/g268678
inst:register_read/g268679
inst:register_read/g268680
inst:register_read/g268681
inst:register_read/g268682
inst:register_read/g271168
inst:register_read/g268740
inst:register_read/g268741
inst:register_read/g268742
inst:register_read/g268743
inst:register_read/g268744
inst:register_read/g268745
inst:register_read/g268746
inst:register_read/g268747
inst:register_read/g268748
inst:register_read/g268749
inst:register_read/g268750
inst:register_read/g268751
inst:register_read/g268752
inst:register_read/g268753
inst:register_read/g268754
inst:register_read/g268755
inst:register_read/g268756
inst:register_read/g268757
inst:register_read/g268758
inst:register_read/g268759
inst:register_read/g268760
inst:register_read/g268761
inst:register_read/g268762
inst:register_read/g268763
inst:register_read/g271157
inst:register_read/g268792
inst:register_read/g268793
inst:register_read/g268794
inst:register_read/g268795
inst:register_read/g268796
inst:register_read/g268797
inst:register_read/g268798
inst:register_read/g268799
inst:register_read/g268800
inst:register_read/g268801
inst:register_read/g268802
inst:register_read/g268803
inst:register_read/g268804
inst:register_read/g268805
inst:register_read/g268811
inst:register_read/g268812
inst:register_read/g268813
inst:register_read/g268814
inst:register_read/g268815
inst:register_read/g268816
inst:register_read/g268817
inst:register_read/g268818
inst:register_read/g270882
inst:register_read/g268819
inst:register_read/g268820
inst:register_read/g268821
inst:register_read/g268822
inst:register_read/g268823
inst:register_read/g268824
inst:register_read/g268825
inst:register_read/g268826
inst:register_read/g268827
inst:register_read/g268828
inst:register_read/g268829
inst:register_read/g268830
inst:register_read/g268831
inst:register_read/g268832
inst:register_read/g268833
inst:register_read/g268834
inst:register_read/g268835
inst:register_read/g268836
inst:register_read/g268837
inst:register_read/g268838
inst:register_read/g268839
inst:register_read/g268840
inst:register_read/g268841
inst:register_read/g268842
inst:register_read/g268843
inst:register_read/g268844
inst:register_read/g268845
inst:register_read/g268846
inst:register_read/g268847
inst:register_read/g268848
inst:register_read/g268849
inst:register_read/g268850
inst:register_read/g268851
inst:register_read/g268852
inst:register_read/g271292
inst:register_read/g268853
inst:register_read/g268854
inst:register_read/g268855
inst:register_read/g268856
inst:register_read/g268857
inst:register_read/g268858
inst:register_read/g271148
inst:register_read/g268945
inst:register_read/g268946
inst:register_read/g268947
inst:register_read/g268948
inst:register_read/g268949
inst:register_read/g271377
inst:register_read/g268950
inst:register_read/g268951
inst:register_read/g268952
inst:register_read/g268953
inst:register_read/g268954
inst:register_read/g268955
inst:register_read/g268956
inst:register_read/g268957
inst:register_read/g268958
inst:register_read/g268959
inst:register_read/g268960
inst:register_read/g268961
inst:register_read/g268962
inst:register_read/g268963
inst:register_read/g268964
inst:register_read/g268965
inst:register_read/g268966
inst:register_read/g268967
inst:register_read/g268968
inst:register_read/g268969
inst:register_read/g268970
inst:register_read/g268971
inst:register_read/g268972
inst:register_read/g268973
inst:register_read/g268974
inst:register_read/g268975
inst:register_read/g271124
inst:register_read/g271117
inst:register_read/g271112
inst:register_read/g271866
inst:register_read/g271100
inst:register_read/g270818
inst:register_read/g271858
inst:register_read/g271093
inst:register_read/g271841
inst:register_read/g271549
inst:register_read/g271548
inst:register_read/g271836
inst:register_read/g272144
inst:register_read/g272136
inst:register_read/g269562
inst:register_read/g272137
inst:register_read/g271541
inst:register_read/g272135
inst:register_read/g271332
inst:register_read/g271088
inst:register_read/g271328
inst:register_read/g272126
inst:register_read/g271538
inst:register_read/g271081
inst:register_read/g271326
inst:register_read/g271325
inst:register_read/g271536
inst:register_read/g272128
inst:register_read/g271322
inst:register_read/g271076
inst:register_read/g272121
inst:register_read/g271013
inst:register_read/g271316
inst:register_read/g272110
inst:register_read/g272120
inst:register_read/g271069
inst:register_read/g272119
inst:register_read/g272114
inst:register_read/g272112
inst:register_read/g271524
inst:register_read/g271308
inst:register_read/g271517
inst:register_read/g271789
inst:register_read/g271514
inst:register_read/g271509
inst:register_read/g271505
inst:register_read/g271036
inst:register_read/g271029
inst:register_read/g271298
inst:register_read/g271500
inst:register_read/g271022
inst:register_read/g271020
inst:register_read/g271748
inst:register_read/g271736
inst:register_read/g271289
inst:register_read/g271741
inst:register_read/g272404
inst:register_read/g270621
inst:register_read/g270626
inst:register_read/g270627
inst:register_read/g270654
inst:register_read/g270655
inst:register_read/g270656
inst:register_read/g270657
inst:register_read/g270658
inst:register_read/g270659
inst:register_read/g270677
inst:register_read/g270678
inst:register_read/g270679
inst:register_read/g270680
inst:register_read/g270681
inst:register_read/g270682
inst:register_read/g270683
inst:register_read/g270685
inst:register_read/g270686
inst:register_read/g270687
inst:register_read/g270688
inst:register_read/g270689
inst:register_read/g270690
inst:register_read/g270691
inst:register_read/g270692
inst:register_read/g270740
inst:register_read/g270741
inst:register_read/g270742
inst:register_read/g270743
inst:register_read/g270744
inst:register_read/g270746
inst:register_read/g270747
inst:register_read/g270748
inst:register_read/g270749
inst:register_read/g270750
inst:register_read/g270751
inst:register_read/g270752
inst:register_read/g270753
inst:register_read/g270754
inst:register_read/g270755
inst:register_read/g270756
inst:register_read/g270997
inst:register_read/g270757
inst:register_read/g270758
inst:register_read/g270759
inst:register_read/g270760
inst:register_read/g270762
inst:register_read/g270763
inst:register_read/g270764
inst:register_read/g270765
inst:register_read/g270767
inst:register_read/g270768
inst:register_read/g270769
inst:register_read/g270770
inst:register_read/g270771
inst:register_read/g270772
inst:register_read/g270773
inst:register_read/g270774
inst:register_read/g270775
inst:register_read/g270776
inst:register_read/g270777
inst:register_read/g270778
inst:register_read/g270782
inst:register_read/g270797
inst:register_read/g270798
inst:register_read/g270799
inst:register_read/g270800
inst:register_read/g270801
inst:register_read/g270802
inst:register_read/g270803
inst:register_read/g270804
inst:register_read/g270805
inst:register_read/g270806
inst:register_read/g270807
inst:register_read/g270808
inst:register_read/g270809
inst:register_read/g270810
inst:register_read/g270811
inst:register_read/g270812
inst:register_read/g270813
inst:register_read/g270814
inst:register_read/g270941
inst:register_read/g270942
inst:register_read/g270943
inst:register_read/g270944
inst:register_read/g270945
inst:register_read/g270946
inst:register_read/g270947
inst:register_read/g270948
inst:register_read/g270949
inst:register_read/g270950
inst:register_read/g270951
inst:register_read/g270952
inst:register_read/g270953
inst:register_read/g270954
inst:register_read/g270955
inst:register_read/g270956
inst:register_read/g270957
inst:register_read/g270959
inst:register_read/g270960
inst:register_read/g270961
inst:register_read/g270962
inst:register_read/g270963
inst:register_read/g270988
inst:register_read/g270964
inst:register_read/g270965
inst:register_read/g270966
inst:register_read/g270745
inst:register_read/g270968
inst:register_read/g270969
inst:register_read/g270970
inst:register_read/g270971
inst:register_read/g270972
inst:register_read/g270973
inst:register_read/g270974
inst:register_read/g270975
inst:register_read/g270976
inst:register_read/g270977
inst:register_read/g270978
inst:register_read/g270979
inst:register_read/g270982
inst:register_read/g270983
inst:register_read/g270984
inst:register_read/g270985
inst:register_read/g270986
inst:register_read/g270987
inst:register_read/g270989
inst:register_read/g270990
inst:register_read/g270991
inst:register_read/g270992
inst:register_read/g270993
inst:register_read/g270994
inst:register_read/g270995
inst:register_read/g270996
inst:register_read/g270998
inst:register_read/g271042
inst:register_read/g271043
inst:register_read/g271044
inst:register_read/g271046
inst:register_read/g271047
inst:register_read/g271048
inst:register_read/g271049
inst:register_read/g271050
inst:register_read/g271051
inst:register_read/g271052
inst:register_read/g271053
inst:register_read/g271054
inst:register_read/g271055
inst:register_read/g271056
inst:register_read/g271057
inst:register_read/g270980
inst:register_read/g270981
inst:register_read/g270967
inst:register_read/g271045
inst:register_read/g270766
inst:register_read/g271238
inst:register_read/g270684
inst:register_read/g270958
inst:register_read/g270761
inst:register_read/g272538
inst:register_read/g272646
inst:register_read/g272636
inst:register_read/g272635
inst:register_read/g272630
inst:register_read/g272414
inst:register_read/g272767
inst:register_read/g272813
inst:register_read/g272846
inst:register_read/g272849
inst:register_read/g272420
inst:register_read/g272415
inst:register_read/g272848
inst:register_read/g272417
inst:register_read/g272416
inst:register_read/g272413
inst:register_read/g272410
inst:register_read/g272409
inst:register_read/g272405
inst:register_read/g272402
inst:register_read/g272400
inst:register_read/g272399
inst:register_read/g272685
inst:register_read/g272395
inst:register_read/g272664
inst:register_read/g272403
inst:register_read/g272412
inst:register_read/g272682
inst:register_read/g272542
inst:register_read/g272396
inst:register_read/g272394
inst:register_read/g271495
inst:register_read/g271494
inst:register_read/g271492
inst:register_read/g271491
inst:register_read/g271489
inst:register_read/g271488
inst:register_read/g271487
inst:register_read/g271486
inst:register_read/g272408
inst:register_read/g272406
inst:register_read/g272548
inst:register_read/g272553
inst:register_read/g272568
inst:register_read/g272571
inst:register_read/g272572
inst:register_read/g272577
inst:register_read/g272580
inst:register_read/g272583
inst:register_read/g272593
inst:register_read/g272407
inst:register_read/g272604
inst:register_read/g272607
inst:register_read/g272609
inst:register_read/g272610
inst:register_read/g272615
inst:register_read/g272618
inst:register_read/g272622
inst:register_read/g272626
inst:register_read/g272627
inst:register_read/g272629
inst:register_read/g272633
inst:register_read/g272640
inst:register_read/g272642
inst:register_read/g272654
inst:register_read/g272658
inst:register_read/g272659
inst:register_read/g272671
inst:register_read/g272676
inst:register_read/g272677
inst:register_read/g272678
inst:register_read/g272401
inst:register_read/g272605
inst:register_read/g272771
inst:register_read/g272774
inst:register_read/g272787
inst:register_read/g272885
inst:register_read/g272880
inst:register_read/g272790
inst:register_read/g272869
inst:register_read/g272802
inst:register_read/g272816
inst:register_read/g272397
inst:register_read/g272776
inst:register_read/g272773
inst:register_read/g272809
inst:register_read/g272812
inst:register_read/g272815
inst:register_read/g272822
inst:register_read/g272823
inst:register_read/g272828
inst:register_read/g272830
inst:register_read/g272831
inst:register_read/g272835
inst:register_read/g272838
inst:register_read/g272857
inst:register_read/g272861
inst:register_read/g272872
inst:register_read/g272878
inst:register_read/g272887
inst:register_read/g272895
inst:register_read/g272896
inst:register_read/g272899
inst:register_read/g272900
inst:register_read/g272398
inst:register_read/g271493
inst:register_read/g271490
inst:register_read/g272536
inst:register_read/g272537
inst:register_read/g272540
inst:register_read/g272543
inst:register_read/g272393
inst:register_read/g272669
inst:register_read/g272625
inst:register_read/g272545
inst:register_read/g272546
inst:register_read/g272547
inst:register_read/g272550
inst:register_read/g272551
inst:register_read/g272560
inst:register_read/g272561
inst:register_read/g272562
inst:register_read/g272564
inst:register_read/g272565
inst:register_read/g272566
inst:register_read/g272570
inst:register_read/g272574
inst:register_read/g272575
inst:register_read/g272578
inst:register_read/g272579
inst:register_read/g272582
inst:register_read/g272584
inst:register_read/g272586
inst:register_read/g272587
inst:register_read/g272592
inst:register_read/g272595
inst:register_read/g272596
inst:register_read/g272601
inst:register_read/g272602
inst:register_read/g272603
inst:register_read/g272606
inst:register_read/g272611
inst:register_read/g272612
inst:register_read/g272617
inst:register_read/g272619
inst:register_read/g272620
inst:register_read/g272621
inst:register_read/g272623
inst:register_read/g272628
inst:register_read/g272631
inst:register_read/g272634
inst:register_read/g272638
inst:register_read/g272639
inst:register_read/g272643
inst:register_read/g272645
inst:register_read/g272647
inst:register_read/g272651
inst:register_read/g272655
inst:register_read/g272657
inst:register_read/g272661
inst:register_read/g272663
inst:register_read/g272665
inst:register_read/g272667
inst:register_read/g272668
inst:register_read/g272674
inst:register_read/g272675
inst:register_read/g272679
inst:register_read/g272681
inst:register_read/g272683
inst:register_read/g272684
inst:register_read/g272552
inst:register_read/g272805
inst:register_read/g272766
inst:register_read/g272769
inst:register_read/g272772
inst:register_read/g272775
inst:register_read/g272777
inst:register_read/g272781
inst:register_read/g272782
inst:register_read/g272783
inst:register_read/g272785
inst:register_read/g272786
inst:register_read/g272789
inst:register_read/g272793
inst:register_read/g272794
inst:register_read/g272796
inst:register_read/g272797
inst:register_read/g272798
inst:register_read/g272799
inst:register_read/g272908
inst:register_read/g272913
inst:register_read/g272955
inst:register_read/g272871
inst:register_read/g272877
inst:register_read/g272879
inst:register_read/g272882
inst:register_read/g272883
inst:register_read/g272884
inst:register_read/g272886
inst:register_read/g272890
inst:register_read/g272891
inst:register_read/g272892
inst:register_read/g272893
inst:register_read/g272897
inst:register_read/g272898
inst:register_read/g272902
inst:register_read/g272903
inst:register_read/g272803
inst:register_read/g272804
inst:register_read/g272806
inst:register_read/g272810
inst:register_read/g272600
inst:register_read/g272811
inst:register_read/g272818
inst:register_read/g272820
inst:register_read/g272680
inst:register_read/g272901
inst:register_read/g272608
inst:register_read/g272852
inst:register_read/g272868
inst:register_read/g272825
inst:register_read/g272826
inst:register_read/g272853
inst:register_read/g272656
inst:register_read/g272829
inst:register_read/g272837
inst:register_read/g272832
inst:register_read/g272833
inst:register_read/g272576
inst:register_read/g272824
inst:register_read/g272821
inst:register_read/g272800
inst:register_read/g272792
inst:register_read/g272834
inst:register_read/g272768
inst:register_read/g272765
inst:register_read/g272616
inst:register_read/g272841
inst:register_read/g272843
inst:register_read/g272844
inst:register_read/g272845
inst:register_read/g272847
inst:register_read/g272850
inst:register_read/g272652
inst:register_read/g272686
inst:register_read/g272851
inst:register_read/g272854
inst:register_read/g272856
inst:register_read/g272653
inst:register_read/g272784
inst:register_read/g272858
inst:register_read/g272637
inst:register_read/g272859
inst:register_read/g272862
inst:register_read/g272589
inst:register_read/g272865
inst:register_read/g272569
inst:register_read/g272866
inst:register_read/g272867
inst:register_read/g272649
inst:register_read/g272588
inst:register_read/g272632
inst:register_read/g272549
inst:register_read/g272554
inst:register_read/g272555
inst:register_read/g272556
inst:register_read/g272558
inst:register_read/g272559
inst:register_read/g272563
inst:register_read/g272567
inst:register_read/g272585
inst:register_read/g272590
inst:register_read/g272591
inst:register_read/g272594
inst:register_read/g272598
inst:register_read/g272599
inst:register_read/g272614
inst:register_read/g272641
inst:register_read/g272644
inst:register_read/g272624
inst:register_read/g272650
inst:register_read/g272660
inst:register_read/g272662
inst:register_read/g272670
inst:register_read/g272672
inst:register_read/g272673
inst:register_read/g272687
inst:register_read/g272764
inst:register_read/g272770
inst:register_read/g272778
inst:register_read/g272779
inst:register_read/g272788
inst:register_read/g272791
inst:register_read/g272795
inst:register_read/g272807
inst:register_read/g272817
inst:register_read/g272819
inst:register_read/g272827
inst:register_read/g272836
inst:register_read/g272906
inst:register_read/g272914
inst:register_read/g272541
inst:register_read/g272539
inst:register_read/g272953
inst:register_read/g272950
inst:register_read/g272937
inst:register_read/g272942
inst:register_read/g272918
inst:register_read/g272959
inst:register_read/g272927
inst:register_read/g272925
inst:register_read/g272926
inst:register_read/g272840
inst:register_read/g272860
inst:register_read/g272863
inst:register_read/g272870
inst:register_read/g272873
inst:register_read/g272874
inst:register_read/g272875
inst:register_read/g272881
inst:register_read/g272888
inst:register_read/g272889
inst:register_read/g272613
inst:register_read/g272648
inst:register_read/g272904
inst:register_read/g272876
inst:register_read/g272855
inst:register_read/g272842
inst:register_read/g272801
inst:register_read/g272808
inst:register_read/g272780
inst:register_read/g272597
inst:register_read/g272581
inst:register_read/g272894
inst:register_read/g272814
inst:register_read/g272864
inst:register_read/g272573
inst:register_read/g272666
inst:register_read/g272557
inst:register_read/g272839
inst:register_read/g272762
inst:register_read/g272754
inst:register_read/g272753
inst:register_read/g272755
inst:register_read/g272756
inst:register_read/g272757
inst:register_read/g272758
inst:register_read/g272759
inst:register_read/g272760
inst:register_read/g272763
inst:register_read/g272915
inst:register_read/g272909
inst:register_read/g272910
inst:register_read/g272911
inst:register_read/g272907
inst:register_read/g272916
inst:register_read/g272917
inst:register_read/g272920
inst:register_read/g272922
inst:register_read/g272921
inst:register_read/g272544
inst:register_read/g272963
inst:register_read/g272761
inst:register_read/g272964
inst:register_read/g272934
inst:register_read/g272949
inst:register_read/g272936
inst:register_read/g272940
inst:register_read/g272941
inst:register_read/g272945
inst:register_read/g272947
inst:register_read/g272948
inst:register_read/g272912
inst:register_read/g272952
inst:register_read/g272943
inst:register_read/g272957
inst:register_read/g272956
inst:register_read/g272924
inst:register_read/g272960
inst:register_read/g272958
inst:register_read/g272931
inst:register_read/g272930
inst:register_read/g272929
inst:register_read/g272973
inst:register_read/g272969
inst:register_read/g272938
inst:register_read/g272939
inst:register_read/g272944
inst:register_read/g272932
inst:register_read/g272928
inst:register_read/g272923
inst:register_read/g272961
inst:register_read/g272982
inst:register_read/g272981
inst:register_read/g272988
inst:register_read/g272905
inst:register_read/g272946
inst:register_read/g272951
inst:register_read/g272935
inst:register_read/g272919
inst:register_read/g272954
inst:register_read/g272968
inst:register_read/g272971
inst:register_read/g272970
inst:register_read/g272976
inst:register_read/g272979
inst:register_read/g272977
inst:register_read/g272975
inst:register_read/g272984
inst:register_read/g272986
inst:register_read/g272989
inst:register_read/g272990
inst:register_read/g272992
inst:register_read/g272993
inst:register_read/g272994
inst:register_read/g272995
inst:register_read/g272997
inst:register_read/g272998
inst:register_read/g273004
inst:register_read/execute_out_reg[valid]
inst:register_read/g272933
inst:register_read/g272962
inst:register_read/g272967
inst:register_read/g272991
inst:register_read/g272983
inst:register_read/g272987
inst:register_read/g273022
inst:register_read/g273005
inst:register_read/g273007
inst:register_read/g273010
inst:register_read/g273003
inst:register_read/g273011
inst:register_read/g273009
inst:register_read/g273008
inst:register_read/g273012
inst:register_read/g273013
inst:register_read/g273006
inst:register_read/g273044
inst:register_read/g273080
inst:register_read/g273078
inst:register_read/g272965
inst:register_read/g273025
inst:register_read/g273030
inst:register_read/g273033
inst:register_read/g273036
inst:register_read/g273081
inst:register_read/g272978
inst:register_read/g272985
inst:register_read/g273000
inst:register_read/g273001
inst:register_read/g273016
inst:register_read/g273017
inst:register_read/g273018
inst:register_read/g273021
inst:register_read/g273002
inst:register_read/g273014
inst:register_read/g273182
inst:register_read/g273184
inst:register_read/g273181
inst:register_read/g273043
inst:register_read/g273042
inst:register_read/g273035
inst:register_read/g273031
inst:register_read/g273026
inst:register_read/g273180
inst:register_read/g273079
inst:register_read/g273183
inst:register_read/g272972
inst:register_read/g272974
inst:register_read/g272980
inst:register_read/g273191
inst:register_read/g272996
inst:register_read/g272999
inst:register_read/g273019
inst:register_read/g273015
inst:register_read/g273020
inst:register_read/g273237
inst:register_read/g273075
inst:register_read/g273074
inst:register_read/g273073
inst:register_read/g273045
inst:register_read/g273072
inst:register_read/g273023
inst:register_read/g273024
inst:register_read/g273028
inst:register_read/g273029
inst:register_read/g273032
inst:register_read/g273038
inst:register_read/g273040
inst:register_read/g273041
inst:register_read/g273046
inst:register_read/g273048
inst:register_read/g273049
inst:register_read/g273050
inst:register_read/g273051
inst:register_read/g273052
inst:register_read/g273053
inst:register_read/g273054
inst:register_read/g273055
inst:register_read/g273056
inst:register_read/g273057
inst:register_read/g273058
inst:register_read/g273059
inst:register_read/g273060
inst:register_read/g273061
inst:register_read/g273062
inst:register_read/g273064
inst:register_read/g273065
inst:register_read/g273067
inst:register_read/g273068
inst:register_read/g273069
inst:register_read/g273070
inst:register_read/g273071
inst:register_read/g273243
inst:register_read/g273190
inst:register_read/g273259
inst:register_read/g273290
inst:register_read/g273076
inst:register_read/g273077
inst:register_read/g273186
inst:register_read/g273188
inst:register_read/g273189
inst:register_read/g273187
inst:register_read/g273185
inst:register_read/g273192
inst:register_read/g273027
inst:register_read/g273034
inst:register_read/g273037
inst:register_read/g273039
inst:register_read/g273047
inst:register_read/g273063
inst:register_read/g273066
inst:register_read/g273247
inst:register_read/g273239
inst:register_read/g273240
inst:register_read/g273241
inst:register_read/g273242
inst:register_read/g273244
inst:register_read/g273245
inst:register_read/g273262
inst:register_read/g273256
inst:register_read/g273257
inst:register_read/g273261
inst:register_read/g273263
inst:register_read/g273264
inst:register_read/g273273
inst:register_read/g273275
inst:register_read/g273274
inst:register_read/g273271
inst:register_read/g273278
inst:register_read/g273282
inst:register_read/g273283
inst:register_read/g273281
inst:register_read/g273280
inst:register_read/g273277
inst:register_read/g273279
inst:register_read/g273287
inst:register_read/g273288
inst:register_read/execute_out_reg[predicted_pc][4]
inst:register_read/execute_out_reg[old_p_dest][0]
inst:register_read/execute_out_reg[rob_tag][3]
inst:register_read/execute_out_reg[pc][18]
inst:register_read/execute_out_reg[predicted_pc][1]
inst:register_read/execute_out_reg[imm_val][21]
inst:register_read/execute_out_reg[predicted_pc][7]
inst:register_read/execute_out_reg[cause][0]
inst:register_read/execute_out_reg[imm_val][23]
inst:register_read/execute_out_reg[pc][31]
inst:register_read/execute_out_reg[imm_val][7]
inst:register_read/execute_out_reg[pc][4]
inst:register_read/execute_out_reg[p_src2][0]
inst:register_read/execute_out_reg[reg_we]
inst:register_read/execute_out_reg[predicted_pc][14]
inst:register_read/execute_out_reg[except]
inst:register_read/execute_out_reg[predicted_pc][28]
inst:register_read/execute_out_reg[pc][12]
inst:register_read/execute_out_reg[old_p_dest][4]
inst:register_read/execute_out_reg[imm_val][2]
inst:register_read/execute_out_reg[p_dest][0]
inst:register_read/execute_out_reg[imm_val][19]
inst:register_read/execute_out_reg[p_src2][4]
inst:register_read/execute_out_reg[imm_val][29]
inst:register_read/execute_out_reg[imm_val][5]
inst:register_read/execute_out_reg[p_src1][1]
inst:register_read/execute_out_reg[imm_val][15]
inst:register_read/execute_out_reg[p_src1][2]
inst:register_read/execute_out_reg[old_p_dest][2]
inst:register_read/execute_out_reg[predicted_pc][0]
inst:register_read/execute_out_reg[pc][25]
inst:register_read/execute_out_reg[imm_val][12]
inst:register_read/execute_out_reg[p_dest][5]
inst:register_read/execute_out_reg[p_dest][1]
inst:register_read/execute_out_reg[imm_val][26]
inst:register_read/execute_out_reg[exec_unit_uop][4]
inst:register_read/execute_out_reg[p_src2][5]
inst:register_read/execute_out_reg[pc][23]
inst:register_read/execute_out_reg[func_unit_type][1]
inst:register_read/execute_out_reg[predicted_pc][19]
inst:register_read/execute_out_reg[p_src2][1]
inst:register_read/execute_out_reg[predicted_pc][13]
inst:register_read/execute_out_reg[predicted_pc][20]
inst:register_read/execute_out_reg[p_src1][5]
inst:register_read/execute_out_reg[pc][21]
inst:register_read/execute_out_reg[p_dest][2]
inst:register_read/execute_out_reg[instr_class][0]
inst:register_read/execute_out_reg[predicted_pc][15]
inst:register_read/execute_out_reg[pc][24]
inst:register_read/execute_out_reg[imm_val][9]
inst:register_read/execute_out_reg[p_dest][4]
inst:register_read/execute_out_reg[exec_unit_uop][0]
inst:register_read/execute_out_reg[pc][28]
inst:register_read/execute_out_reg[pc][15]
inst:register_read/execute_out_reg[pc][11]
inst:register_read/execute_out_reg[imm_val][6]
inst:register_read/execute_out_reg[predicted_pc][6]
inst:register_read/execute_out_reg[predicted_pc][22]
inst:register_read/execute_out_reg[predicted_pc][2]
inst:register_read/execute_out_reg[exec_unit_uop][3]
inst:register_read/execute_out_reg[pc][1]
inst:register_read/execute_out_reg[exec_unit_uop][5]
inst:register_read/execute_out_reg[pc][6]
inst:register_read/g273255
inst:register_read/g273248
inst:register_read/g273249
inst:register_read/g273250
inst:register_read/g273251
inst:register_read/g273252
inst:register_read/g273253
inst:register_read/g273258
inst:register_read/g273265
inst:register_read/g273260
inst:register_read/g273266
inst:register_read/g273268
inst:register_read/g273269
inst:register_read/g273272
inst:register_read/g273270
inst:register_read/g273284
inst:register_read/g273276
inst:register_read/g273286
inst:register_read/g273285
inst:register_read/g273289
inst:register_read/execute_out_reg[pc][8]
inst:register_read/execute_out_reg[predicted_pc][30]
inst:register_read/execute_out_reg[predicted_pc][12]
inst:register_read/execute_out_reg[cause][1]
inst:register_read/execute_out_reg[predicted_pc][25]
inst:register_read/execute_out_reg[p_src1][0]
inst:register_read/execute_out_reg[imm_val][28]
inst:register_read/execute_out_reg[imm_val][0]
inst:register_read/execute_out_reg[imm_val][14]
inst:register_read/execute_out_reg[predicted_pc][18]
inst:register_read/execute_out_reg[predicted_pc][27]
inst:register_read/execute_out_reg[predicted_pc][5]
inst:register_read/execute_out_reg[rob_tag][0]
inst:register_read/execute_out_reg[pc][30]
inst:register_read/execute_out_reg[pc][26]
inst:register_read/execute_out_reg[predicted_pc][23]
inst:register_read/execute_out_reg[predicted_pc][24]
inst:register_read/execute_out_reg[predicted_pc][16]
inst:register_read/execute_out_reg[pc][9]
inst:register_read/execute_out_reg[predicted_pc][10]
inst:register_read/execute_out_reg[pc][17]
inst:register_read/execute_out_reg[imm_val][10]
inst:register_read/execute_out_reg[predicted_pc][26]
inst:register_read/execute_out_reg[pc][14]
inst:register_read/execute_out_reg[predicted_pc][17]
inst:register_read/execute_out_reg[imm_val][4]
inst:register_read/execute_out_reg[p_src2][2]
inst:register_read/execute_out_reg[pc][20]
inst:register_read/execute_out_reg[rob_tag][4]
inst:register_read/execute_out_reg[pc][16]
inst:register_read/execute_out_reg[p_src1_valid]
inst:register_read/execute_out_reg[p_src1][3]
inst:register_read/execute_out_reg[imm_val][3]
inst:register_read/execute_out_reg[imm_val][17]
inst:register_read/execute_out_reg[predicted_pc][3]
inst:register_read/execute_out_reg[imm_val][25]
inst:register_read/execute_out_reg[pc][22]
inst:register_read/execute_out_reg[imm_val][24]
inst:register_read/execute_out_reg[imm_val][20]
inst:register_read/execute_out_reg[instr_class][1]
inst:register_read/execute_out_reg[pc][27]
inst:register_read/execute_out_reg[old_p_dest][3]
inst:register_read/execute_out_reg[predicted_pc][11]
inst:register_read/execute_out_reg[rob_tag][1]
inst:register_read/execute_out_reg[pc][0]
inst:register_read/execute_out_reg[predicted_pc][31]
inst:register_read/execute_out_reg[instr_class][2]
inst:register_read/execute_out_reg[old_p_dest][1]
inst:register_read/execute_out_reg[pc][3]
inst:register_read/execute_out_reg[p_src2_valid]
inst:register_read/execute_out_reg[p_dest][3]
inst:register_read/execute_out_reg[predicted_pc][8]
inst:register_read/execute_out_reg[imm_val][11]
inst:register_read/execute_out_reg[imm_val][22]
inst:register_read/execute_out_reg[rob_tag][2]
inst:register_read/execute_out_reg[pc][5]
inst:register_read/execute_out_reg[p_src1][4]
inst:register_read/execute_out_reg[pc][13]
inst:register_read/execute_out_reg[imm_val][27]
inst:register_read/execute_out_reg[exec_unit_uop][1]
inst:register_read/execute_out_reg[predicted_pc][9]
inst:register_read/execute_out_reg[pc][10]
inst:register_read/execute_out_reg[pc][7]
inst:register_read/execute_out_reg[imm_val][16]
inst:register_read/execute_out_reg[imm_val][13]
inst:register_read/execute_out_reg[pc][19]
inst:register_read/execute_out_reg[imm_val][8]
inst:register_read/execute_out_reg[imm_val][31]
inst:register_read/execute_out_reg[predicted_pc][29]
inst:register_read/execute_out_reg[predicted_pc][21]
inst:register_read/execute_out_reg[old_p_dest][5]
inst:register_read/execute_out_reg[imm_val][1]
inst:register_read/execute_out_reg[imm_val][18]
inst:register_read/execute_out_reg[p_src2][3]
inst:register_read/execute_out_reg[imm_val][30]
inst:register_read/execute_out_reg[exec_unit_uop][2]
inst:register_read/execute_out_reg[pc][29]
inst:register_read/execute_out_reg[pc][2]
inst:register_read/execute_out_reg[func_unit_type][0]
inst:register_read/g273246
inst:register_read/g273238
inst:register_read/g273254
inst:register_read/g273267
inst:register_read/g274339
inst:register_read/g273826
inst:register_read/g274337
inst:register_read/g274340
inst:register_read/g273825
inst:register_read/g273291
inst:register_read/g273812
inst:register_read/g273824
inst:register_read/g274349
inst:register_read/g274350
inst:register_read/g273819
inst:register_read/g273816
inst:register_read/g274342
inst:register_read/g273817
inst:register_read/g273818
inst:register_read/g274347
inst:register_read/g274351
inst:register_read/g273293
inst:register_read/g273811
inst:register_read/g273827
inst:register_read/g274341
inst:register_read/g273814
inst:register_read/g273815
inst:register_read/g274348
inst:register_read/g274336
inst:register_read/g274338
inst:register_read/g273813
inst:register_read/g273292
inst:register_read/g273810
inst:register_read/g273821
inst:register_read/g273822
inst:register_read/g273820
inst:register_read/g273823
inst:register_read/g274345
inst:register_read/g274344
inst:register_read/g274343
inst:register_read/g274346
inst:register_read/drc_buf_sp276652
inst:register_read/drc_buf_sp276653
inst:register_read/drc_buf_sp276654
inst:register_read/drc_buf_sp276655
inst:register_read/drc_buf_sp276701
inst:register_read/drc_buf_sp276702
inst:register_read/drc_buf_sp276703
inst:register_read/drc_buf_sp276704
inst:register_read/drc_buf_sp276750
inst:register_read/drc_buf_sp276751
inst:register_read/drc_buf_sp276752
inst:register_read/drc_buf_sp276753
inst:register_read/drc_buf_sp276799
inst:register_read/drc_buf_sp276800
inst:register_read/drc_buf_sp276801
inst:register_read/drc_buf_sp276802
inst:register_read/drc_buf_sp276848
inst:register_read/drc_buf_sp276849
inst:register_read/drc_buf_sp276850
inst:register_read/drc_buf_sp276851
inst:register_read/drc_buf_sp276897
inst:register_read/drc_buf_sp276898
inst:register_read/drc_buf_sp276899
inst:register_read/drc_buf_sp276900
inst:register_read/drc_buf_sp276946
inst:register_read/drc_buf_sp276947
inst:register_read/drc_buf_sp276948
inst:register_read/drc_buf_sp276949
inst:register_read/drc_buf_sp276995
inst:register_read/drc_buf_sp276996
inst:register_read/drc_buf_sp276997
inst:register_read/drc_buf_sp276998
inst:register_read/drc_buf_sp277044
inst:register_read/drc_buf_sp277045
inst:register_read/drc_buf_sp277046
inst:register_read/drc_buf_sp277047
inst:register_read/drc_buf_sp277093
inst:register_read/drc_buf_sp277094
inst:register_read/drc_buf_sp277095
inst:register_read/drc_buf_sp277096
inst:register_read/drc_buf_sp277142
inst:register_read/drc_buf_sp277143
inst:register_read/drc_buf_sp277144
inst:register_read/drc_buf_sp277145
inst:register_read/drc_buf_sp277191
inst:register_read/drc_buf_sp277192
inst:register_read/drc_buf_sp277193
inst:register_read/drc_buf_sp277194
inst:register_read/drc_buf_sp277240
inst:register_read/drc_buf_sp277241
inst:register_read/drc_buf_sp277242
inst:register_read/drc_buf_sp277243
inst:register_read/drc_buf_sp277289
inst:register_read/drc_buf_sp277290
inst:register_read/drc_buf_sp277291
inst:register_read/drc_buf_sp277292
inst:register_read/drc_buf_sp277338
inst:register_read/drc_buf_sp277339
inst:register_read/drc_buf_sp277340
inst:register_read/drc_buf_sp277341
inst:register_read/drc_buf_sp277387
inst:register_read/drc_buf_sp277388
inst:register_read/drc_buf_sp277389
inst:register_read/drc_buf_sp277390
inst:register_read/drc_buf_sp277436
inst:register_read/drc_buf_sp277437
inst:register_read/drc_buf_sp277438
inst:register_read/drc_buf_sp277439
inst:register_read/drc_buf_sp277485
inst:register_read/drc_buf_sp277486
inst:register_read/drc_buf_sp277487
inst:register_read/drc_buf_sp277488
inst:register_read/drc_buf_sp277534
inst:register_read/drc_buf_sp277535
inst:register_read/drc_buf_sp277536
inst:register_read/drc_buf_sp277537
inst:register_read/drc_buf_sp277583
inst:register_read/drc_buf_sp277584
inst:register_read/drc_buf_sp277585
inst:register_read/drc_buf_sp277586
inst:register_read/drc_buf_sp277632
inst:register_read/drc_buf_sp277633
inst:register_read/drc_buf_sp277634
inst:register_read/drc_buf_sp277635
inst:register_read/drc_buf_sp277681
inst:register_read/drc_buf_sp277682
inst:register_read/drc_buf_sp277683
inst:register_read/drc_buf_sp277684
inst:register_read/drc_buf_sp277730
inst:register_read/drc_buf_sp277731
inst:register_read/drc_buf_sp277732
inst:register_read/drc_buf_sp277733
inst:register_read/drc_buf_sp277779
inst:register_read/drc_buf_sp277780
inst:register_read/drc_buf_sp277781
inst:register_read/drc_buf_sp277782
inst:register_read/drc_buf_sp277828
inst:register_read/drc_buf_sp277829
inst:register_read/drc_buf_sp277830
inst:register_read/drc_buf_sp277831
inst:register_read/drc_buf_sp277877
inst:register_read/drc_buf_sp277878
inst:register_read/drc_buf_sp277879
inst:register_read/drc_buf_sp277880
inst:register_read/drc_buf_sp277926
inst:register_read/drc_buf_sp277927
inst:register_read/drc_buf_sp277928
inst:register_read/drc_buf_sp277929
inst:register_read/drc_buf_sp277975
inst:register_read/drc_buf_sp277976
inst:register_read/drc_buf_sp277977
inst:register_read/drc_buf_sp277978
inst:register_read/drc_buf_sp278024
inst:register_read/drc_buf_sp278025
inst:register_read/drc_buf_sp278026
inst:register_read/drc_buf_sp278027
inst:register_read/drc_buf_sp278073
inst:register_read/drc_buf_sp278074
inst:register_read/drc_buf_sp278075
inst:register_read/drc_buf_sp278076
inst:register_read/drc_buf_sp278122
inst:register_read/drc_buf_sp278123
inst:register_read/drc_buf_sp278124
inst:register_read/drc_buf_sp278125
inst:register_read/drc_buf_sp278171
inst:register_read/drc_buf_sp278172
inst:register_read/drc_buf_sp278173
inst:register_read/drc_buf_sp278174
inst:register_read/drc_buf_sp278220
inst:register_read/drc_buf_sp278221
inst:register_read/drc_buf_sp278222
inst:register_read/drc_buf_sp278223
inst:register_read/drc_buf_sp278269
inst:register_read/drc_buf_sp278270
inst:register_read/drc_buf_sp278271
inst:register_read/drc_buf_sp278272
inst:register_read/drc_buf_sp278318
inst:register_read/drc_buf_sp278319
inst:register_read/drc_buf_sp278320
inst:register_read/drc_buf_sp278321
inst:register_read/drc_buf_sp278367
inst:register_read/drc_buf_sp278368
inst:register_read/drc_buf_sp278369
inst:register_read/drc_buf_sp278370
inst:register_read/drc_buf_sp278416
inst:register_read/drc_buf_sp278417
inst:register_read/drc_buf_sp278418
inst:register_read/drc_buf_sp278419
inst:register_read/drc_buf_sp278465
inst:register_read/drc_buf_sp278466
inst:register_read/drc_buf_sp278467
inst:register_read/drc_buf_sp278468
inst:register_read/drc_buf_sp278514
inst:register_read/drc_buf_sp278515
inst:register_read/drc_buf_sp278516
inst:register_read/drc_buf_sp278517
inst:register_read/drc_buf_sp278563
inst:register_read/drc_buf_sp278564
inst:register_read/drc_buf_sp278565
inst:register_read/drc_buf_sp278566
inst:register_read/drc_buf_sp278612
inst:register_read/drc_buf_sp278613
inst:register_read/drc_buf_sp278614
inst:register_read/drc_buf_sp278615
inst:register_read/drc_buf_sp278661
inst:register_read/drc_buf_sp278662
inst:register_read/drc_buf_sp278663
inst:register_read/drc_buf_sp278664
inst:register_read/drc_buf_sp278710
inst:register_read/drc_buf_sp278711
inst:register_read/drc_buf_sp278712
inst:register_read/drc_buf_sp278713
inst:register_read/drc_buf_sp278759
inst:register_read/drc_buf_sp278760
inst:register_read/drc_buf_sp278761
inst:register_read/drc_buf_sp278762
inst:register_read/drc_buf_sp278808
inst:register_read/drc_buf_sp278809
inst:register_read/drc_buf_sp278810
inst:register_read/drc_buf_sp278811
inst:register_read/drc_buf_sp278857
inst:register_read/drc_buf_sp278858
inst:register_read/drc_buf_sp278859
inst:register_read/drc_buf_sp278860
inst:register_read/drc_buf_sp278906
inst:register_read/drc_buf_sp278907
inst:register_read/drc_buf_sp278908
inst:register_read/drc_buf_sp278909
inst:register_read/drc_buf_sp278955
inst:register_read/drc_buf_sp278956
inst:register_read/drc_buf_sp278957
inst:register_read/drc_buf_sp278958
inst:register_read/drc_buf_sp279004
inst:register_read/drc_buf_sp279005
inst:register_read/drc_buf_sp279006
inst:register_read/drc_buf_sp279007
inst:register_read/drc_buf_sp279053
inst:register_read/drc_buf_sp279054
inst:register_read/drc_buf_sp279055
inst:register_read/drc_buf_sp279056
inst:register_read/drc_buf_sp279102
inst:register_read/drc_buf_sp279103
inst:register_read/drc_buf_sp279104
inst:register_read/drc_buf_sp279105
inst:register_read/drc_buf_sp279151
inst:register_read/drc_buf_sp279152
inst:register_read/drc_buf_sp279153
inst:register_read/drc_buf_sp279154
inst:register_read/drc_buf_sp279200
inst:register_read/drc_buf_sp279201
inst:register_read/drc_buf_sp279202
inst:register_read/drc_buf_sp279203
inst:register_read/drc_buf_sp279249
inst:register_read/drc_buf_sp279250
inst:register_read/drc_buf_sp279251
inst:register_read/drc_buf_sp279252
inst:register_read/drc_buf_sp279298
inst:register_read/drc_buf_sp279299
inst:register_read/drc_buf_sp279300
inst:register_read/drc_buf_sp279301
inst:register_read/drc_buf_sp279347
inst:register_read/drc_buf_sp279348
inst:register_read/drc_buf_sp279349
inst:register_read/drc_buf_sp279350
inst:register_read/drc_buf_sp279396
inst:register_read/drc_buf_sp279397
inst:register_read/drc_buf_sp279398
inst:register_read/drc_buf_sp279399
inst:register_read/drc_buf_sp279445
inst:register_read/drc_buf_sp279446
inst:register_read/drc_buf_sp279447
inst:register_read/drc_buf_sp279448
inst:register_read/drc_buf_sp279494
inst:register_read/drc_buf_sp279495
inst:register_read/drc_buf_sp279496
inst:register_read/drc_buf_sp279497
inst:register_read/drc_buf_sp279543
inst:register_read/drc_buf_sp279544
inst:register_read/drc_buf_sp279545
inst:register_read/drc_buf_sp279546
inst:register_read/drc_buf_sp279592
inst:register_read/drc_buf_sp279593
inst:register_read/drc_buf_sp279594
inst:register_read/drc_buf_sp279595
inst:register_read/drc_buf_sp279641
inst:register_read/drc_buf_sp279642
inst:register_read/drc_buf_sp279643
inst:register_read/drc_buf_sp279644
inst:register_read/drc_buf_sp279690
inst:register_read/drc_buf_sp279691
inst:register_read/drc_buf_sp279692
inst:register_read/drc_buf_sp279693
inst:register_read/drc_buf_sp279739
inst:register_read/drc_buf_sp279740
inst:register_read/drc_buf_sp279741
inst:register_read/drc_buf_sp279742
inst:register_read/drc_buf_sp279788
inst:register_read/drc_buf_sp279789
inst:register_read/drc_buf_sp279790
inst:register_read/drc_buf_sp279791
inst:register_read/drc_buf_sp279837
inst:register_read/drc_buf_sp279838
inst:register_read/drc_buf_sp279839
inst:register_read/drc_buf_sp279840
inst:register_read/drc_buf_sp279886
inst:register_read/drc_buf_sp279887
inst:register_read/drc_buf_sp279888
inst:register_read/drc_buf_sp279889
inst:register_read/drc_buf_sp279935
inst:register_read/drc_buf_sp279936
inst:register_read/drc_buf_sp279937
inst:register_read/drc_buf_sp279938
inst:register_read/drc_buf_sp279984
inst:register_read/drc_buf_sp279985
inst:register_read/drc_buf_sp279986
inst:register_read/drc_buf_sp279987
inst:register_read/drc_buf_sp280033
inst:register_read/drc_buf_sp280034
inst:register_read/drc_buf_sp280035
inst:register_read/drc_buf_sp280036
inst:register_read/drc_buf_sp280082
inst:register_read/drc_buf_sp280083
inst:register_read/drc_buf_sp280084
inst:register_read/drc_buf_sp280085
inst:register_read/drc_buf_sp280131
inst:register_read/drc_buf_sp280132
inst:register_read/drc_buf_sp280133
inst:register_read/drc_buf_sp280134
inst:register_read/drc_buf_sp280180
inst:register_read/drc_buf_sp280181
inst:register_read/drc_buf_sp280182
inst:register_read/drc_buf_sp280183
inst:register_read/drc_buf_sp280229
inst:register_read/drc_buf_sp280230
inst:register_read/drc_buf_sp280231
inst:register_read/drc_buf_sp280232
inst:register_read/drc_buf_sp280278
inst:register_read/drc_buf_sp280279
inst:register_read/drc_buf_sp280280
inst:register_read/drc_buf_sp280281
inst:register_read/drc_buf_sp280327
inst:register_read/drc_buf_sp280328
inst:register_read/drc_buf_sp280329
inst:register_read/drc_buf_sp280330
inst:register_read/drc_buf_sp280376
inst:register_read/drc_buf_sp280377
inst:register_read/drc_buf_sp280378
inst:register_read/drc_buf_sp280379
inst:register_read/drc_buf_sp280425
inst:register_read/drc_buf_sp280426
inst:register_read/drc_buf_sp280427
inst:register_read/drc_buf_sp280428
inst:register_read/drc_buf_sp280474
inst:register_read/drc_buf_sp280475
inst:register_read/drc_buf_sp280476
inst:register_read/drc_buf_sp280477
inst:register_read/drc_buf_sp280523
inst:register_read/drc_buf_sp280524
inst:register_read/drc_buf_sp280525
inst:register_read/drc_buf_sp280526
inst:register_read/drc_buf_sp280572
inst:register_read/drc_buf_sp280573
inst:register_read/drc_buf_sp280574
inst:register_read/drc_buf_sp280575
inst:register_read/drc_buf_sp280621
inst:register_read/drc_buf_sp280622
inst:register_read/drc_buf_sp280623
inst:register_read/drc_buf_sp280624
inst:register_read/drc_buf_sp280670
inst:register_read/drc_buf_sp280671
inst:register_read/drc_buf_sp280672
inst:register_read/drc_buf_sp280673
inst:register_read/drc_buf_sp280719
inst:register_read/drc_buf_sp280720
inst:register_read/drc_buf_sp280721
inst:register_read/drc_buf_sp280722
inst:register_read/drc_buf_sp280768
inst:register_read/drc_buf_sp280769
inst:register_read/drc_buf_sp280770
inst:register_read/drc_buf_sp280771
inst:register_read/drc_buf_sp280817
inst:register_read/drc_buf_sp280818
inst:register_read/drc_buf_sp280819
inst:register_read/drc_buf_sp280820
inst:register_read/drc_buf_sp280866
inst:register_read/drc_buf_sp280867
inst:register_read/drc_buf_sp280868
inst:register_read/drc_buf_sp280869
inst:register_read/drc_buf_sp280915
inst:register_read/drc_buf_sp280916
inst:register_read/drc_buf_sp280917
inst:register_read/drc_buf_sp280918
inst:register_read/drc_buf_sp280964
inst:register_read/drc_buf_sp280965
inst:register_read/drc_buf_sp280966
inst:register_read/drc_buf_sp280967
inst:register_read/drc_buf_sp281013
inst:register_read/drc_buf_sp281014
inst:register_read/drc_buf_sp281015
inst:register_read/drc_buf_sp281016
inst:register_read/drc_buf_sp281062
inst:register_read/drc_buf_sp281063
inst:register_read/drc_buf_sp281064
inst:register_read/drc_buf_sp281065
inst:register_read/drc_buf_sp281111
inst:register_read/drc_buf_sp281112
inst:register_read/drc_buf_sp281113
inst:register_read/drc_buf_sp281114
inst:register_read/drc_buf_sp281160
inst:register_read/drc_buf_sp281161
inst:register_read/drc_buf_sp281162
inst:register_read/drc_buf_sp281163
inst:register_read/drc_buf_sp281209
inst:register_read/drc_buf_sp281210
inst:register_read/drc_buf_sp281211
inst:register_read/drc_buf_sp281212
inst:register_read/drc_buf_sp281258
inst:register_read/drc_buf_sp281259
inst:register_read/drc_buf_sp281260
inst:register_read/drc_buf_sp281261
inst:register_read/drc_buf_sp281307
inst:register_read/drc_buf_sp281308
inst:register_read/drc_buf_sp281309
inst:register_read/drc_buf_sp281310
inst:register_read/drc_buf_sp281356
inst:register_read/drc_buf_sp281357
inst:register_read/drc_buf_sp281358
inst:register_read/drc_buf_sp281359
inst:register_read/drc_buf_sp281405
inst:register_read/drc_buf_sp281406
inst:register_read/drc_buf_sp281407
inst:register_read/drc_buf_sp281408
inst:register_read/drc_buf_sp281454
inst:register_read/drc_buf_sp281455
inst:register_read/drc_buf_sp281456
inst:register_read/drc_buf_sp281457
inst:register_read/drc_buf_sp281503
inst:register_read/drc_buf_sp281504
inst:register_read/drc_buf_sp281505
inst:register_read/drc_buf_sp281506
inst:register_read/drc_buf_sp281552
inst:register_read/drc_buf_sp281553
inst:register_read/drc_buf_sp281554
inst:register_read/drc_buf_sp281555
inst:register_read/drc_buf_sp281601
inst:register_read/drc_buf_sp281602
inst:register_read/drc_buf_sp281603
inst:register_read/drc_buf_sp281604
inst:register_read/drc_buf_sp281650
inst:register_read/drc_buf_sp281651
inst:register_read/drc_buf_sp281652
inst:register_read/drc_buf_sp281653
inst:register_read/drc_buf_sp281699
inst:register_read/drc_buf_sp281700
inst:register_read/drc_buf_sp281701
inst:register_read/drc_buf_sp281702
inst:register_read/drc_buf_sp281748
inst:register_read/drc_buf_sp281749
inst:register_read/drc_buf_sp281750
inst:register_read/drc_buf_sp281751
inst:register_read/drc_buf_sp281797
inst:register_read/drc_buf_sp281798
inst:register_read/drc_buf_sp281799
inst:register_read/drc_buf_sp281800
inst:register_read/drc_buf_sp281846
inst:register_read/drc_buf_sp281847
inst:register_read/drc_buf_sp281848
inst:register_read/drc_buf_sp281849
inst:register_read/drc_buf_sp281895
inst:register_read/drc_buf_sp281896
inst:register_read/drc_buf_sp281897
inst:register_read/drc_buf_sp281898
inst:register_read/drc_buf_sp281944
inst:register_read/drc_buf_sp281945
inst:register_read/drc_buf_sp281946
inst:register_read/drc_buf_sp281947
inst:register_read/drc_buf_sp281993
inst:register_read/drc_buf_sp281994
inst:register_read/drc_buf_sp281995
inst:register_read/drc_buf_sp281996
inst:register_read/drc_buf_sp282042
inst:register_read/drc_buf_sp282043
inst:register_read/drc_buf_sp282044
inst:register_read/drc_buf_sp282045
inst:register_read/drc_buf_sp282091
inst:register_read/drc_buf_sp282092
inst:register_read/drc_buf_sp282093
inst:register_read/drc_buf_sp282094
inst:register_read/drc_buf_sp282140
inst:register_read/drc_buf_sp282141
inst:register_read/drc_buf_sp282142
inst:register_read/drc_buf_sp282143
inst:register_read/drc_buf_sp282189
inst:register_read/drc_buf_sp282190
inst:register_read/drc_buf_sp282191
inst:register_read/drc_buf_sp282192
inst:register_read/drc_buf_sp282238
inst:register_read/drc_buf_sp282239
inst:register_read/drc_buf_sp282240
inst:register_read/drc_buf_sp282241
inst:register_read/drc_buf_sp282287
inst:register_read/drc_buf_sp282288
inst:register_read/drc_buf_sp282289
inst:register_read/drc_buf_sp282290
inst:register_read/drc_buf_sp282336
inst:register_read/drc_buf_sp282337
inst:register_read/drc_buf_sp282338
inst:register_read/drc_buf_sp282339
inst:register_read/drc_buf_sp282385
inst:register_read/drc_buf_sp282386
inst:register_read/drc_buf_sp282387
inst:register_read/drc_buf_sp282388
inst:register_read/drc_buf_sp282434
inst:register_read/drc_buf_sp282435
inst:register_read/drc_buf_sp282436
inst:register_read/drc_buf_sp282437
inst:register_read/drc_buf_sp282483
inst:register_read/drc_buf_sp282484
inst:register_read/drc_buf_sp282485
inst:register_read/drc_buf_sp282486
inst:register_read/drc_buf_sp282532
inst:register_read/drc_buf_sp282533
inst:register_read/drc_buf_sp282534
inst:register_read/drc_buf_sp282535
inst:register_read/drc_buf_sp282581
inst:register_read/drc_buf_sp282582
inst:register_read/drc_buf_sp282583
inst:register_read/drc_buf_sp282584
inst:register_read/drc_buf_sp282630
inst:register_read/drc_buf_sp282631
inst:register_read/drc_buf_sp282632
inst:register_read/drc_buf_sp282633
inst:register_read/drc_buf_sp282679
inst:register_read/drc_buf_sp282680
inst:register_read/drc_buf_sp282681
inst:register_read/drc_buf_sp282682
inst:register_read/drc_buf_sp282728
inst:register_read/drc_buf_sp282729
inst:register_read/drc_buf_sp282730
inst:register_read/drc_buf_sp282731
inst:register_read/drc_buf_sp282777
inst:register_read/drc_buf_sp282778
inst:register_read/drc_buf_sp282779
inst:register_read/drc_buf_sp282780
inst:register_read/drc_buf_sp282826
inst:register_read/drc_buf_sp282827
inst:register_read/drc_buf_sp282828
inst:register_read/drc_buf_sp282829
inst:register_read/drc_buf_sp282875
inst:register_read/drc_buf_sp282876
inst:register_read/drc_buf_sp282877
inst:register_read/drc_buf_sp282878
inst:register_read/drc_buf_sp282924
inst:register_read/drc_buf_sp282925
inst:register_read/drc_buf_sp282926
inst:register_read/drc_buf_sp282927
inst:register_read/drc_buf_sp282973
inst:register_read/drc_buf_sp282974
inst:register_read/drc_buf_sp282975
inst:register_read/drc_buf_sp282976
inst:register_read/drc_buf_sp283022
inst:register_read/drc_buf_sp283023
inst:register_read/drc_buf_sp283024
inst:register_read/drc_buf_sp283025
inst:register_read/drc_buf_sp283071
inst:register_read/drc_buf_sp283072
inst:register_read/drc_buf_sp283073
inst:register_read/drc_buf_sp283074
inst:register_read/drc_buf_sp283120
inst:register_read/drc_buf_sp283121
inst:register_read/drc_buf_sp283122
inst:register_read/drc_buf_sp283123
inst:register_read/drc_buf_sp283169
inst:register_read/drc_buf_sp283170
inst:register_read/drc_buf_sp283171
inst:register_read/drc_buf_sp283172
inst:register_read/drc_buf_sp283218
inst:register_read/drc_buf_sp283219
inst:register_read/drc_buf_sp283220
inst:register_read/drc_buf_sp283221
inst:register_read/drc_buf_sp283267
inst:register_read/drc_buf_sp283268
inst:register_read/drc_buf_sp283269
inst:register_read/drc_buf_sp283270
inst:register_read/drc_buf_sp283316
inst:register_read/drc_buf_sp283317
inst:register_read/drc_buf_sp283318
inst:register_read/drc_buf_sp283319
inst:register_read/drc_buf_sp283365
inst:register_read/drc_buf_sp283366
inst:register_read/drc_buf_sp283367
inst:register_read/drc_buf_sp283368
inst:register_read/drc_buf_sp283414
inst:register_read/drc_buf_sp283415
inst:register_read/drc_buf_sp283416
inst:register_read/drc_buf_sp283417
inst:register_read/drc_buf_sp283463
inst:register_read/drc_buf_sp283464
inst:register_read/drc_buf_sp283465
inst:register_read/drc_buf_sp283466
inst:register_read/drc_buf_sp283512
inst:register_read/drc_buf_sp283513
inst:register_read/drc_buf_sp283514
inst:register_read/drc_buf_sp283515
inst:register_read/drc_buf_sp283561
inst:register_read/drc_buf_sp283562
inst:register_read/drc_buf_sp283563
inst:register_read/drc_buf_sp283564
inst:register_read/drc_buf_sp283610
inst:register_read/drc_buf_sp283611
inst:register_read/drc_buf_sp283612
inst:register_read/drc_buf_sp283613
inst:register_read/drc_buf_sp283659
inst:register_read/drc_buf_sp283660
inst:register_read/drc_buf_sp283661
inst:register_read/drc_buf_sp283662
inst:register_read/drc_buf_sp283708
inst:register_read/drc_buf_sp283709
inst:register_read/drc_buf_sp283710
inst:register_read/drc_buf_sp283711
inst:register_read/drc_buf_sp283757
inst:register_read/drc_buf_sp283758
inst:register_read/drc_buf_sp283759
inst:register_read/drc_buf_sp283760
inst:register_read/drc_buf_sp283806
inst:register_read/drc_buf_sp283807
inst:register_read/drc_buf_sp283808
inst:register_read/drc_buf_sp283809
inst:register_read/drc_buf_sp283855
inst:register_read/drc_buf_sp283856
inst:register_read/drc_buf_sp283857
inst:register_read/drc_buf_sp283858
inst:register_read/drc_buf_sp283904
inst:register_read/drc_buf_sp283905
inst:register_read/drc_buf_sp283906
inst:register_read/drc_buf_sp283907
inst:register_read/drc_buf_sp283953
inst:register_read/drc_buf_sp283954
inst:register_read/drc_buf_sp283955
inst:register_read/drc_buf_sp283956
inst:register_read/drc_buf_sp284002
inst:register_read/drc_buf_sp284003
inst:register_read/drc_buf_sp284004
inst:register_read/drc_buf_sp284005
inst:register_read/drc_buf_sp284051
inst:register_read/drc_buf_sp284052
inst:register_read/drc_buf_sp284053
inst:register_read/drc_buf_sp284054
inst:register_read/drc_buf_sp284100
inst:register_read/drc_buf_sp284101
inst:register_read/drc_buf_sp284102
inst:register_read/drc_buf_sp284103
inst:register_read/drc_buf_sp284149
inst:register_read/drc_buf_sp284150
inst:register_read/drc_buf_sp284151
inst:register_read/drc_buf_sp284152
inst:register_read/drc_buf_sp284198
inst:register_read/drc_buf_sp284199
inst:register_read/drc_buf_sp284200
inst:register_read/drc_buf_sp284201
inst:register_read/drc_buf_sp284247
inst:register_read/drc_buf_sp284248
inst:register_read/drc_buf_sp284249
inst:register_read/drc_buf_sp284250
inst:register_read/drc_buf_sp284296
inst:register_read/drc_buf_sp284297
inst:register_read/drc_buf_sp284298
inst:register_read/drc_buf_sp284299
inst:register_read/drc_buf_sp284345
inst:register_read/drc_buf_sp284346
inst:register_read/drc_buf_sp284347
inst:register_read/drc_buf_sp284348
inst:register_read/drc_buf_sp284394
inst:register_read/drc_buf_sp284395
inst:register_read/drc_buf_sp284396
inst:register_read/drc_buf_sp284397
inst:register_read/drc_buf_sp284443
inst:register_read/drc_buf_sp284444
inst:register_read/drc_buf_sp284445
inst:register_read/drc_buf_sp284446
inst:register_read/drc_buf_sp284460
inst:register_read/drc_buf_sp284461
inst:register_read/drc_buf_sp284485
inst:register_read/drc_buf_sp284486
inst:register_read/drc_buf_sp284510
inst:register_read/drc_buf_sp284511
inst:register_read/drc_buf_sp284535
inst:register_read/drc_buf_sp284536
inst:register_read/drc_buf_sp284560
inst:register_read/drc_buf_sp284561
inst:register_read/drc_buf_sp284585
inst:register_read/drc_buf_sp284586
inst:register_read/drc_buf_sp284610
inst:register_read/drc_buf_sp284611
inst:register_read/drc_buf_sp284635
inst:register_read/drc_buf_sp284636
inst:register_read/drc_buf_sp284660
inst:register_read/drc_buf_sp284661
inst:register_read/drc_buf_sp284685
inst:register_read/drc_buf_sp284686
inst:register_read/drc_buf_sp284710
inst:register_read/drc_buf_sp284711
inst:register_read/drc_buf_sp284735
inst:register_read/drc_buf_sp284736
inst:register_read/drc_buf_sp284760
inst:register_read/drc_buf_sp284761
inst:register_read/drc_buf_sp284785
inst:register_read/drc_buf_sp284786
inst:register_read/drc_buf_sp284810
inst:register_read/drc_buf_sp284811
inst:register_read/drc_buf_sp284835
inst:register_read/drc_buf_sp284836
inst:register_read/drc_buf_sp284860
inst:register_read/drc_buf_sp284861
inst:register_read/drc_buf_sp284885
inst:register_read/drc_buf_sp284887
inst:register_read/drc_buf_sp284910
inst:register_read/drc_buf_sp284911
inst:register_read/drc_buf_sp284935
inst:register_read/drc_buf_sp284936
inst:register_read/drc_buf_sp284960
inst:register_read/drc_buf_sp284961
inst:register_read/drc_buf_sp284985
inst:register_read/drc_buf_sp284987
inst:register_read/drc_buf_sp285010
inst:register_read/drc_buf_sp285011
inst:register_read/drc_buf_sp285035
inst:register_read/drc_buf_sp285036
inst:register_read/drc_buf_sp285060
inst:register_read/drc_buf_sp285061
inst:register_read/drc_buf_sp285085
inst:register_read/drc_buf_sp285086
inst:register_read/drc_buf_sp285110
inst:register_read/drc_buf_sp285111
inst:register_read/drc_buf_sp285135
inst:register_read/drc_buf_sp285136
inst:register_read/drc_buf_sp285160
inst:register_read/drc_buf_sp285161
inst:register_read/drc_buf_sp285185
inst:register_read/drc_buf_sp285186
inst:register_read/drc_buf_sp285210
inst:register_read/drc_buf_sp285211
inst:register_read/drc_buf_sp285235
inst:register_read/drc_buf_sp285236
inst:register_read/drc_buf_sp285260
inst:register_read/drc_buf_sp285261
inst:register_read/drc_buf_sp285285
inst:register_read/drc_buf_sp285286
inst:register_read/drc_buf_sp285310
inst:register_read/drc_buf_sp285311
inst:register_read/drc_buf_sp285335
inst:register_read/drc_buf_sp285336
inst:register_read/drc_buf_sp285360
inst:register_read/drc_buf_sp285361
inst:register_read/drc_buf_sp285385
inst:register_read/drc_buf_sp285386
inst:register_read/drc_buf_sp285410
inst:register_read/drc_buf_sp285411
inst:register_read/drc_buf_sp285435
inst:register_read/drc_buf_sp285436
inst:register_read/drc_buf_sp285460
inst:register_read/drc_buf_sp285461
inst:register_read/drc_buf_sp285485
inst:register_read/drc_buf_sp285486
inst:register_read/drc_buf_sp285510
inst:register_read/drc_buf_sp285511
inst:register_read/drc_buf_sp285535
inst:register_read/drc_buf_sp285536
inst:register_read/drc_buf_sp285560
inst:register_read/drc_buf_sp285561
inst:register_read/drc_buf_sp285585
inst:register_read/drc_buf_sp285587
inst:register_read/drc_buf_sp285610
inst:register_read/drc_buf_sp285611
inst:register_read/drc_buf_sp285635
inst:register_read/drc_buf_sp285636
inst:register_read/drc_buf_sp285660
inst:register_read/drc_buf_sp285661
inst:register_read/drc_buf_sp285685
inst:register_read/drc_buf_sp285686
inst:register_read/drc_buf_sp285710
inst:register_read/drc_buf_sp285711
inst:register_read/drc_buf_sp285735
inst:register_read/drc_buf_sp285736
inst:register_read/drc_buf_sp285760
inst:register_read/drc_buf_sp285761
inst:register_read/drc_buf_sp285785
inst:register_read/drc_buf_sp285786
inst:register_read/drc_buf_sp285810
inst:register_read/drc_buf_sp285811
inst:register_read/drc_buf_sp285835
inst:register_read/drc_buf_sp285836
inst:register_read/drc_buf_sp285860
inst:register_read/drc_buf_sp285861
inst:register_read/drc_buf_sp285885
inst:register_read/drc_buf_sp285886
inst:register_read/drc_buf_sp285910
inst:register_read/drc_buf_sp285912
inst:register_read/drc_buf_sp285935
inst:register_read/drc_buf_sp285937
inst:register_read/drc_buf_sp285960
inst:register_read/drc_buf_sp285961
inst:register_read/drc_buf_sp285985
inst:register_read/drc_buf_sp285986
inst:register_read/drc_buf_sp286010
inst:register_read/drc_buf_sp286011
inst:register_read/drc_buf_sp286035
inst:register_read/drc_buf_sp286036
inst:register_read/drc_buf_sp286060
inst:register_read/drc_buf_sp286061
inst:register_read/drc_buf_sp286085
inst:register_read/drc_buf_sp286086
inst:register_read/drc_buf_sp286110
inst:register_read/drc_buf_sp286111
inst:register_read/drc_buf_sp286135
inst:register_read/drc_buf_sp286136
inst:register_read/drc_buf_sp286160
inst:register_read/drc_buf_sp286161
inst:register_read/drc_buf_sp286185
inst:register_read/drc_buf_sp286186
inst:register_read/drc_buf_sp286210
inst:register_read/drc_buf_sp286211
inst:register_read/drc_buf_sp286235
inst:register_read/drc_buf_sp286236
inst:register_read/drc_buf_sp286260
inst:register_read/drc_buf_sp286261
inst:register_read/drc_buf_sp286285
inst:register_read/drc_buf_sp286286
inst:register_read/drc_buf_sp286310
inst:register_read/drc_buf_sp286311
inst:register_read/drc_buf_sp286335
inst:register_read/drc_buf_sp286336
inst:register_read/drc_buf_sp286360
inst:register_read/drc_buf_sp286361
inst:register_read/drc_buf_sp286385
inst:register_read/drc_buf_sp286386
inst:register_read/drc_buf_sp286410
inst:register_read/drc_buf_sp286411
inst:register_read/drc_buf_sp286435
inst:register_read/drc_buf_sp286436
inst:register_read/drc_buf_sp286460
inst:register_read/drc_buf_sp286461
inst:register_read/drc_buf_sp286485
inst:register_read/drc_buf_sp286486
inst:register_read/drc_buf_sp286510
inst:register_read/drc_buf_sp286511
inst:register_read/drc_buf_sp286535
inst:register_read/drc_buf_sp286536
inst:register_read/drc_buf_sp286560
inst:register_read/drc_buf_sp286561
inst:register_read/drc_buf_sp286585
inst:register_read/drc_buf_sp286586
inst:register_read/drc_buf_sp286610
inst:register_read/drc_buf_sp286611
inst:register_read/drc_buf_sp286635
inst:register_read/drc_buf_sp286636
inst:register_read/drc_buf_sp286660
inst:register_read/drc_buf_sp286661
inst:register_read/drc_buf_sp286685
inst:register_read/drc_buf_sp286686
inst:register_read/drc_buf_sp286710
inst:register_read/drc_buf_sp286711
inst:register_read/drc_buf_sp286735
inst:register_read/drc_buf_sp286736
inst:register_read/drc_buf_sp286760
inst:register_read/drc_buf_sp286761
inst:register_read/drc_buf_sp286785
inst:register_read/drc_buf_sp286787
inst:register_read/drc_buf_sp286810
inst:register_read/drc_buf_sp286811
inst:register_read/drc_buf_sp286835
inst:register_read/drc_buf_sp286836
inst:register_read/drc_buf_sp286860
inst:register_read/drc_buf_sp286861
inst:register_read/drc_buf_sp286885
inst:register_read/drc_buf_sp286886
inst:register_read/drc_buf_sp286910
inst:register_read/drc_buf_sp286911
inst:register_read/drc_buf_sp286935
inst:register_read/drc_buf_sp286936
inst:register_read/drc_buf_sp286960
inst:register_read/drc_buf_sp286961
inst:register_read/drc_buf_sp286985
inst:register_read/drc_buf_sp286986
inst:register_read/drc_buf_sp287010
inst:register_read/drc_buf_sp287011
inst:register_read/drc_buf_sp287035
inst:register_read/drc_buf_sp287036
inst:register_read/drc_buf_sp287060
inst:register_read/drc_buf_sp287061
inst:register_read/drc_buf_sp287085
inst:register_read/drc_buf_sp287086
inst:register_read/drc_buf_sp287110
inst:register_read/drc_buf_sp287111
inst:register_read/drc_buf_sp287135
inst:register_read/drc_buf_sp287136
inst:register_read/drc_buf_sp287160
inst:register_read/drc_buf_sp287161
inst:register_read/drc_buf_sp287185
inst:register_read/drc_buf_sp287186
inst:register_read/drc_buf_sp287210
inst:register_read/drc_buf_sp287211
inst:register_read/drc_buf_sp287235
inst:register_read/drc_buf_sp287236
inst:register_read/drc_buf_sp287260
inst:register_read/drc_buf_sp287261
inst:register_read/drc_buf_sp287285
inst:register_read/drc_buf_sp287286
inst:register_read/drc_buf_sp287310
inst:register_read/drc_buf_sp287311
inst:register_read/drc_buf_sp287335
inst:register_read/drc_buf_sp287336
inst:register_read/drc_buf_sp287360
inst:register_read/drc_buf_sp287361
inst:register_read/drc_buf_sp287385
inst:register_read/drc_buf_sp287387
inst:register_read/drc_buf_sp287410
inst:register_read/drc_buf_sp287411
inst:register_read/drc_buf_sp287435
inst:register_read/drc_buf_sp287436
inst:register_read/drc_buf_sp287460
inst:register_read/drc_buf_sp287461
inst:register_read/drc_buf_sp287485
inst:register_read/drc_buf_sp287486
inst:register_read/drc_buf_sp287510
inst:register_read/drc_buf_sp287511
inst:register_read/drc_buf_sp287535
inst:register_read/drc_buf_sp287536
inst:register_read/drc_buf_sp287560
inst:register_read/drc_buf_sp287561
inst:register_read/drc_buf_sp287585
inst:register_read/drc_buf_sp287586
inst:register_read/drc_buf_sp287610
inst:register_read/drc_buf_sp287611
inst:register_read/drc_buf_sp287635
inst:register_read/drc_buf_sp287636
inst:register_read/drc_buf_sp287660
inst:register_read/drc_buf_sp287661
inst:register_read/drc_buf_sp287685
inst:register_read/drc_buf_sp287686
inst:register_read/drc_buf_sp287710
inst:register_read/drc_buf_sp287711
inst:register_read/drc_buf_sp287735
inst:register_read/drc_buf_sp287736
inst:register_read/drc_buf_sp287760
inst:register_read/drc_buf_sp287761
inst:register_read/drc_buf_sp287785
inst:register_read/drc_buf_sp287787
inst:register_read/drc_buf_sp287810
inst:register_read/drc_buf_sp287811
inst:register_read/drc_buf_sp287835
inst:register_read/drc_buf_sp287836
inst:register_read/drc_buf_sp287860
inst:register_read/drc_buf_sp287861
inst:register_read/drc_buf_sp287885
inst:register_read/drc_buf_sp287886
inst:register_read/drc_buf_sp287910
inst:register_read/drc_buf_sp287911
inst:register_read/drc_buf_sp287935
inst:register_read/drc_buf_sp287936
inst:register_read/drc_buf_sp287960
inst:register_read/drc_buf_sp287961
inst:register_read/drc_buf_sp287985
inst:register_read/drc_buf_sp287986
inst:register_read/drc_buf_sp288010
inst:register_read/drc_buf_sp288011
inst:register_read/drc_buf_sp288035
inst:register_read/drc_buf_sp288036
inst:register_read/drc_buf_sp288060
inst:register_read/drc_buf_sp288062
inst:register_read/drc_buf_sp288085
inst:register_read/drc_buf_sp288086
inst:register_read/drc_buf_sp288110
inst:register_read/drc_buf_sp288111
inst:register_read/drc_buf_sp288135
inst:register_read/drc_buf_sp288136
inst:register_read/drc_buf_sp288160
inst:register_read/drc_buf_sp288161
inst:register_read/drc_buf_sp288185
inst:register_read/drc_buf_sp288186
inst:register_read/drc_buf_sp288210
inst:register_read/drc_buf_sp288211
inst:register_read/drc_buf_sp288235
inst:register_read/drc_buf_sp288236
inst:register_read/drc_buf_sp288260
inst:register_read/drc_buf_sp288261
inst:register_read/drc_buf_sp288285
inst:register_read/drc_buf_sp288286
inst:register_read/drc_buf_sp288310
inst:register_read/drc_buf_sp288311
inst:register_read/drc_buf_sp288335
inst:register_read/drc_buf_sp288336
inst:register_read/drc_buf_sp288360
inst:register_read/drc_buf_sp288361
inst:register_read/drc_buf_sp288385
inst:register_read/drc_buf_sp288386
inst:register_read/drc_buf_sp288410
inst:register_read/drc_buf_sp288411
inst:register_read/drc_buf_sp288435
inst:register_read/drc_buf_sp288436
inst:register_read/drc_buf_sp288460
inst:register_read/drc_buf_sp288461
inst:register_read/drc_buf_sp288485
inst:register_read/drc_buf_sp288486
inst:register_read/drc_buf_sp288510
inst:register_read/drc_buf_sp288511
inst:register_read/drc_buf_sp288535
inst:register_read/drc_buf_sp288536
inst:register_read/drc_buf_sp288560
inst:register_read/drc_buf_sp288562
inst:register_read/drc_buf_sp288585
inst:register_read/drc_buf_sp288587
inst:register_read/drc_buf_sp288610
inst:register_read/drc_buf_sp288611
inst:register_read/drc_buf_sp288635
inst:register_read/drc_buf_sp288636
inst:register_read/drc_buf_sp288660
inst:register_read/drc_buf_sp288661
inst:register_read/drc_buf_sp288685
inst:register_read/drc_buf_sp288686
inst:register_read/drc_buf_sp288710
inst:register_read/drc_buf_sp288711
inst:register_read/drc_buf_sp288735
inst:register_read/drc_buf_sp288736
inst:register_read/drc_buf_sp288760
inst:register_read/drc_buf_sp288761
inst:register_read/drc_buf_sp288785
inst:register_read/drc_buf_sp288786
inst:register_read/drc_buf_sp288810
inst:register_read/drc_buf_sp288811
inst:register_read/drc_buf_sp288835
inst:register_read/drc_buf_sp288836
inst:register_read/drc_buf_sp288860
inst:register_read/drc_buf_sp288861
inst:register_read/drc_buf_sp288885
inst:register_read/drc_buf_sp288886
inst:register_read/drc_buf_sp288910
inst:register_read/drc_buf_sp288911
inst:register_read/drc_buf_sp288935
inst:register_read/drc_buf_sp288936
inst:register_read/drc_buf_sp288960
inst:register_read/drc_buf_sp288961
inst:register_read/drc_buf_sp288985
inst:register_read/drc_buf_sp288986
inst:register_read/drc_buf_sp289010
inst:register_read/drc_buf_sp289011
inst:register_read/drc_buf_sp289035
inst:register_read/drc_buf_sp289036
inst:register_read/drc_buf_sp289060
inst:register_read/drc_buf_sp289061
inst:register_read/drc_buf_sp289085
inst:register_read/drc_buf_sp289086
inst:register_read/drc_buf_sp289110
inst:register_read/drc_buf_sp289112
inst:register_read/drc_buf_sp289135
inst:register_read/drc_buf_sp289136
inst:register_read/drc_buf_sp289160
inst:register_read/drc_buf_sp289161
inst:register_read/drc_buf_sp289185
inst:register_read/drc_buf_sp289186
inst:register_read/drc_buf_sp289210
inst:register_read/drc_buf_sp289211
inst:register_read/drc_buf_sp289235
inst:register_read/drc_buf_sp289236
inst:register_read/drc_buf_sp289260
inst:register_read/drc_buf_sp289261
inst:register_read/drc_buf_sp289285
inst:register_read/drc_buf_sp289286
inst:register_read/drc_buf_sp289310
inst:register_read/drc_buf_sp289311
inst:register_read/drc_buf_sp289335
inst:register_read/drc_buf_sp289336
inst:register_read/drc_buf_sp289360
inst:register_read/drc_buf_sp289361
inst:register_read/drc_buf_sp289385
inst:register_read/drc_buf_sp289386
inst:register_read/drc_buf_sp289410
inst:register_read/drc_buf_sp289411
inst:register_read/drc_buf_sp289435
inst:register_read/drc_buf_sp289436
inst:register_read/drc_buf_sp289460
inst:register_read/drc_buf_sp289461
inst:register_read/drc_buf_sp289485
inst:register_read/drc_buf_sp289486
inst:register_read/drc_buf_sp289510
inst:register_read/drc_buf_sp289511
inst:register_read/drc_buf_sp289535
inst:register_read/drc_buf_sp289536
inst:register_read/drc_buf_sp289560
inst:register_read/drc_buf_sp289562
inst:register_read/drc_buf_sp289585
inst:register_read/drc_buf_sp289586
inst:register_read/drc_buf_sp289610
inst:register_read/drc_buf_sp289611
inst:register_read/drc_buf_sp289635
inst:register_read/drc_buf_sp289636
inst:register_read/drc_buf_sp289660
inst:register_read/drc_buf_sp289661
inst:register_read/drc_buf_sp289685
inst:register_read/drc_buf_sp289686
inst:register_read/drc_buf_sp289710
inst:register_read/drc_buf_sp289711
inst:register_read/drc_buf_sp289735
inst:register_read/drc_buf_sp289736
inst:register_read/drc_buf_sp289760
inst:register_read/drc_buf_sp289761
inst:register_read/drc_buf_sp289785
inst:register_read/drc_buf_sp289786
inst:register_read/drc_buf_sp289810
inst:register_read/drc_buf_sp289811
inst:register_read/drc_buf_sp289835
inst:register_read/drc_buf_sp289836
inst:register_read/drc_buf_sp289860
inst:register_read/drc_buf_sp289861
inst:register_read/drc_buf_sp289885
inst:register_read/drc_buf_sp289886
inst:register_read/drc_buf_sp289910
inst:register_read/drc_buf_sp289911
inst:register_read/drc_buf_sp289935
inst:register_read/drc_buf_sp289936
inst:register_read/drc_buf_sp289960
inst:register_read/drc_buf_sp289961
inst:register_read/drc_buf_sp289985
inst:register_read/drc_buf_sp289986
inst:register_read/drc_buf_sp290010
inst:register_read/drc_buf_sp290011
inst:register_read/drc_buf_sp290035
inst:register_read/drc_buf_sp290036
inst:register_read/drc_buf_sp290060
inst:register_read/drc_buf_sp290061
inst:register_read/drc_buf_sp290085
inst:register_read/drc_buf_sp290086
inst:register_read/drc_buf_sp290110
inst:register_read/drc_buf_sp290111
inst:register_read/drc_buf_sp290135
inst:register_read/drc_buf_sp290136
inst:register_read/drc_buf_sp290160
inst:register_read/drc_buf_sp290161
inst:register_read/drc_buf_sp290185
inst:register_read/drc_buf_sp290186
inst:register_read/drc_buf_sp290210
inst:register_read/drc_buf_sp290211
inst:register_read/drc_buf_sp290235
inst:register_read/drc_buf_sp290236
inst:register_read/drc_buf_sp290260
inst:register_read/drc_buf_sp290261
inst:register_read/drc_buf_sp290285
inst:register_read/drc_buf_sp290286
inst:register_read/drc_buf_sp290310
inst:register_read/drc_buf_sp290311
inst:register_read/drc_buf_sp290335
inst:register_read/drc_buf_sp290336
inst:register_read/drc_buf_sp290360
inst:register_read/drc_buf_sp290361
inst:register_read/drc_buf_sp290385
inst:register_read/drc_buf_sp290386
inst:register_read/drc_buf_sp290410
inst:register_read/drc_buf_sp290411
inst:register_read/drc_buf_sp290435
inst:register_read/drc_buf_sp290436
inst:register_read/drc_buf_sp290460
inst:register_read/drc_buf_sp290461
inst:register_read/drc_buf_sp290485
inst:register_read/drc_buf_sp290486
inst:register_read/drc_buf_sp290510
inst:register_read/drc_buf_sp290511
inst:register_read/drc_buf_sp290535
inst:register_read/drc_buf_sp290536
inst:register_read/drc_buf_sp290560
inst:register_read/drc_buf_sp290561
inst:register_read/drc_buf_sp290585
inst:register_read/drc_buf_sp290586
inst:register_read/drc_buf_sp290610
inst:register_read/drc_buf_sp290611
inst:register_read/drc_buf_sp290635
inst:register_read/drc_buf_sp290636
inst:register_read/drc_buf_sp290660
inst:register_read/drc_buf_sp290661
inst:register_read/drc_buf_sp290685
inst:register_read/drc_buf_sp290686
inst:register_read/drc_buf_sp290710
inst:register_read/drc_buf_sp290711
inst:register_read/drc_buf_sp290735
inst:register_read/drc_buf_sp290736
inst:register_read/drc_buf_sp290760
inst:register_read/drc_buf_sp290761
inst:register_read/drc_buf_sp290785
inst:register_read/drc_buf_sp290786
inst:register_read/drc_buf_sp290810
inst:register_read/drc_buf_sp290811
inst:register_read/drc_buf_sp290835
inst:register_read/drc_buf_sp290836
inst:register_read/drc_buf_sp290860
inst:register_read/drc_buf_sp290861
inst:register_read/drc_buf_sp290885
inst:register_read/drc_buf_sp290886
inst:register_read/drc_buf_sp290910
inst:register_read/drc_buf_sp290911
inst:register_read/drc_buf_sp290935
inst:register_read/drc_buf_sp290936
inst:register_read/drc_buf_sp290960
inst:register_read/drc_buf_sp290961
inst:register_read/drc_buf_sp290985
inst:register_read/drc_buf_sp290986
inst:register_read/drc_buf_sp291010
inst:register_read/drc_buf_sp291011
inst:register_read/drc_buf_sp291035
inst:register_read/drc_buf_sp291036
inst:register_read/drc_buf_sp291060
inst:register_read/drc_buf_sp291062
inst:register_read/drc_buf_sp291085
inst:register_read/drc_buf_sp291086
inst:register_read/drc_buf_sp291110
inst:register_read/drc_buf_sp291111
inst:register_read/drc_buf_sp291135
inst:register_read/drc_buf_sp291136
inst:register_read/drc_buf_sp291160
inst:register_read/drc_buf_sp291161
inst:register_read/drc_buf_sp291185
inst:register_read/drc_buf_sp291186
inst:register_read/drc_buf_sp291210
inst:register_read/drc_buf_sp291211
inst:register_read/drc_buf_sp291235
inst:register_read/drc_buf_sp291236
inst:register_read/drc_buf_sp291260
inst:register_read/drc_buf_sp291261
inst:register_read/drc_buf_sp291285
inst:register_read/drc_buf_sp291286
inst:register_read/drc_buf_sp291310
inst:register_read/drc_buf_sp291311
inst:register_read/drc_buf_sp291335
inst:register_read/drc_buf_sp291336
inst:register_read/drc_buf_sp291360
inst:register_read/drc_buf_sp291361
inst:register_read/drc_buf_sp291385
inst:register_read/drc_buf_sp291386
inst:register_read/drc_buf_sp291410
inst:register_read/drc_buf_sp291411
inst:register_read/drc_buf_sp291435
inst:register_read/drc_buf_sp291436
inst:register_read/drc_buf_sp291460
inst:register_read/drc_buf_sp291461
inst:register_read/drc_buf_sp291485
inst:register_read/drc_buf_sp291486
inst:register_read/drc_buf_sp291510
inst:register_read/drc_buf_sp291511
inst:register_read/drc_buf_sp291535
inst:register_read/drc_buf_sp291537
inst:register_read/drc_buf_sp291560
inst:register_read/drc_buf_sp291561
inst:register_read/drc_buf_sp291585
inst:register_read/drc_buf_sp291586
inst:register_read/drc_buf_sp291610
inst:register_read/drc_buf_sp291611
inst:register_read/drc_buf_sp291635
inst:register_read/drc_buf_sp291636
inst:register_read/drc_buf_sp291660
inst:register_read/drc_buf_sp291661
inst:register_read/drc_buf_sp291685
inst:register_read/drc_buf_sp291686
inst:register_read/drc_buf_sp291710
inst:register_read/drc_buf_sp291711
inst:register_read/drc_buf_sp291736
inst:register_read/drc_buf_sp291737
inst:register_read/drc_buf_sp291760
inst:register_read/drc_buf_sp291761
inst:register_read/drc_buf_sp291785
inst:register_read/drc_buf_sp291786
inst:register_read/drc_buf_sp291810
inst:register_read/drc_buf_sp291811
inst:register_read/drc_buf_sp291835
inst:register_read/drc_buf_sp291836
inst:register_read/drc_buf_sp291860
inst:register_read/drc_buf_sp291861
inst:register_read/drc_buf_sp291885
inst:register_read/drc_buf_sp291887
inst:register_read/drc_buf_sp291910
inst:register_read/drc_buf_sp291912
inst:register_read/drc_buf_sp291935
inst:register_read/drc_buf_sp291936
inst:register_read/drc_buf_sp291960
inst:register_read/drc_buf_sp291961
inst:register_read/drc_buf_sp291985
inst:register_read/drc_buf_sp291986
inst:register_read/drc_buf_sp292010
inst:register_read/drc_buf_sp292011
inst:register_read/drc_buf_sp292035
inst:register_read/drc_buf_sp292036
inst:register_read/drc_buf_sp292060
inst:register_read/drc_buf_sp292061
inst:register_read/drc_buf_sp292085
inst:register_read/drc_buf_sp292086
inst:register_read/drc_buf_sp292110
inst:register_read/drc_buf_sp292112
inst:register_read/drc_buf_sp292135
inst:register_read/drc_buf_sp292136
inst:register_read/drc_buf_sp292160
inst:register_read/drc_buf_sp292161
inst:register_read/drc_buf_sp292185
inst:register_read/drc_buf_sp292186
inst:register_read/drc_buf_sp292210
inst:register_read/drc_buf_sp292211
inst:register_read/drc_buf_sp292235
inst:register_read/drc_buf_sp292236
inst:register_read/drc_buf_sp292260
inst:register_read/drc_buf_sp292261
inst:register_read/drc_buf_sp292285
inst:register_read/drc_buf_sp292286
inst:register_read/drc_buf_sp292310
inst:register_read/drc_buf_sp292311
inst:register_read/drc_buf_sp292335
inst:register_read/drc_buf_sp292336
inst:register_read/drc_buf_sp292360
inst:register_read/drc_buf_sp292361
inst:register_read/drc_buf_sp292385
inst:register_read/drc_buf_sp292386
inst:register_read/drc_buf_sp292410
inst:register_read/drc_buf_sp292411
inst:register_read/drc_buf_sp292435
inst:register_read/drc_buf_sp292436
inst:register_read/drc_buf_sp292460
inst:register_read/drc_buf_sp292461
inst:register_read/drc_buf_sp292485
inst:register_read/drc_buf_sp292486
inst:register_read/drc_buf_sp292510
inst:register_read/drc_buf_sp292511
inst:register_read/drc_buf_sp292535
inst:register_read/drc_buf_sp292536
inst:register_read/drc_buf_sp292560
inst:register_read/drc_buf_sp292561
inst:register_read/drc_buf_sp292595
inst:register_read/drc_buf_sp292596
inst:register_read/drc_buf_sp292620
inst:register_read/drc_buf_sp292621
inst:register_read/drc_buf_sp292645
inst:register_read/drc_buf_sp292646
inst:register_read/drc_buf_sp292670
inst:register_read/drc_buf_sp292671
inst:register_read/drc_buf_sp292695
inst:register_read/drc_buf_sp292696
inst:register_read/drc_buf_sp292720
inst:register_read/drc_buf_sp292721
inst:register_read/drc_buf_sp292745
inst:register_read/drc_buf_sp292746
inst:register_read/drc_buf_sp292770
inst:register_read/drc_buf_sp292771
inst:register_read/drc_buf_sp292795
inst:register_read/drc_buf_sp292796
inst:register_read/drc_buf_sp292820
inst:register_read/drc_buf_sp292821
inst:register_read/drc_buf_sp292845
inst:register_read/drc_buf_sp292846
inst:register_read/drc_buf_sp292870
inst:register_read/drc_buf_sp292871
inst:register_read/drc_buf_sp292895
inst:register_read/drc_buf_sp292896
inst:register_read/drc_buf_sp292920
inst:register_read/drc_buf_sp292921
inst:register_read/drc_buf_sp292945
inst:register_read/drc_buf_sp292946
inst:register_read/drc_buf_sp292970
inst:register_read/drc_buf_sp292971
inst:register_read/drc_buf_sp292995
inst:register_read/drc_buf_sp292996
inst:register_read/drc_buf_sp293020
inst:register_read/drc_buf_sp293021
inst:register_read/drc_buf_sp293045
inst:register_read/drc_buf_sp293046
inst:register_read/drc_buf_sp293070
inst:register_read/drc_buf_sp293071
inst:register_read/drc_buf_sp293095
inst:register_read/drc_buf_sp293096
inst:register_read/drc_buf_sp293120
inst:register_read/drc_buf_sp293121
inst:register_read/drc_buf_sp293145
inst:register_read/drc_buf_sp293146
inst:register_read/drc_buf_sp293170
inst:register_read/drc_buf_sp293171
inst:register_read/drc_buf_sp293195
inst:register_read/drc_buf_sp293196
inst:register_read/drc_buf_sp293220
inst:register_read/drc_buf_sp293221
inst:register_read/drc_buf_sp293245
inst:register_read/drc_buf_sp293246
inst:register_read/drc_buf_sp293270
inst:register_read/drc_buf_sp293271
inst:register_read/drc_buf_sp293295
inst:register_read/drc_buf_sp293296
inst:register_read/drc_buf_sp293320
inst:register_read/drc_buf_sp293321
inst:register_read/drc_buf_sp293345
inst:register_read/drc_buf_sp293346
inst:register_read/drc_buf_sp293370
inst:register_read/drc_buf_sp293371
inst:register_read/drc_buf_sp293395
inst:register_read/drc_buf_sp293396
inst:register_read/drc_buf_sp293420
inst:register_read/drc_buf_sp293421
inst:register_read/drc_buf_sp293445
inst:register_read/drc_buf_sp293446
inst:register_read/drc_buf_sp293470
inst:register_read/drc_buf_sp293471
inst:register_read/drc_buf_sp293495
inst:register_read/drc_buf_sp293496
inst:register_read/drc_buf_sp293520
inst:register_read/drc_buf_sp293521
inst:register_read/drc_buf_sp293545
inst:register_read/drc_buf_sp293546
inst:register_read/drc_buf_sp293570
inst:register_read/drc_buf_sp293571
inst:register_read/drc_buf_sp293595
inst:register_read/drc_buf_sp293596
inst:register_read/drc_buf_sp293620
inst:register_read/drc_buf_sp293621
inst:register_read/drc_buf_sp293645
inst:register_read/drc_buf_sp293646
inst:register_read/drc_buf_sp293670
inst:register_read/drc_buf_sp293671
inst:register_read/drc_buf_sp293695
inst:register_read/drc_buf_sp293696
inst:register_read/drc_buf_sp293720
inst:register_read/drc_buf_sp293721
inst:register_read/drc_buf_sp293745
inst:register_read/drc_buf_sp293746
inst:register_read/drc_buf_sp293770
inst:register_read/drc_buf_sp293771
inst:register_read/drc_buf_sp293795
inst:register_read/drc_buf_sp293796
inst:register_read/drc_buf_sp293820
inst:register_read/drc_buf_sp293821
inst:register_read/drc_buf_sp293845
inst:register_read/drc_buf_sp293846
inst:register_read/drc_buf_sp293870
inst:register_read/drc_buf_sp293871
inst:register_read/drc_buf_sp293895
inst:register_read/drc_buf_sp293896
inst:register_read/drc_buf_sp293920
inst:register_read/drc_buf_sp293921
inst:register_read/drc_buf_sp293945
inst:register_read/drc_buf_sp293946
inst:register_read/drc_buf_sp293970
inst:register_read/drc_buf_sp293971
inst:register_read/drc_buf_sp293995
inst:register_read/drc_buf_sp293996
inst:register_read/drc_buf_sp294020
inst:register_read/drc_buf_sp294021
inst:register_read/drc_buf_sp294045
inst:register_read/drc_buf_sp294046
inst:register_read/drc_buf_sp294070
inst:register_read/drc_buf_sp294071
inst:register_read/drc_buf_sp294095
inst:register_read/drc_buf_sp294096
inst:register_read/drc_buf_sp294120
inst:register_read/drc_buf_sp294121
inst:register_read/drc_buf_sp294145
inst:register_read/drc_buf_sp294146
inst:register_read/drc_buf_sp294170
inst:register_read/drc_buf_sp294171
inst:register_read/drc_buf_sp294195
inst:register_read/drc_buf_sp294196
inst:register_read/drc_buf_sp294220
inst:register_read/drc_buf_sp294221
inst:register_read/drc_buf_sp294245
inst:register_read/drc_buf_sp294246
inst:register_read/drc_buf_sp294270
inst:register_read/drc_buf_sp294271
inst:register_read/drc_buf_sp294295
inst:register_read/drc_buf_sp294296
inst:register_read/drc_buf_sp294320
inst:register_read/drc_buf_sp294321
inst:register_read/drc_buf_sp294345
inst:register_read/drc_buf_sp294346
inst:register_read/drc_buf_sp294370
inst:register_read/drc_buf_sp294371
inst:register_read/drc_buf_sp294395
inst:register_read/drc_buf_sp294396
inst:register_read/drc_buf_sp294420
inst:register_read/drc_buf_sp294421
inst:register_read/drc_buf_sp294445
inst:register_read/drc_buf_sp294446
inst:register_read/drc_buf_sp294470
inst:register_read/drc_buf_sp294471
inst:register_read/drc_buf_sp294495
inst:register_read/drc_buf_sp294496
inst:register_read/drc_buf_sp294520
inst:register_read/drc_buf_sp294521
inst:register_read/drc_buf_sp294545
inst:register_read/drc_buf_sp294546
inst:register_read/drc_buf_sp294570
inst:register_read/drc_buf_sp294571
inst:register_read/drc_buf_sp294595
inst:register_read/drc_buf_sp294596
inst:register_read/drc_buf_sp294620
inst:register_read/drc_buf_sp294621
inst:register_read/drc_buf_sp294645
inst:register_read/drc_buf_sp294646
inst:register_read/drc_buf_sp294670
inst:register_read/drc_buf_sp294671
inst:register_read/drc_buf_sp294695
inst:register_read/drc_buf_sp294696
inst:register_read/drc_buf_sp294720
inst:register_read/drc_buf_sp294721
inst:register_read/drc_buf_sp294745
inst:register_read/drc_buf_sp294746
inst:register_read/drc_buf_sp294770
inst:register_read/drc_buf_sp294771
inst:register_read/drc_buf_sp294795
inst:register_read/drc_buf_sp294796
inst:register_read/drc_buf_sp294820
inst:register_read/drc_buf_sp294821
inst:register_read/drc_buf_sp294845
inst:register_read/drc_buf_sp294846
inst:register_read/drc_buf_sp294870
inst:register_read/drc_buf_sp294871
inst:register_read/drc_buf_sp294895
inst:register_read/drc_buf_sp294896
inst:register_read/drc_buf_sp294920
inst:register_read/drc_buf_sp294921
inst:register_read/drc_buf_sp294945
inst:register_read/drc_buf_sp294946
inst:register_read/drc_buf_sp294970
inst:register_read/drc_buf_sp294971
inst:register_read/drc_buf_sp294995
inst:register_read/drc_buf_sp294996
inst:register_read/drc_buf_sp295020
inst:register_read/drc_buf_sp295021
inst:register_read/drc_buf_sp295045
inst:register_read/drc_buf_sp295046
inst:register_read/drc_buf_sp295070
inst:register_read/drc_buf_sp295071
inst:register_read/drc_buf_sp295095
inst:register_read/drc_buf_sp295096
inst:register_read/drc_buf_sp295120
inst:register_read/drc_buf_sp295121
inst:register_read/drc_buf_sp295145
inst:register_read/drc_buf_sp295146
inst:register_read/drc_buf_sp295170
inst:register_read/drc_buf_sp295171
inst:register_read/drc_buf_sp295195
inst:register_read/drc_buf_sp295196
inst:register_read/drc_buf_sp295220
inst:register_read/drc_buf_sp295221
inst:register_read/drc_buf_sp295245
inst:register_read/drc_buf_sp295246
inst:register_read/drc_buf_sp295270
inst:register_read/drc_buf_sp295271
inst:register_read/drc_buf_sp295295
inst:register_read/drc_buf_sp295296
inst:register_read/drc_buf_sp295320
inst:register_read/drc_buf_sp295321
inst:register_read/drc_buf_sp295345
inst:register_read/drc_buf_sp295346
inst:register_read/drc_buf_sp295370
inst:register_read/drc_buf_sp295371
inst:register_read/drc_buf_sp295395
inst:register_read/drc_buf_sp295396
inst:register_read/drc_buf_sp295420
inst:register_read/drc_buf_sp295421
inst:register_read/drc_buf_sp295445
inst:register_read/drc_buf_sp295446
inst:register_read/drc_buf_sp295470
inst:register_read/drc_buf_sp295471
inst:register_read/drc_buf_sp295495
inst:register_read/drc_buf_sp295496
inst:register_read/drc_buf_sp295520
inst:register_read/drc_buf_sp295521
inst:register_read/drc_buf_sp295545
inst:register_read/drc_buf_sp295546
inst:register_read/drc_buf_sp295570
inst:register_read/drc_buf_sp295571
inst:register_read/drc_buf_sp295595
inst:register_read/drc_buf_sp295596
inst:register_read/drc_buf_sp295620
inst:register_read/drc_buf_sp295621
inst:register_read/drc_buf_sp295645
inst:register_read/drc_buf_sp295646
inst:register_read/drc_buf_sp295670
inst:register_read/drc_buf_sp295671
inst:register_read/drc_buf_sp295695
inst:register_read/drc_buf_sp295696
inst:register_read/drc_buf_sp295720
inst:register_read/drc_buf_sp295721
inst:register_read/drc_buf_sp295745
inst:register_read/drc_buf_sp295746
inst:register_read/drc_buf_sp295770
inst:register_read/drc_buf_sp295771
inst:register_read/drc_buf_sp295795
inst:register_read/drc_buf_sp295796
inst:register_read/drc_buf_sp295820
inst:register_read/drc_buf_sp295821
inst:register_read/drc_buf_sp295845
inst:register_read/drc_buf_sp295846
inst:register_read/drc_buf_sp295870
inst:register_read/drc_buf_sp295871
inst:register_read/drc_buf_sp295895
inst:register_read/drc_buf_sp295896
inst:register_read/drc_buf_sp295920
inst:register_read/drc_buf_sp295921
inst:register_read/drc_buf_sp295945
inst:register_read/drc_buf_sp295946
inst:register_read/drc_buf_sp295970
inst:register_read/drc_buf_sp295971
inst:register_read/drc_buf_sp295995
inst:register_read/drc_buf_sp295996
inst:register_read/drc_buf_sp296020
inst:register_read/drc_buf_sp296021
inst:register_read/drc_buf_sp296045
inst:register_read/drc_buf_sp296046
inst:register_read/drc_buf_sp296070
inst:register_read/drc_buf_sp296071
inst:register_read/drc_buf_sp296095
inst:register_read/drc_buf_sp296096
inst:register_read/drc_buf_sp296120
inst:register_read/drc_buf_sp296121
inst:register_read/drc_buf_sp296145
inst:register_read/drc_buf_sp296146
inst:register_read/drc_buf_sp296170
inst:register_read/drc_buf_sp296171
inst:register_read/drc_buf_sp296195
inst:register_read/drc_buf_sp296196
inst:register_read/drc_buf_sp296220
inst:register_read/drc_buf_sp296221
inst:register_read/drc_buf_sp296245
inst:register_read/drc_buf_sp296246
inst:register_read/drc_buf_sp296270
inst:register_read/drc_buf_sp296271
inst:register_read/drc_buf_sp296295
inst:register_read/drc_buf_sp296296
inst:register_read/drc_buf_sp296320
inst:register_read/drc_buf_sp296321
inst:register_read/drc_buf_sp296345
inst:register_read/drc_buf_sp296346
inst:register_read/drc_buf_sp296370
inst:register_read/drc_buf_sp296371
inst:register_read/drc_buf_sp296395
inst:register_read/drc_buf_sp296396
inst:register_read/drc_buf_sp296420
inst:register_read/drc_buf_sp296421
inst:register_read/drc_buf_sp296445
inst:register_read/drc_buf_sp296446
inst:register_read/drc_buf_sp296470
inst:register_read/drc_buf_sp296471
inst:register_read/drc_buf_sp296495
inst:register_read/drc_buf_sp296496
inst:register_read/drc_buf_sp296520
inst:register_read/drc_buf_sp296521
inst:register_read/drc_buf_sp296545
inst:register_read/drc_buf_sp296546
inst:register_read/drc_buf_sp296570
inst:register_read/drc_buf_sp296571
inst:register_read/drc_buf_sp296595
inst:register_read/drc_buf_sp296596
inst:register_read/drc_buf_sp296620
inst:register_read/drc_buf_sp296621
inst:register_read/drc_buf_sp296645
inst:register_read/drc_buf_sp296646
inst:register_read/drc_buf_sp296670
inst:register_read/drc_buf_sp296671
inst:register_read/drc_buf_sp296695
inst:register_read/drc_buf_sp296696
inst:register_read/drc_buf_sp296720
inst:register_read/drc_buf_sp296721
inst:register_read/drc_buf_sp296745
inst:register_read/drc_buf_sp296746
inst:register_read/drc_buf_sp296770
inst:register_read/drc_buf_sp296771
inst:register_read/drc_buf_sp296795
inst:register_read/drc_buf_sp296796
inst:register_read/drc_buf_sp296820
inst:register_read/drc_buf_sp296821
inst:register_read/drc_buf_sp296845
inst:register_read/drc_buf_sp296846
inst:register_read/drc_buf_sp296870
inst:register_read/drc_buf_sp296871
inst:register_read/drc_buf_sp296895
inst:register_read/drc_buf_sp296896
inst:register_read/drc_buf_sp296920
inst:register_read/drc_buf_sp296921
inst:register_read/drc_buf_sp296945
inst:register_read/drc_buf_sp296946
inst:register_read/drc_buf_sp296970
inst:register_read/drc_buf_sp296971
inst:register_read/drc_buf_sp296995
inst:register_read/drc_buf_sp296996
inst:register_read/drc_buf_sp297020
inst:register_read/drc_buf_sp297021
inst:register_read/drc_buf_sp297045
inst:register_read/drc_buf_sp297046
inst:register_read/drc_buf_sp297070
inst:register_read/drc_buf_sp297071
inst:register_read/drc_buf_sp297095
inst:register_read/drc_buf_sp297096
inst:register_read/drc_buf_sp297120
inst:register_read/drc_buf_sp297121
inst:register_read/drc_buf_sp297145
inst:register_read/drc_buf_sp297146
inst:register_read/drc_buf_sp297170
inst:register_read/drc_buf_sp297171
inst:register_read/drc_buf_sp297195
inst:register_read/drc_buf_sp297196
inst:register_read/drc_buf_sp297220
inst:register_read/drc_buf_sp297221
inst:register_read/drc_buf_sp297245
inst:register_read/drc_buf_sp297246
inst:register_read/drc_buf_sp297270
inst:register_read/drc_buf_sp297271
inst:register_read/drc_buf_sp297295
inst:register_read/drc_buf_sp297296
inst:register_read/drc_buf_sp297320
inst:register_read/drc_buf_sp297321
inst:register_read/drc_buf_sp297345
inst:register_read/drc_buf_sp297346
inst:register_read/g2
inst:register_read/g297348
inst:register_read/g297349
inst:register_read/g297350
inst:register_read/g297351
inst:register_read/g297352
inst:register_read/g297353
inst:register_read/g297354
inst:register_read/g297355
inst:register_read/g297356
inst:register_read/g297357
inst:register_read/g297358
inst:register_read/g297359
inst:register_read/g297360
inst:register_read/g297361
inst:register_read/g297362
inst:register_read/g297363
inst:register_read/g297364
inst:register_read/g297365
inst:register_read/g297366
inst:register_read/g297367
inst:register_read/g297368
inst:register_read/g297369
inst:register_read/g297370
inst:register_read/g297371
inst:register_read/g297372
inst:register_read/g297373
inst:register_read/g297374
inst:register_read/g297375
inst:register_read/g297376
inst:register_read/g297377
inst:register_read/g297378
inst:register_read/g297379
inst:register_read/g297380
inst:register_read/g3
inst:register_read/g297381
inst:register_read/g297382
inst:register_read/g297383
inst:register_read/g297384
inst:register_read/g297385
inst:register_read/g297386
inst:register_read/g297387
inst:register_read/g297388
inst:register_read/g297389
inst:register_read/g297390
inst:register_read/g297391
inst:register_read/g297392
inst:register_read/g297393
inst:register_read/g297394
inst:register_read/g297395
inst:register_read/g297396
inst:register_read/g297397
inst:register_read/g297398
inst:register_read/g297399
inst:register_read/g297400
inst:register_read/g297401
inst:register_read/g297402
inst:register_read/g297403
inst:register_read/g297404
inst:register_read/g297405
inst:register_read/g297406
inst:register_read/g297407
inst:register_read/g297408
inst:register_read/g297409
inst:register_read/g297410
inst:register_read/g297411
inst:register_read/g297412
inst:register_read/g297413
inst:register_read/g297414
inst:register_read/g297415
inst:register_read/g297416
inst:register_read/g297417
inst:register_read/g297418
inst:register_read/g297419
inst:register_read/g297420
inst:register_read/g297421
inst:register_read/g297422
inst:register_read/g297423
inst:register_read/g297424
inst:register_read/g297425
inst:register_read/g297426
inst:register_read/g297427
inst:register_read/g297428
inst:register_read/g297429
inst:register_read/g297430
inst:register_read/g297431
inst:register_read/g297432
inst:register_read/g297433
inst:register_read/g297434
inst:register_read/g297435
inst:register_read/g297436
inst:register_read/g297437
inst:register_read/g297438
inst:register_read/g297439
inst:register_read/g297440
Total number of logical only instances in design 'register_read' : 14733

design 'register_read' has the following logical only libcells linked to above instance(s)
lib_cell:default_emulate_libset_max/NangateOpenCellLibrary/DFFR_X1
lib_cell:default_emulate_libset_max/NangateOpenCellLibrary/AOI21_X1
lib_cell:default_emulate_libset_max/NangateOpenCellLibrary/NOR2_X1
lib_cell:default_emulate_libset_max/NangateOpenCellLibrary/NOR4_X1
lib_cell:default_emulate_libset_max/NangateOpenCellLibrary/OR4_X1
lib_cell:default_emulate_libset_max/NangateOpenCellLibrary/NAND4_X1
lib_cell:default_emulate_libset_max/NangateOpenCellLibrary/NAND3_X1
lib_cell:default_emulate_libset_max/NangateOpenCellLibrary/AND4_X1
lib_cell:default_emulate_libset_max/NangateOpenCellLibrary/AOI222_X1
lib_cell:default_emulate_libset_max/NangateOpenCellLibrary/AOI22_X1
lib_cell:default_emulate_libset_max/NangateOpenCellLibrary/AND2_X1
lib_cell:default_emulate_libset_max/NangateOpenCellLibrary/OAI211_X1
lib_cell:default_emulate_libset_max/NangateOpenCellLibrary/INV_X1
lib_cell:default_emulate_libset_max/NangateOpenCellLibrary/NAND2_X1
lib_cell:default_emulate_libset_max/NangateOpenCellLibrary/AOI221_X1
lib_cell:default_emulate_libset_max/NangateOpenCellLibrary/AND3_X1
lib_cell:default_emulate_libset_max/NangateOpenCellLibrary/XOR2_X1
lib_cell:default_emulate_libset_max/NangateOpenCellLibrary/XNOR2_X1
lib_cell:default_emulate_libset_max/NangateOpenCellLibrary/NOR2_X2
lib_cell:default_emulate_libset_max/NangateOpenCellLibrary/BUF_X2
lib_cell:default_emulate_libset_max/NangateOpenCellLibrary/BUF_X1
lib_cell:default_emulate_libset_max/NangateOpenCellLibrary/OR2_X1
lib_cell:default_emulate_libset_max/NangateOpenCellLibrary/NOR3_X1
lib_cell:default_emulate_libset_max/NangateOpenCellLibrary/OR3_X1

Libcells with no corresponding LEF
----------------------------------
No libcell(s) found.

LEF cells with no corresponding libcell
---------------------------------------

No physical (LEF) cells found.

 Summary
 ------- 

              Name                       Total
----------------------------------------------
Unresolved References                        0
Empty Modules                                0
Unloaded Port(s)                             7
Unloaded Sequential Pin(s)                   0
Unloaded Combinational Pin(s)                0
Assigns                                      0
Undriven Port(s)                             0
Undriven Leaf Pin(s)                         0
Undriven hierarchical pin(s)                 0
Multidriven Port(s)                          0
Multidriven Leaf Pin(s)                      0
Multidriven hierarchical Pin(s)              0
Multidriven unloaded net(s)                  0
Constant Port(s)                             0
Constant Leaf Pin(s)                         0
Constant hierarchical Pin(s)                 0
Preserved leaf instance(s)                   0
Preserved hierarchical instance(s)           0
Feedthrough Modules(s)                       0
Libcells with no LEF cell                    0
Physical (LEF) cells with no libcell         0
Subdesigns with long module name             0
Physical only instance(s)                    0
Logical only instance(s)                 14733

  Done Checking the design.
